filepath,label,label_id,is_augmented
C:\lab-hackathon\dataset\Hypodontia\(1183).JPG,Hypodontia,5,0
C:\lab-hackathon\dataset\yolo_bbox\images\train\caries_0_4473.jpeg,Caries,0,0
C:\lab-hackathon\dataset\Calculus\(574).jpg,Calculus,1,0
C:\lab-hackathon\dataset\Calculus\(871).jpg,Calculus,1,0
C:\lab-hackathon\dataset\Gingivitis\(2284).jpg,Gingivitis,2,0
C:\lab-hackathon\dataset\yolo_bbox\images\train\40.jpg,Caries,0,0
C:\lab-hackathon\dataset\Gingivitis\(1644).jpg,Gingivitis,2,0
C:\lab-hackathon\dataset\Calculus\(325).jpg,Calculus,1,0
C:\lab-hackathon\dataset\Tooth Discoloration\augmented\Tooth_Discoloration_0_4269.jpeg,Tooth Discoloration,3,1
C:\lab-hackathon\dataset\Gingivitis\(994).jpg,Gingivitis,2,0
C:\lab-hackathon\dataset\yolo_bbox\images\train\237.jpg,Ulcers,4,0
C:\lab-hackathon\dataset\Calculus\(64).jpg,Calculus,1,0
C:\lab-hackathon\dataset\yolo_bbox\images\train\caries_0_481.jpeg,Ulcers,4,0
C:\lab-hackathon\dataset\Gingivitis\(609).jpg,Gingivitis,2,0
C:\lab-hackathon\dataset\Caries\augmented\caries_0_7652.jpeg,Caries,0,1
C:\lab-hackathon\dataset\Gingivitis\(717).jpg,Gingivitis,2,0
C:\lab-hackathon\dataset\Gingivitis\(1139).jpg,Gingivitis,2,0
C:\lab-hackathon\dataset\Caries\original\69.jpg,Caries,0,0
C:\lab-hackathon\dataset\Gingivitis\(2319).jpg,Gingivitis,2,0
C:\lab-hackathon\dataset\yolo_bbox\images\train\540.jpg,Tooth Discoloration,3,0
C:\lab-hackathon\dataset\Tooth Discoloration\augmented\Tooth_Discoloration_0_7531.jpeg,Tooth Discoloration,3,1
C:\lab-hackathon\dataset\Gingivitis\(406).jpg,Gingivitis,2,0
C:\lab-hackathon\dataset\Tooth Discoloration\augmented\Tooth_Discoloration_0_2758.jpeg,Tooth Discoloration,3,1
C:\lab-hackathon\dataset\yolo_bbox\images\train\262.jpg,Ulcers,4,0
C:\lab-hackathon\dataset\Ulcers\augmented\Mouth_Ulcer_0_2239.jpeg,Ulcers,4,1
C:\lab-hackathon\dataset\Ulcers\augmented\Mouth_Ulcer_0_3484.jpeg,Ulcers,4,1
C:\lab-hackathon\dataset\yolo_bbox\images\train\caries_0_3992.jpeg,Caries,0,0
C:\lab-hackathon\dataset\Caries\original\158.jpg,Caries,0,0
C:\lab-hackathon\dataset\yolo_bbox\images\train\caries_0_5021.jpeg,Caries,0,0
C:\lab-hackathon\dataset\Ulcers\augmented\Mouth_Ulcer_0_8704.jpeg,Ulcers,4,1
C:\lab-hackathon\dataset\Hypodontia\(126).jpg,Hypodontia,5,0
C:\lab-hackathon\dataset\Caries\augmented\caries_0_5618.jpeg,Caries,0,1
C:\lab-hackathon\dataset\Gingivitis\(1980).jpg,Gingivitis,2,0
C:\lab-hackathon\dataset\Gingivitis\(1393).jpg,Gingivitis,2,0
C:\lab-hackathon\dataset\yolo_bbox\images\train\caries_0_244.jpeg,Caries,0,0
C:\lab-hackathon\dataset\yolo_bbox\images\train\99.jpg,Caries,0,0
C:\lab-hackathon\dataset\Tooth Discoloration\augmented\Tooth_Discoloration_0_1643.jpeg,Tooth Discoloration,3,1
C:\lab-hackathon\dataset\yolo_bbox\images\train\caries_0_4356.jpeg,Caries,0,0
C:\lab-hackathon\dataset\Ulcers\augmented\Mouth_Ulcer_0_3677.jpeg,Ulcers,4,1
C:\lab-hackathon\dataset\Caries\original\59.jpg,Caries,0,0
C:\lab-hackathon\dataset\Gingivitis\(1330).jpg,Gingivitis,2,0
C:\lab-hackathon\dataset\Calculus\(125).jpg,Calculus,1,0
C:\lab-hackathon\dataset\Gingivitis\(1115).jpg,Gingivitis,2,0
C:\lab-hackathon\dataset\Gingivitis\(723).jpg,Gingivitis,2,0
C:\lab-hackathon\dataset\Gingivitis\(1358).jpg,Gingivitis,2,0
C:\lab-hackathon\dataset\yolo_bbox\images\train\(56).jpg,Gingivitis,2,0
C:\lab-hackathon\dataset\Gingivitis\(1447).jpg,Gingivitis,2,0
C:\lab-hackathon\dataset\Tooth Discoloration\original\166.jpg,Tooth Discoloration,3,0
C:\lab-hackathon\dataset\yolo_bbox\images\train\caries_0_3466.jpeg,Caries,0,0
C:\lab-hackathon\dataset\Calculus\(1162).jpg,Calculus,1,0
C:\lab-hackathon\dataset\yolo_bbox\images\train\(133).jpg,Gingivitis,2,0
C:\lab-hackathon\dataset\Calculus\(21).jpg,Calculus,1,0
C:\lab-hackathon\dataset\Caries\augmented\caries_0_8156.jpeg,Caries,0,1
C:\lab-hackathon\dataset\yolo_bbox\images\train\caries_0_4307.jpeg,Caries,0,0
C:\lab-hackathon\dataset\Tooth Discoloration\augmented\Tooth_Discoloration_0_6560.jpeg,Tooth Discoloration,3,1
C:\lab-hackathon\dataset\yolo_bbox\images\train\347.jpg,Ulcers,4,0
C:\lab-hackathon\dataset\Tooth Discoloration\augmented\Tooth_Discoloration_0_8875.jpeg,Tooth Discoloration,3,1
C:\lab-hackathon\dataset\Gingivitis\(796).jpg,Gingivitis,2,0
C:\lab-hackathon\dataset\Caries\augmented\caries_0_6280.jpeg,Caries,0,1
C:\lab-hackathon\dataset\Calculus\(712).jpg,Calculus,1,0
C:\lab-hackathon\dataset\Calculus\(1049).jpg,Calculus,1,0
C:\lab-hackathon\dataset\Hypodontia\(1036).JPG,Hypodontia,5,0
C:\lab-hackathon\dataset\yolo_bbox\images\train\(107).jpg,Gingivitis,2,0
C:\lab-hackathon\dataset\Tooth Discoloration\augmented\Tooth_Discoloration_0_1330.jpeg,Tooth Discoloration,3,1
C:\lab-hackathon\dataset\Gingivitis\(1812).jpg,Gingivitis,2,0
C:\lab-hackathon\dataset\Tooth Discoloration\augmented\Tooth_Discoloration_0_1404.jpeg,Tooth Discoloration,3,1
C:\lab-hackathon\dataset\yolo_bbox\images\train\caries_0_3484.jpeg,Caries,0,0
C:\lab-hackathon\dataset\Calculus\(399).jpg,Calculus,1,0
C:\lab-hackathon\dataset\Caries\augmented\caries_0_1994.jpeg,Caries,0,1
C:\lab-hackathon\dataset\Caries\augmented\caries_0_3246.jpeg,Caries,0,1
C:\lab-hackathon\dataset\Ulcers\augmented\Mouth_Ulcer_0_8635.jpeg,Ulcers,4,1
C:\lab-hackathon\dataset\Tooth Discoloration\augmented\Tooth_Discoloration_0_7290.jpeg,Tooth Discoloration,3,1
C:\lab-hackathon\dataset\Gingivitis\(2146).jpg,Gingivitis,2,0
C:\lab-hackathon\dataset\Ulcers\augmented\Mouth_Ulcer_0_3390.jpeg,Ulcers,4,1
C:\lab-hackathon\dataset\Calculus\(982).jpg,Calculus,1,0
C:\lab-hackathon\dataset\Caries\augmented\caries_0_7841.jpeg,Caries,0,1
C:\lab-hackathon\dataset\Ulcers\augmented\Mouth_Ulcer_0_2474.jpeg,Ulcers,4,1
C:\lab-hackathon\dataset\yolo_bbox\images\train\caries_0_599.jpeg,Caries,0,0
C:\lab-hackathon\dataset\Gingivitis\(817).jpg,Gingivitis,2,0
C:\lab-hackathon\dataset\Caries\augmented\caries_0_8932.jpeg,Caries,0,1
C:\lab-hackathon\dataset\Ulcers\augmented\Mouth_Ulcer_0_6549.jpeg,Ulcers,4,1
C:\lab-hackathon\dataset\yolo_bbox\images\train\caries_0_4853.jpeg,Caries,0,0
C:\lab-hackathon\dataset\yolo_bbox\images\train\caries_0_4469.jpeg,Caries,0,0
C:\lab-hackathon\dataset\Gingivitis\(1855).jpg,Gingivitis,2,0
C:\lab-hackathon\dataset\Gingivitis\(1233).jpg,Gingivitis,2,0
C:\lab-hackathon\dataset\Calculus\(714).jpg,Calculus,1,0
C:\lab-hackathon\dataset\yolo_bbox\images\train\caries_0_3946.jpeg,Caries,0,0
C:\lab-hackathon\dataset\Calculus\(262).jpg,Calculus,1,0
C:\lab-hackathon\dataset\yolo_bbox\images\train\caries_0_134.jpeg,Caries,0,0
C:\lab-hackathon\dataset\Hypodontia\(1137).JPG,Hypodontia,5,0
C:\lab-hackathon\dataset\Caries\augmented\caries_0_5379.jpeg,Caries,0,1
C:\lab-hackathon\dataset\Ulcers\augmented\Mouth_Ulcer_0_9465.jpeg,Ulcers,4,1
C:\lab-hackathon\dataset\yolo_bbox\images\train\caries_0_111.jpeg,Caries,0,0
C:\lab-hackathon\dataset\Tooth Discoloration\augmented\Tooth_Discoloration_0_453.jpeg,Tooth Discoloration,3,1
C:\lab-hackathon\dataset\Calculus\(6).jpg,Calculus,1,0
C:\lab-hackathon\dataset\Gingivitis\(1809).jpg,Gingivitis,2,0
C:\lab-hackathon\dataset\Tooth Discoloration\augmented\Tooth_Discoloration_0_90.jpeg,Tooth Discoloration,3,1
C:\lab-hackathon\dataset\yolo_bbox\images\train\caries_0_4600.jpeg,Caries,0,0
C:\lab-hackathon\dataset\Tooth Discoloration\augmented\Tooth_Discoloration_0_3449.jpeg,Tooth Discoloration,3,1
C:\lab-hackathon\dataset\Calculus\(20).jpg,Calculus,1,0
C:\lab-hackathon\dataset\Ulcers\augmented\Mouth_Ulcer_0_5994.jpeg,Ulcers,4,1
C:\lab-hackathon\dataset\Ulcers\augmented\Mouth_Ulcer_0_1836.jpeg,Ulcers,4,1
C:\lab-hackathon\dataset\Ulcers\original\207.jpg,Ulcers,4,0
C:\lab-hackathon\dataset\Caries\augmented\caries_0_8652.jpeg,Caries,0,1
C:\lab-hackathon\dataset\yolo_bbox\images\train\164.jpg,Caries,0,0
C:\lab-hackathon\dataset\Gingivitis\(1617).jpg,Gingivitis,2,0
C:\lab-hackathon\dataset\Gingivitis\(2063).jpg,Gingivitis,2,0
C:\lab-hackathon\dataset\yolo_bbox\images\train\(27).jpg,Gingivitis,2,0
C:\lab-hackathon\dataset\Ulcers\augmented\Mouth_Ulcer_0_3175.jpeg,Ulcers,4,1
C:\lab-hackathon\dataset\Caries\augmented\caries_0_3424.jpeg,Caries,0,1
C:\lab-hackathon\dataset\Gingivitis\(266).jpg,Gingivitis,2,0
C:\lab-hackathon\dataset\Gingivitis\(1997).jpg,Gingivitis,2,0
C:\lab-hackathon\dataset\Gingivitis\(95).jpg,Gingivitis,2,0
C:\lab-hackathon\dataset\yolo_bbox\images\train\caries_0_4373.jpeg,Caries,0,0
C:\lab-hackathon\dataset\Gingivitis\(469).jpg,Gingivitis,2,0
C:\lab-hackathon\dataset\Gingivitis\(242).jpg,Gingivitis,2,0
C:\lab-hackathon\dataset\Gingivitis\(1050).jpg,Gingivitis,2,0
C:\lab-hackathon\dataset\Tooth Discoloration\original\73.jpg,Tooth Discoloration,3,0
C:\lab-hackathon\dataset\Gingivitis\(1708).jpg,Gingivitis,2,0
C:\lab-hackathon\dataset\Ulcers\original\209.jpg,Ulcers,4,0
C:\lab-hackathon\dataset\Tooth Discoloration\augmented\Tooth_Discoloration_0_2408.jpeg,Tooth Discoloration,3,1
C:\lab-hackathon\dataset\Gingivitis\(1866).jpg,Gingivitis,2,0
C:\lab-hackathon\dataset\Gingivitis\(91).jpg,Gingivitis,2,0
C:\lab-hackathon\dataset\yolo_bbox\images\train\caries_0_115.jpeg,Ulcers,4,0
C:\lab-hackathon\dataset\Caries\augmented\caries_0_562.jpeg,Caries,0,1
C:\lab-hackathon\dataset\Calculus\(277).jpg,Calculus,1,0
C:\lab-hackathon\dataset\Ulcers\augmented\Mouth_Ulcer_0_2196.jpeg,Ulcers,4,1
C:\lab-hackathon\dataset\Ulcers\augmented\Mouth_Ulcer_0_6219.jpeg,Ulcers,4,1
C:\lab-hackathon\dataset\Hypodontia\(1246).jpg,Hypodontia,5,0
C:\lab-hackathon\dataset\Gingivitis\(2177).jpg,Gingivitis,2,0
C:\lab-hackathon\dataset\Calculus\(381).jpg,Calculus,1,0
C:\lab-hackathon\dataset\Caries\augmented\caries_0_3040.jpeg,Caries,0,1
C:\lab-hackathon\dataset\Calculus\(489).jpg,Calculus,1,0
C:\lab-hackathon\dataset\Ulcers\original\17.jpg,Ulcers,4,0
C:\lab-hackathon\dataset\Calculus\(536).jpg,Calculus,1,0
C:\lab-hackathon\dataset\Tooth Discoloration\augmented\Tooth_Discoloration_0_324.jpeg,Tooth Discoloration,3,1
C:\lab-hackathon\dataset\Caries\augmented\caries_0_2966.jpeg,Caries,0,1
C:\lab-hackathon\dataset\Gingivitis\(1427).jpg,Gingivitis,2,0
C:\lab-hackathon\dataset\Ulcers\augmented\Mouth_Ulcer_0_9169.jpeg,Ulcers,4,1
C:\lab-hackathon\dataset\Ulcers\augmented\Mouth_Ulcer_0_2486.jpeg,Ulcers,4,1
C:\lab-hackathon\dataset\Calculus\(224).jpg,Calculus,1,0
C:\lab-hackathon\dataset\Gingivitis\(631).jpg,Gingivitis,2,0
C:\lab-hackathon\dataset\Calculus\(221).jpg,Calculus,1,0
C:\lab-hackathon\dataset\Gingivitis\(1632).jpg,Gingivitis,2,0
C:\lab-hackathon\dataset\Caries\augmented\caries_0_2270.jpeg,Caries,0,1
C:\lab-hackathon\dataset\Ulcers\augmented\Mouth_Ulcer_0_1547.jpeg,Ulcers,4,1
C:\lab-hackathon\dataset\yolo_bbox\images\train\420.jpg,Ulcers,4,0
C:\lab-hackathon\dataset\yolo_bbox\images\train\caries_0_3493.jpeg,Caries,0,0
C:\lab-hackathon\dataset\yolo_bbox\images\train\564.jpg,Tooth Discoloration,3,0
C:\lab-hackathon\dataset\Ulcers\augmented\Mouth_Ulcer_0_3318.jpeg,Ulcers,4,1
C:\lab-hackathon\dataset\Gingivitis\(514).jpg,Gingivitis,2,0
C:\lab-hackathon\dataset\Tooth Discoloration\augmented\Tooth_Discoloration_0_5555.jpeg,Tooth Discoloration,3,1
C:\lab-hackathon\dataset\Gingivitis\(1426).jpg,Gingivitis,2,0
C:\lab-hackathon\dataset\Hypodontia\(116).jpg,Hypodontia,5,0
C:\lab-hackathon\dataset\Caries\augmented\caries_0_2933.jpeg,Caries,0,1
C:\lab-hackathon\dataset\yolo_bbox\images\train\caries_0_4486.jpeg,Caries,0,0
C:\lab-hackathon\dataset\Gingivitis\(2191).jpg,Gingivitis,2,0
C:\lab-hackathon\dataset\yolo_bbox\images\train\307.jpg,Ulcers,4,0
C:\lab-hackathon\dataset\Caries\original\83.jpg,Caries,0,0
C:\lab-hackathon\dataset\Ulcers\augmented\Mouth_Ulcer_0_694.jpeg,Ulcers,4,1
C:\lab-hackathon\dataset\Caries\augmented\caries_0_4924.jpeg,Caries,0,1
C:\lab-hackathon\dataset\Calculus\(667).jpg,Calculus,1,0
C:\lab-hackathon\dataset\yolo_bbox\images\train\caries_0_508.jpeg,Caries,0,0
C:\lab-hackathon\dataset\Gingivitis\(318).jpg,Gingivitis,2,0
C:\lab-hackathon\dataset\Hypodontia\(278).JPG,Hypodontia,5,0
C:\lab-hackathon\dataset\Ulcers\augmented\Mouth_Ulcer_0_6680.jpeg,Ulcers,4,1
C:\lab-hackathon\dataset\Caries\augmented\caries_0_7253.jpeg,Caries,0,1
C:\lab-hackathon\dataset\Caries\augmented\caries_0_9685.jpeg,Caries,0,1
C:\lab-hackathon\dataset\Calculus\(15).jpg,Calculus,1,0
C:\lab-hackathon\dataset\Hypodontia\(1189).JPG,Hypodontia,5,0
C:\lab-hackathon\dataset\Calculus\(1000).jpg,Calculus,1,0
C:\lab-hackathon\dataset\Ulcers\augmented\Mouth_Ulcer_0_4660.jpeg,Ulcers,4,1
C:\lab-hackathon\dataset\yolo_bbox\images\train\426.jpg,Ulcers,4,0
C:\lab-hackathon\dataset\Ulcers\augmented\Mouth_Ulcer_0_7017.jpeg,Ulcers,4,1
C:\lab-hackathon\dataset\Caries\original\166.jpg,Caries,0,0
C:\lab-hackathon\dataset\Caries\original\53.jpg,Caries,0,0
C:\lab-hackathon\dataset\Calculus\(54).jpg,Calculus,1,0
C:\lab-hackathon\dataset\Calculus\(663).jpg,Calculus,1,0
C:\lab-hackathon\dataset\Ulcers\augmented\Mouth_Ulcer_0_3704.jpeg,Ulcers,4,1
C:\lab-hackathon\dataset\Gingivitis\(548).jpg,Gingivitis,2,0
C:\lab-hackathon\dataset\Tooth Discoloration\augmented\Tooth_Discoloration_0_6181.jpeg,Tooth Discoloration,3,1
C:\lab-hackathon\dataset\Ulcers\augmented\Mouth_Ulcer_0_8006.jpeg,Ulcers,4,1
C:\lab-hackathon\dataset\Hypodontia\(900).JPG,Hypodontia,5,0
C:\lab-hackathon\dataset\Hypodontia\(732).JPG,Hypodontia,5,0
C:\lab-hackathon\dataset\Calculus\(186).jpg,Calculus,1,0
C:\lab-hackathon\dataset\yolo_bbox\images\train\caries_0_259.jpeg,Caries,0,0
C:\lab-hackathon\dataset\yolo_bbox\images\train\caries_0_4325.jpeg,Caries,0,0
C:\lab-hackathon\dataset\Caries\augmented\caries_0_5081.jpeg,Caries,0,1
C:\lab-hackathon\dataset\Calculus\(380).jpg,Calculus,1,0
C:\lab-hackathon\dataset\yolo_bbox\images\train\184.jpg,Caries,0,0
C:\lab-hackathon\dataset\Tooth Discoloration\augmented\Tooth_Discoloration_0_4397.jpeg,Tooth Discoloration,3,1
C:\lab-hackathon\dataset\Tooth Discoloration\augmented\Tooth_Discoloration_0_2702.jpeg,Tooth Discoloration,3,1
C:\lab-hackathon\dataset\Gingivitis\(12).jpg,Gingivitis,2,0
C:\lab-hackathon\dataset\Tooth Discoloration\augmented\Tooth_Discoloration_0_7434.jpeg,Tooth Discoloration,3,1
C:\lab-hackathon\dataset\yolo_bbox\images\train\124.jpg,Caries,0,0
C:\lab-hackathon\dataset\Calculus\(31).jpg,Calculus,1,0
C:\lab-hackathon\dataset\Caries\augmented\caries_0_9879.jpeg,Caries,0,1
C:\lab-hackathon\dataset\Gingivitis\(1154).jpg,Gingivitis,2,0
C:\lab-hackathon\dataset\Gingivitis\(2074).jpg,Gingivitis,2,0
C:\lab-hackathon\dataset\yolo_bbox\images\train\caries_0_673.jpeg,Caries,0,0
C:\lab-hackathon\dataset\Ulcers\augmented\Mouth_Ulcer_0_8754.jpeg,Ulcers,4,1
C:\lab-hackathon\dataset\Tooth Discoloration\augmented\Tooth_Discoloration_0_4815.jpeg,Tooth Discoloration,3,1
C:\lab-hackathon\dataset\Ulcers\augmented\Mouth_Ulcer_0_1016.jpeg,Ulcers,4,1
C:\lab-hackathon\dataset\yolo_bbox\images\train\622.jpg,Tooth Discoloration,3,0
C:\lab-hackathon\dataset\Gingivitis\(447).jpg,Gingivitis,2,0
C:\lab-hackathon\dataset\Ulcers\augmented\Mouth_Ulcer_0_3284.jpeg,Ulcers,4,1
C:\lab-hackathon\dataset\Tooth Discoloration\augmented\Tooth_Discoloration_0_1948.jpeg,Tooth Discoloration,3,1
C:\lab-hackathon\dataset\yolo_bbox\images\train\caries_0_4360.jpeg,Caries,0,0
C:\lab-hackathon\dataset\Caries\augmented\caries_0_925.jpeg,Caries,0,1
C:\lab-hackathon\dataset\Gingivitis\(709).jpg,Gingivitis,2,0
C:\lab-hackathon\dataset\Caries\augmented\caries_0_2168.jpeg,Caries,0,1
C:\lab-hackathon\dataset\Calculus\(802).jpg,Calculus,1,0
C:\lab-hackathon\dataset\Calculus\(587).jpg,Calculus,1,0
C:\lab-hackathon\dataset\Tooth Discoloration\augmented\Tooth_Discoloration_0_9915.jpeg,Tooth Discoloration,3,1
C:\lab-hackathon\dataset\yolo_bbox\images\train\caries_0_4801.jpeg,Caries,0,0
C:\lab-hackathon\dataset\yolo_bbox\images\train\86.jpg,Caries,0,0
C:\lab-hackathon\dataset\Ulcers\augmented\Mouth_Ulcer_0_4686.jpeg,Ulcers,4,1
C:\lab-hackathon\dataset\Ulcers\original\85.jpg,Ulcers,4,0
C:\lab-hackathon\dataset\Hypodontia\(560).JPG,Hypodontia,5,0
C:\lab-hackathon\dataset\Tooth Discoloration\augmented\Tooth_Discoloration_0_115.jpeg,Tooth Discoloration,3,1
C:\lab-hackathon\dataset\Tooth Discoloration\augmented\Tooth_Discoloration_0_3611.jpeg,Tooth Discoloration,3,1
C:\lab-hackathon\dataset\Caries\augmented\caries_0_8664.jpeg,Caries,0,1
C:\lab-hackathon\dataset\Calculus\(1031).jpg,Calculus,1,0
C:\lab-hackathon\dataset\Ulcers\augmented\Mouth_Ulcer_0_7153.jpeg,Ulcers,4,1
C:\lab-hackathon\dataset\Gingivitis\(1055).jpg,Gingivitis,2,0
C:\lab-hackathon\dataset\Gingivitis\(1600).jpg,Gingivitis,2,0
C:\lab-hackathon\dataset\Calculus\(50).jpg,Calculus,1,0
C:\lab-hackathon\dataset\Ulcers\augmented\Mouth_Ulcer_0_6477.jpeg,Ulcers,4,1
C:\lab-hackathon\dataset\Hypodontia\(951).jpg,Hypodontia,5,0
C:\lab-hackathon\dataset\Caries\augmented\caries_0_9624.jpeg,Caries,0,1
C:\lab-hackathon\dataset\Caries\augmented\caries_0_9721.jpeg,Caries,0,1
C:\lab-hackathon\dataset\Ulcers\augmented\Mouth_Ulcer_0_4665.jpeg,Ulcers,4,1
C:\lab-hackathon\dataset\yolo_bbox\images\train\618.jpg,Tooth Discoloration,3,0
C:\lab-hackathon\dataset\Calculus\(601).jpg,Calculus,1,0
C:\lab-hackathon\dataset\yolo_bbox\images\train\caries_0_4480.jpeg,Caries,0,0
C:\lab-hackathon\dataset\Ulcers\original\169.jpg,Ulcers,4,0
C:\lab-hackathon\dataset\Caries\augmented\caries_0_3943.jpeg,Caries,0,1
C:\lab-hackathon\dataset\Ulcers\augmented\Mouth_Ulcer_0_9364.jpeg,Ulcers,4,1
C:\lab-hackathon\dataset\Caries\augmented\caries_0_4763.jpeg,Caries,0,1
C:\lab-hackathon\dataset\Caries\augmented\caries_0_5091.jpeg,Caries,0,1
C:\lab-hackathon\dataset\Gingivitis\(2223).jpg,Gingivitis,2,0
C:\lab-hackathon\dataset\Tooth Discoloration\augmented\Tooth_Discoloration_0_4568.jpeg,Tooth Discoloration,3,1
C:\lab-hackathon\dataset\Gingivitis\(998).jpg,Gingivitis,2,0
C:\lab-hackathon\dataset\Caries\augmented\caries_0_86.jpeg,Caries,0,1
C:\lab-hackathon\dataset\Ulcers\augmented\Mouth_Ulcer_0_4289.jpeg,Ulcers,4,1
C:\lab-hackathon\dataset\Calculus\(1229).jpg,Calculus,1,0
C:\lab-hackathon\dataset\Gingivitis\(819).jpg,Gingivitis,2,0
C:\lab-hackathon\dataset\yolo_bbox\images\train\(109).jpg,Gingivitis,2,0
C:\lab-hackathon\dataset\yolo_bbox\images\train\573.jpg,Tooth Discoloration,3,0
C:\lab-hackathon\dataset\Tooth Discoloration\augmented\Tooth_Discoloration_0_1807.jpeg,Tooth Discoloration,3,1
C:\lab-hackathon\dataset\Hypodontia\(1248).jpg,Hypodontia,5,0
C:\lab-hackathon\dataset\Calculus\(783).jpg,Calculus,1,0
C:\lab-hackathon\dataset\Hypodontia\(201).JPG,Hypodontia,5,0
C:\lab-hackathon\dataset\Ulcers\augmented\Mouth_Ulcer_0_4952.jpeg,Ulcers,4,1
C:\lab-hackathon\dataset\Tooth Discoloration\augmented\Tooth_Discoloration_0_6872.jpeg,Tooth Discoloration,3,1
C:\lab-hackathon\dataset\Gingivitis\(1086).jpg,Gingivitis,2,0
C:\lab-hackathon\dataset\Hypodontia\(985).JPG,Hypodontia,5,0
C:\lab-hackathon\dataset\Gingivitis\(651).jpg,Gingivitis,2,0
C:\lab-hackathon\dataset\Hypodontia\(833).JPG,Hypodontia,5,0
C:\lab-hackathon\dataset\Hypodontia\(714).JPG,Hypodontia,5,0
C:\lab-hackathon\dataset\Tooth Discoloration\augmented\Tooth_Discoloration_0_6747.jpeg,Tooth Discoloration,3,1
C:\lab-hackathon\dataset\Ulcers\augmented\Mouth_Ulcer_0_5458.jpeg,Ulcers,4,1
C:\lab-hackathon\dataset\Hypodontia\(559).JPG,Hypodontia,5,0
C:\lab-hackathon\dataset\Calculus\(967).jpg,Calculus,1,0
C:\lab-hackathon\dataset\Tooth Discoloration\augmented\Tooth_Discoloration_0_7150.jpeg,Tooth Discoloration,3,1
C:\lab-hackathon\dataset\Gingivitis\(2277).jpg,Gingivitis,2,0
C:\lab-hackathon\dataset\Tooth Discoloration\augmented\Tooth_Discoloration_0_3477.jpeg,Tooth Discoloration,3,1
C:\lab-hackathon\dataset\yolo_bbox\images\train\caries_0_4248.jpeg,Caries,0,0
C:\lab-hackathon\dataset\Ulcers\augmented\Mouth_Ulcer_0_2023.jpeg,Ulcers,4,1
C:\lab-hackathon\dataset\Calculus\(1170).jpg,Calculus,1,0
C:\lab-hackathon\dataset\Ulcers\augmented\Mouth_Ulcer_0_2175.jpeg,Ulcers,4,1
C:\lab-hackathon\dataset\Tooth Discoloration\augmented\Tooth_Discoloration_0_5551.jpeg,Tooth Discoloration,3,1
C:\lab-hackathon\dataset\Caries\augmented\caries_0_6244.jpeg,Caries,0,1
C:\lab-hackathon\dataset\Calculus\(1179).jpg,Calculus,1,0
C:\lab-hackathon\dataset\Ulcers\augmented\Mouth_Ulcer_0_8903.jpeg,Ulcers,4,1
C:\lab-hackathon\dataset\Ulcers\augmented\Mouth_Ulcer_0_5196.jpeg,Ulcers,4,1
C:\lab-hackathon\dataset\Gingivitis\(721).jpg,Gingivitis,2,0
C:\lab-hackathon\dataset\Gingivitis\(1093).jpg,Gingivitis,2,0
C:\lab-hackathon\dataset\Caries\augmented\caries_0_8591.jpeg,Caries,0,1
C:\lab-hackathon\dataset\Calculus\(968).jpg,Calculus,1,0
C:\lab-hackathon\dataset\Calculus\(816).jpg,Calculus,1,0
C:\lab-hackathon\dataset\Ulcers\augmented\Mouth_Ulcer_0_2143.jpeg,Ulcers,4,1
C:\lab-hackathon\dataset\Tooth Discoloration\augmented\Tooth_Discoloration_0_8688.jpeg,Tooth Discoloration,3,1
C:\lab-hackathon\dataset\Ulcers\augmented\Mouth_Ulcer_0_4157.jpeg,Ulcers,4,1
C:\lab-hackathon\dataset\Gingivitis\(1814).jpg,Gingivitis,2,0
C:\lab-hackathon\dataset\yolo_bbox\images\train\caries_0_4177.jpeg,Caries,0,0
C:\lab-hackathon\dataset\Calculus\(235).jpg,Calculus,1,0
C:\lab-hackathon\dataset\Tooth Discoloration\augmented\Tooth_Discoloration_0_8829.jpeg,Tooth Discoloration,3,1
C:\lab-hackathon\dataset\Gingivitis\(2266).jpg,Gingivitis,2,0
C:\lab-hackathon\dataset\Ulcers\augmented\Mouth_Ulcer_0_8627.jpeg,Ulcers,4,1
C:\lab-hackathon\dataset\Gingivitis\(1316).jpg,Gingivitis,2,0
C:\lab-hackathon\dataset\Ulcers\original\170.jpg,Ulcers,4,0
C:\lab-hackathon\dataset\yolo_bbox\images\train\498.jpg,Tooth Discoloration,3,0
C:\lab-hackathon\dataset\Ulcers\augmented\Mouth_Ulcer_0_3005.jpeg,Ulcers,4,1
C:\lab-hackathon\dataset\Gingivitis\(2187).jpg,Gingivitis,2,0
C:\lab-hackathon\dataset\yolo_bbox\images\train\246.jpg,Ulcers,4,0
C:\lab-hackathon\dataset\Ulcers\original\23.jpg,Ulcers,4,0
C:\lab-hackathon\dataset\yolo_bbox\images\train\203.jpg,Caries,0,0
C:\lab-hackathon\dataset\Caries\original\0.jpg,Caries,0,0
C:\lab-hackathon\dataset\Hypodontia\(678).jpg,Hypodontia,5,0
C:\lab-hackathon\dataset\yolo_bbox\images\train\caries_0_4688.jpeg,Caries,0,0
C:\lab-hackathon\dataset\Caries\original\6.jpg,Caries,0,0
C:\lab-hackathon\dataset\Calculus\(332).jpg,Calculus,1,0
C:\lab-hackathon\dataset\Hypodontia\(792).JPG,Hypodontia,5,0
C:\lab-hackathon\dataset\Gingivitis\(139).jpg,Gingivitis,2,0
C:\lab-hackathon\dataset\Ulcers\augmented\Mouth_Ulcer_0_9572.jpeg,Ulcers,4,1
C:\lab-hackathon\dataset\Ulcers\original\205.jpg,Ulcers,4,0
C:\lab-hackathon\dataset\Ulcers\augmented\Mouth_Ulcer_0_619.jpeg,Ulcers,4,1
C:\lab-hackathon\dataset\Gingivitis\(2012).jpg,Gingivitis,2,0
C:\lab-hackathon\dataset\Calculus\(1230).jpg,Calculus,1,0
C:\lab-hackathon\dataset\yolo_bbox\images\train\caries_0_4371.jpeg,Caries,0,0
C:\lab-hackathon\dataset\Calculus\(1270).jpg,Calculus,1,0
C:\lab-hackathon\dataset\Calculus\(134).jpg,Calculus,1,0
C:\lab-hackathon\dataset\Hypodontia\(930).JPG,Hypodontia,5,0
C:\lab-hackathon\dataset\yolo_bbox\images\train\caries_0_4977.jpeg,Caries,0,0
C:\lab-hackathon\dataset\Calculus\(1009).jpg,Calculus,1,0
C:\lab-hackathon\dataset\Ulcers\augmented\Mouth_Ulcer_0_5944.jpeg,Ulcers,4,1
C:\lab-hackathon\dataset\Hypodontia\(227).JPG,Hypodontia,5,0
C:\lab-hackathon\dataset\Ulcers\original\127.jpg,Ulcers,4,0
C:\lab-hackathon\dataset\Gingivitis\(453).jpg,Gingivitis,2,0
C:\lab-hackathon\dataset\Calculus\(477).jpg,Calculus,1,0
C:\lab-hackathon\dataset\Hypodontia\(409).JPG,Hypodontia,5,0
C:\lab-hackathon\dataset\yolo_bbox\images\train\392.jpg,Ulcers,4,0
C:\lab-hackathon\dataset\yolo_bbox\images\train\212.jpg,Caries,0,0
C:\lab-hackathon\dataset\Calculus\(395).jpg,Calculus,1,0
C:\lab-hackathon\dataset\Ulcers\augmented\Mouth_Ulcer_0_1522.jpeg,Ulcers,4,1
C:\lab-hackathon\dataset\Gingivitis\(188).jpg,Gingivitis,2,0
C:\lab-hackathon\dataset\Caries\augmented\caries_0_4473.jpeg,Caries,0,1
C:\lab-hackathon\dataset\Gingivitis\(442).jpg,Gingivitis,2,0
C:\lab-hackathon\dataset\Calculus\(370).jpg,Calculus,1,0
C:\lab-hackathon\dataset\Ulcers\augmented\Mouth_Ulcer_0_5549.jpeg,Ulcers,4,1
C:\lab-hackathon\dataset\Gingivitis\(688).jpg,Gingivitis,2,0
C:\lab-hackathon\dataset\Hypodontia\(927).JPG,Hypodontia,5,0
C:\lab-hackathon\dataset\yolo_bbox\images\train\38.jpg,Caries,0,0
C:\lab-hackathon\dataset\Hypodontia\(63).JPG,Hypodontia,5,0
C:\lab-hackathon\dataset\yolo_bbox\images\train\(129).jpg,Gingivitis,2,0
C:\lab-hackathon\dataset\Ulcers\augmented\Mouth_Ulcer_0_1187.jpeg,Ulcers,4,1
C:\lab-hackathon\dataset\yolo_bbox\images\train\(48).jpg,Gingivitis,2,0
C:\lab-hackathon\dataset\Gingivitis\(1895).jpg,Gingivitis,2,0
C:\lab-hackathon\dataset\Gingivitis\(1896).jpg,Gingivitis,2,0
C:\lab-hackathon\dataset\Calculus\(770).jpg,Calculus,1,0
C:\lab-hackathon\dataset\yolo_bbox\images\train\111.jpg,Caries,0,0
C:\lab-hackathon\dataset\Gingivitis\(2222).jpg,Gingivitis,2,0
C:\lab-hackathon\dataset\Gingivitis\(415).jpg,Gingivitis,2,0
C:\lab-hackathon\dataset\Gingivitis\(900).jpg,Gingivitis,2,0
C:\lab-hackathon\dataset\Calculus\(233).jpg,Calculus,1,0
C:\lab-hackathon\dataset\Ulcers\augmented\Mouth_Ulcer_0_5139.jpeg,Ulcers,4,1
C:\lab-hackathon\dataset\Caries\augmented\caries_0_6460.jpeg,Caries,0,1
C:\lab-hackathon\dataset\Gingivitis\(775).jpg,Gingivitis,2,0
C:\lab-hackathon\dataset\Tooth Discoloration\augmented\Tooth_Discoloration_0_1230.jpeg,Tooth Discoloration,3,1
C:\lab-hackathon\dataset\Hypodontia\(782).jpg,Hypodontia,5,0
C:\lab-hackathon\dataset\Tooth Discoloration\augmented\Tooth_Discoloration_0_6415.jpeg,Tooth Discoloration,3,1
C:\lab-hackathon\dataset\Caries\augmented\caries_0_1148.jpeg,Caries,0,1
C:\lab-hackathon\dataset\Hypodontia\(1021).JPG,Hypodontia,5,0
C:\lab-hackathon\dataset\Ulcers\augmented\Mouth_Ulcer_0_5412.jpeg,Ulcers,4,1
C:\lab-hackathon\dataset\Gingivitis\(1669).jpg,Gingivitis,2,0
C:\lab-hackathon\dataset\Gingivitis\(1952).jpg,Gingivitis,2,0
C:\lab-hackathon\dataset\Gingivitis\(1004).jpg,Gingivitis,2,0
C:\lab-hackathon\dataset\yolo_bbox\images\train\caries_0_398.jpeg,Caries,0,0
C:\lab-hackathon\dataset\Caries\augmented\caries_0_398.jpeg,Caries,0,1
C:\lab-hackathon\dataset\Calculus\(364).jpg,Calculus,1,0
C:\lab-hackathon\dataset\Caries\augmented\caries_0_2851.jpeg,Caries,0,1
C:\lab-hackathon\dataset\Ulcers\augmented\Mouth_Ulcer_0_7239.jpeg,Ulcers,4,1
C:\lab-hackathon\dataset\Calculus\(25).jpg,Calculus,1,0
C:\lab-hackathon\dataset\Calculus\(427).jpg,Calculus,1,0
C:\lab-hackathon\dataset\Hypodontia\(468).JPG,Hypodontia,5,0
C:\lab-hackathon\dataset\yolo_bbox\images\train\416.jpg,Ulcers,4,0
C:\lab-hackathon\dataset\Ulcers\augmented\Mouth_Ulcer_0_6611.jpeg,Ulcers,4,1
C:\lab-hackathon\dataset\Calculus\(349).jpg,Calculus,1,0
C:\lab-hackathon\dataset\Tooth Discoloration\original\91.jpg,Tooth Discoloration,3,0
C:\lab-hackathon\dataset\Caries\augmented\caries_0_661.jpeg,Caries,0,1
C:\lab-hackathon\dataset\Hypodontia\(291).JPG,Hypodontia,5,0
C:\lab-hackathon\dataset\yolo_bbox\images\train\caries_0_31.jpeg,Caries,0,0
C:\lab-hackathon\dataset\yolo_bbox\images\train\(205).jpg,Gingivitis,2,0
C:\lab-hackathon\dataset\Ulcers\augmented\Mouth_Ulcer_0_6566.jpeg,Ulcers,4,1
C:\lab-hackathon\dataset\Tooth Discoloration\original\18.jpg,Tooth Discoloration,3,0
C:\lab-hackathon\dataset\Tooth Discoloration\augmented\Tooth_Discoloration_0_844.jpeg,Tooth Discoloration,3,1
C:\lab-hackathon\dataset\Tooth Discoloration\augmented\Tooth_Discoloration_0_3001.jpeg,Tooth Discoloration,3,1
C:\lab-hackathon\dataset\yolo_bbox\images\train\caries_0_103.jpeg,Caries,0,0
C:\lab-hackathon\dataset\Tooth Discoloration\augmented\Tooth_Discoloration_0_2825.jpeg,Tooth Discoloration,3,1
C:\lab-hackathon\dataset\Ulcers\augmented\Mouth_Ulcer_0_5646.jpeg,Ulcers,4,1
C:\lab-hackathon\dataset\yolo_bbox\images\train\caries_0_4202.jpeg,Caries,0,0
C:\lab-hackathon\dataset\Gingivitis\(24).jpg,Gingivitis,2,0
C:\lab-hackathon\dataset\Calculus\(753).jpg,Calculus,1,0
C:\lab-hackathon\dataset\yolo_bbox\images\train\552.jpg,Tooth Discoloration,3,0
C:\lab-hackathon\dataset\Calculus\(641).jpg,Calculus,1,0
C:\lab-hackathon\dataset\Caries\augmented\caries_0_5235.jpeg,Caries,0,1
C:\lab-hackathon\dataset\yolo_bbox\images\train\634.jpg,Tooth Discoloration,3,0
C:\lab-hackathon\dataset\yolo_bbox\images\train\caries_0_268.jpeg,Caries,0,0
C:\lab-hackathon\dataset\Calculus\(156).jpg,Calculus,1,0
C:\lab-hackathon\dataset\Gingivitis\(1328).jpg,Gingivitis,2,0
C:\lab-hackathon\dataset\Calculus\(197).jpg,Calculus,1,0
C:\lab-hackathon\dataset\Caries\augmented\caries_0_7059.jpeg,Caries,0,1
C:\lab-hackathon\dataset\yolo_bbox\images\train\caries_0_4731.jpeg,Caries,0,0
C:\lab-hackathon\dataset\yolo_bbox\images\train\(218).jpg,Gingivitis,2,0
C:\lab-hackathon\dataset\Tooth Discoloration\augmented\Tooth_Discoloration_0_3189.jpeg,Tooth Discoloration,3,1
C:\lab-hackathon\dataset\Ulcers\augmented\Mouth_Ulcer_0_2074.jpeg,Ulcers,4,1
C:\lab-hackathon\dataset\Calculus\(568).jpg,Calculus,1,0
C:\lab-hackathon\dataset\yolo_bbox\images\train\12.jpg,Caries,0,0
C:\lab-hackathon\dataset\Ulcers\augmented\Mouth_Ulcer_0_9346.jpeg,Ulcers,4,1
C:\lab-hackathon\dataset\Hypodontia\(5).JPG,Hypodontia,5,0
C:\lab-hackathon\dataset\Caries\augmented\caries_0_154.jpeg,Caries,0,1
C:\lab-hackathon\dataset\Ulcers\augmented\Mouth_Ulcer_0_4027.jpeg,Ulcers,4,1
C:\lab-hackathon\dataset\Hypodontia\(40).JPG,Hypodontia,5,0
C:\lab-hackathon\dataset\Caries\original\103.jpg,Caries,0,0
C:\lab-hackathon\dataset\Caries\augmented\caries_0_3072.jpeg,Caries,0,1
C:\lab-hackathon\dataset\Ulcers\augmented\Mouth_Ulcer_0_5231.jpeg,Ulcers,4,1
C:\lab-hackathon\dataset\Hypodontia\(1063).JPG,Hypodontia,5,0
C:\lab-hackathon\dataset\Tooth Discoloration\augmented\Tooth_Discoloration_0_9822.jpeg,Tooth Discoloration,3,1
C:\lab-hackathon\dataset\Hypodontia\(512).JPG,Hypodontia,5,0
C:\lab-hackathon\dataset\yolo_bbox\images\train\caries_0_4017.jpeg,Caries,0,0
C:\lab-hackathon\dataset\Gingivitis\(1894).jpg,Gingivitis,2,0
C:\lab-hackathon\dataset\Gingivitis\(215).jpg,Gingivitis,2,0
C:\lab-hackathon\dataset\Gingivitis\(2254).jpg,Gingivitis,2,0
C:\lab-hackathon\dataset\Caries\augmented\caries_0_4329.jpeg,Caries,0,1
C:\lab-hackathon\dataset\Gingivitis\(1853).jpg,Gingivitis,2,0
C:\lab-hackathon\dataset\yolo_bbox\images\train\277.jpg,Ulcers,4,0
C:\lab-hackathon\dataset\Calculus\(327).jpg,Calculus,1,0
C:\lab-hackathon\dataset\yolo_bbox\images\train\102.jpg,Caries,0,0
C:\lab-hackathon\dataset\Hypodontia\(1178).JPG,Hypodontia,5,0
C:\lab-hackathon\dataset\Ulcers\augmented\Mouth_Ulcer_0_8769.jpeg,Ulcers,4,1
C:\lab-hackathon\dataset\Gingivitis\(2199).jpg,Gingivitis,2,0
C:\lab-hackathon\dataset\Ulcers\augmented\Mouth_Ulcer_0_4726.jpeg,Ulcers,4,1
C:\lab-hackathon\dataset\Gingivitis\(1532).jpg,Gingivitis,2,0
C:\lab-hackathon\dataset\Hypodontia\(446).JPG,Hypodontia,5,0
C:\lab-hackathon\dataset\yolo_bbox\images\train\559.jpg,Tooth Discoloration,3,0
C:\lab-hackathon\dataset\yolo_bbox\images\train\caries_0_4621.jpeg,Caries,0,0
C:\lab-hackathon\dataset\Hypodontia\(1059).JPG,Hypodontia,5,0
C:\lab-hackathon\dataset\Calculus\(611).jpg,Calculus,1,0
C:\lab-hackathon\dataset\Caries\augmented\caries_0_3745.jpeg,Caries,0,1
C:\lab-hackathon\dataset\Hypodontia\(576).JPG,Hypodontia,5,0
C:\lab-hackathon\dataset\Gingivitis\(201).jpg,Gingivitis,2,0
C:\lab-hackathon\dataset\Hypodontia\(407).jpg,Hypodontia,5,0
C:\lab-hackathon\dataset\yolo_bbox\images\train\291.jpg,Ulcers,4,0
C:\lab-hackathon\dataset\Calculus\(900).jpg,Calculus,1,0
C:\lab-hackathon\dataset\Caries\augmented\caries_0_6841.jpeg,Caries,0,1
C:\lab-hackathon\dataset\Gingivitis\(824).jpg,Gingivitis,2,0
C:\lab-hackathon\dataset\Tooth Discoloration\augmented\Tooth_Discoloration_0_7125.jpeg,Tooth Discoloration,3,1
C:\lab-hackathon\dataset\Gingivitis\(361).jpg,Gingivitis,2,0
C:\lab-hackathon\dataset\Calculus\(1093).jpg,Calculus,1,0
C:\lab-hackathon\dataset\yolo_bbox\images\train\542.jpg,Tooth Discoloration,3,0
C:\lab-hackathon\dataset\yolo_bbox\images\train\(220).jpg,Gingivitis,2,0
C:\lab-hackathon\dataset\Tooth Discoloration\augmented\Tooth_Discoloration_0_3323.jpeg,Tooth Discoloration,3,1
C:\lab-hackathon\dataset\Calculus\(491).jpg,Calculus,1,0
C:\lab-hackathon\dataset\Calculus\(1073).jpg,Calculus,1,0
C:\lab-hackathon\dataset\Ulcers\augmented\Mouth_Ulcer_0_3453.jpeg,Ulcers,4,1
C:\lab-hackathon\dataset\Gingivitis\(829).jpg,Gingivitis,2,0
C:\lab-hackathon\dataset\Gingivitis\(523).jpg,Gingivitis,2,0
C:\lab-hackathon\dataset\Ulcers\augmented\Mouth_Ulcer_0_7862.jpeg,Ulcers,4,1
C:\lab-hackathon\dataset\Caries\augmented\caries_0_2117.jpeg,Caries,0,1
C:\lab-hackathon\dataset\Gingivitis\(1578).jpg,Gingivitis,2,0
C:\lab-hackathon\dataset\Calculus\(658).jpg,Calculus,1,0
C:\lab-hackathon\dataset\Caries\augmented\caries_0_318.jpeg,Caries,0,1
C:\lab-hackathon\dataset\Calculus\(671).jpg,Calculus,1,0
C:\lab-hackathon\dataset\Tooth Discoloration\original\41.jpg,Tooth Discoloration,3,0
C:\lab-hackathon\dataset\yolo_bbox\images\train\(83).jpg,Gingivitis,2,0
C:\lab-hackathon\dataset\Caries\original\88.jpg,Caries,0,0
C:\lab-hackathon\dataset\Calculus\(1293).jpg,Calculus,1,0
C:\lab-hackathon\dataset\Ulcers\augmented\Mouth_Ulcer_0_8532.jpeg,Ulcers,4,1
C:\lab-hackathon\dataset\yolo_bbox\images\train\caries_0_4298.jpeg,Caries,0,0
C:\lab-hackathon\dataset\Hypodontia\(1250).JPG,Hypodontia,5,0
C:\lab-hackathon\dataset\Calculus\(888).jpg,Calculus,1,0
C:\lab-hackathon\dataset\Gingivitis\(2104).jpg,Gingivitis,2,0
C:\lab-hackathon\dataset\Caries\augmented\caries_0_3316.jpeg,Caries,0,1
C:\lab-hackathon\dataset\Gingivitis\(1032).jpg,Gingivitis,2,0
C:\lab-hackathon\dataset\Gingivitis\(366).jpg,Gingivitis,2,0
C:\lab-hackathon\dataset\Gingivitis\(2091).jpg,Gingivitis,2,0
C:\lab-hackathon\dataset\yolo_bbox\images\train\229.jpg,Ulcers,4,0
C:\lab-hackathon\dataset\yolo_bbox\images\train\594.jpg,Tooth Discoloration,3,0
C:\lab-hackathon\dataset\Ulcers\augmented\Mouth_Ulcer_0_9599.jpeg,Ulcers,4,1
C:\lab-hackathon\dataset\Ulcers\original\171.jpg,Ulcers,4,0
C:\lab-hackathon\dataset\Caries\original\215.jpg,Caries,0,0
C:\lab-hackathon\dataset\Tooth Discoloration\augmented\Tooth_Discoloration_0_4079.jpeg,Tooth Discoloration,3,1
C:\lab-hackathon\dataset\Ulcers\augmented\Mouth_Ulcer_0_2546.jpeg,Ulcers,4,1
C:\lab-hackathon\dataset\Ulcers\augmented\Mouth_Ulcer_0_11.jpeg,Ulcers,4,1
C:\lab-hackathon\dataset\Gingivitis\(643).jpg,Gingivitis,2,0
C:\lab-hackathon\dataset\Calculus\(226).jpg,Calculus,1,0
C:\lab-hackathon\dataset\Gingivitis\(1869).jpg,Gingivitis,2,0
C:\lab-hackathon\dataset\Calculus\(1097).jpg,Calculus,1,0
C:\lab-hackathon\dataset\Hypodontia\(609).JPG,Hypodontia,5,0
C:\lab-hackathon\dataset\Calculus\(373).jpg,Calculus,1,0
C:\lab-hackathon\dataset\yolo_bbox\images\train\161.jpg,Caries,0,0
C:\lab-hackathon\dataset\Calculus\(932).jpg,Calculus,1,0
C:\lab-hackathon\dataset\Gingivitis\(1273).jpg,Gingivitis,2,0
C:\lab-hackathon\dataset\Ulcers\original\198.jpg,Ulcers,4,0
C:\lab-hackathon\dataset\yolo_bbox\images\train\caries_0_4253.jpeg,Caries,0,0
C:\lab-hackathon\dataset\Gingivitis\(1176).jpg,Gingivitis,2,0
C:\lab-hackathon\dataset\yolo_bbox\images\train\(108).jpg,Gingivitis,2,0
C:\lab-hackathon\dataset\Caries\augmented\caries_0_2741.jpeg,Caries,0,1
C:\lab-hackathon\dataset\Tooth Discoloration\augmented\Tooth_Discoloration_0_3277.jpeg,Tooth Discoloration,3,1
C:\lab-hackathon\dataset\Calculus\(1278).jpg,Calculus,1,0
C:\lab-hackathon\dataset\Gingivitis\(1083).jpg,Gingivitis,2,0
C:\lab-hackathon\dataset\Gingivitis\(485).jpg,Gingivitis,2,0
C:\lab-hackathon\dataset\yolo_bbox\images\train\(19).jpg,Gingivitis,2,0
C:\lab-hackathon\dataset\Gingivitis\(1963).jpg,Gingivitis,2,0
C:\lab-hackathon\dataset\Ulcers\original\147.jpg,Ulcers,4,0
C:\lab-hackathon\dataset\Gingivitis\(330).jpg,Gingivitis,2,0
C:\lab-hackathon\dataset\Gingivitis\(1549).jpg,Gingivitis,2,0
C:\lab-hackathon\dataset\yolo_bbox\images\train\caries_0_159.jpeg,Caries,0,0
C:\lab-hackathon\dataset\Caries\augmented\caries_0_4786.jpeg,Caries,0,1
C:\lab-hackathon\dataset\Hypodontia\(1238).jpg,Hypodontia,5,0
C:\lab-hackathon\dataset\Tooth Discoloration\augmented\Tooth_Discoloration_0_9605.jpeg,Tooth Discoloration,3,1
C:\lab-hackathon\dataset\Tooth Discoloration\augmented\Tooth_Discoloration_0_282.jpeg,Tooth Discoloration,3,1
C:\lab-hackathon\dataset\yolo_bbox\images\train\caries_0_5063.jpeg,Caries,0,0
C:\lab-hackathon\dataset\Ulcers\augmented\Mouth_Ulcer_0_7402.jpeg,Ulcers,4,1
C:\lab-hackathon\dataset\Gingivitis\(810).jpg,Gingivitis,2,0
C:\lab-hackathon\dataset\Gingivitis\(467).jpg,Gingivitis,2,0
C:\lab-hackathon\dataset\Ulcers\augmented\Mouth_Ulcer_0_7720.jpeg,Ulcers,4,1
C:\lab-hackathon\dataset\Ulcers\augmented\Mouth_Ulcer_0_6139.jpeg,Ulcers,4,1
C:\lab-hackathon\dataset\Calculus\(938).jpg,Calculus,1,0
C:\lab-hackathon\dataset\Gingivitis\(333).jpg,Gingivitis,2,0
C:\lab-hackathon\dataset\yolo_bbox\images\train\caries_0_5148.jpeg,Caries,0,0
C:\lab-hackathon\dataset\Gingivitis\(2083).jpg,Gingivitis,2,0
C:\lab-hackathon\dataset\Gingivitis\(2109).jpg,Gingivitis,2,0
C:\lab-hackathon\dataset\Calculus\(674).jpg,Calculus,1,0
C:\lab-hackathon\dataset\Gingivitis\(726).jpg,Gingivitis,2,0
C:\lab-hackathon\dataset\yolo_bbox\images\train\caries_0_4990.jpeg,Caries,0,0
C:\lab-hackathon\dataset\Tooth Discoloration\augmented\Tooth_Discoloration_0_5887.jpeg,Tooth Discoloration,3,1
C:\lab-hackathon\dataset\Gingivitis\(2295).JPG,Gingivitis,2,0
C:\lab-hackathon\dataset\Calculus\(1091).jpg,Calculus,1,0
C:\lab-hackathon\dataset\Ulcers\augmented\Mouth_Ulcer_0_8668.jpeg,Ulcers,4,1
C:\lab-hackathon\dataset\yolo_bbox\images\train\78.jpg,Caries,0,0
C:\lab-hackathon\dataset\Caries\augmented\caries_0_3467.jpeg,Caries,0,1
C:\lab-hackathon\dataset\Hypodontia\(157).JPG,Hypodontia,5,0
C:\lab-hackathon\dataset\Hypodontia\(952).jpg,Hypodontia,5,0
C:\lab-hackathon\dataset\Tooth Discoloration\augmented\Tooth_Discoloration_0_9331.jpeg,Tooth Discoloration,3,1
C:\lab-hackathon\dataset\Ulcers\augmented\Mouth_Ulcer_0_8806.jpeg,Ulcers,4,1
C:\lab-hackathon\dataset\Gingivitis\(594).jpg,Gingivitis,2,0
C:\lab-hackathon\dataset\Calculus\(239).jpg,Calculus,1,0
C:\lab-hackathon\dataset\yolo_bbox\images\train\caries_0_5154.jpeg,Caries,0,0
C:\lab-hackathon\dataset\Caries\augmented\caries_0_2631.jpeg,Caries,0,1
C:\lab-hackathon\dataset\Gingivitis\(1072).jpg,Gingivitis,2,0
C:\lab-hackathon\dataset\Caries\original\211.jpg,Caries,0,0
C:\lab-hackathon\dataset\Tooth Discoloration\augmented\Tooth_Discoloration_0_4360.jpeg,Tooth Discoloration,3,1
C:\lab-hackathon\dataset\Gingivitis\(2088).jpg,Gingivitis,2,0
C:\lab-hackathon\dataset\Tooth Discoloration\augmented\Tooth_Discoloration_0_7138.jpeg,Tooth Discoloration,3,1
C:\lab-hackathon\dataset\Gingivitis\(748).jpg,Gingivitis,2,0
C:\lab-hackathon\dataset\Caries\original\127.jpg,Caries,0,0
C:\lab-hackathon\dataset\Caries\original\186.jpg,Caries,0,0
C:\lab-hackathon\dataset\Hypodontia\(743).JPG,Hypodontia,5,0
C:\lab-hackathon\dataset\Ulcers\augmented\Mouth_Ulcer_0_573.jpeg,Ulcers,4,1
C:\lab-hackathon\dataset\Tooth Discoloration\augmented\Tooth_Discoloration_0_8242.jpeg,Tooth Discoloration,3,1
C:\lab-hackathon\dataset\Ulcers\augmented\Mouth_Ulcer_0_1981.jpeg,Ulcers,4,1
C:\lab-hackathon\dataset\Gingivitis\(2304).jpg,Gingivitis,2,0
C:\lab-hackathon\dataset\Calculus\(958).jpg,Calculus,1,0
C:\lab-hackathon\dataset\Gingivitis\(1043).jpg,Gingivitis,2,0
C:\lab-hackathon\dataset\Calculus\(434).jpg,Calculus,1,0
C:\lab-hackathon\dataset\Ulcers\augmented\Mouth_Ulcer_0_3501.jpeg,Ulcers,4,1
C:\lab-hackathon\dataset\Ulcers\original\256.jpg,Ulcers,4,0
C:\lab-hackathon\dataset\Caries\augmented\caries_0_4194.jpeg,Caries,0,1
C:\lab-hackathon\dataset\yolo_bbox\images\train\caries_0_3634.jpeg,Ulcers,4,0
C:\lab-hackathon\dataset\Hypodontia\(1033).JPG,Hypodontia,5,0
C:\lab-hackathon\dataset\Calculus\(263).jpg,Calculus,1,0
C:\lab-hackathon\dataset\Tooth Discoloration\augmented\Tooth_Discoloration_0_4338.jpeg,Tooth Discoloration,3,1
C:\lab-hackathon\dataset\Hypodontia\(95).JPG,Hypodontia,5,0
C:\lab-hackathon\dataset\Tooth Discoloration\augmented\Tooth_Discoloration_0_6114.jpeg,Tooth Discoloration,3,1
C:\lab-hackathon\dataset\Tooth Discoloration\augmented\Tooth_Discoloration_0_7100.jpeg,Tooth Discoloration,3,1
C:\lab-hackathon\dataset\Ulcers\augmented\Mouth_Ulcer_0_3207.jpeg,Ulcers,4,1
C:\lab-hackathon\dataset\Gingivitis\(1368).jpg,Gingivitis,2,0
C:\lab-hackathon\dataset\Gingivitis\(961).jpg,Gingivitis,2,0
C:\lab-hackathon\dataset\Gingivitis\(162).jpg,Gingivitis,2,0
C:\lab-hackathon\dataset\yolo_bbox\images\train\(16).jpg,Gingivitis,2,0
C:\lab-hackathon\dataset\Tooth Discoloration\augmented\Tooth_Discoloration_0_476.jpeg,Tooth Discoloration,3,1
C:\lab-hackathon\dataset\Tooth Discoloration\augmented\Tooth_Discoloration_0_2313.jpeg,Tooth Discoloration,3,1
C:\lab-hackathon\dataset\Gingivitis\(335).jpg,Gingivitis,2,0
C:\lab-hackathon\dataset\Hypodontia\(1175).JPG,Hypodontia,5,0
C:\lab-hackathon\dataset\Hypodontia\(453).JPG,Hypodontia,5,0
C:\lab-hackathon\dataset\Gingivitis\(1889).jpg,Gingivitis,2,0
C:\lab-hackathon\dataset\Hypodontia\(77).JPG,Hypodontia,5,0
C:\lab-hackathon\dataset\Ulcers\augmented\Mouth_Ulcer_0_4497.jpeg,Ulcers,4,1
C:\lab-hackathon\dataset\Tooth Discoloration\augmented\Tooth_Discoloration_0_4671.jpeg,Tooth Discoloration,3,1
C:\lab-hackathon\dataset\Hypodontia\(198).JPG,Hypodontia,5,0
C:\lab-hackathon\dataset\Calculus\(693).jpg,Calculus,1,0
C:\lab-hackathon\dataset\Caries\augmented\caries_0_8359.jpeg,Caries,0,1
C:\lab-hackathon\dataset\Caries\augmented\caries_0_7033.jpeg,Caries,0,1
C:\lab-hackathon\dataset\Ulcers\augmented\Mouth_Ulcer_0_5314.jpeg,Ulcers,4,1
C:\lab-hackathon\dataset\Tooth Discoloration\augmented\Tooth_Discoloration_0_2699.jpeg,Tooth Discoloration,3,1
C:\lab-hackathon\dataset\Tooth Discoloration\augmented\Tooth_Discoloration_0_383.jpeg,Tooth Discoloration,3,1
C:\lab-hackathon\dataset\Ulcers\augmented\Mouth_Ulcer_0_8037.jpeg,Ulcers,4,1
C:\lab-hackathon\dataset\Ulcers\augmented\Mouth_Ulcer_0_9257.jpeg,Ulcers,4,1
C:\lab-hackathon\dataset\Calculus\(822).jpg,Calculus,1,0
C:\lab-hackathon\dataset\Tooth Discoloration\augmented\Tooth_Discoloration_0_9684.jpeg,Tooth Discoloration,3,1
C:\lab-hackathon\dataset\Gingivitis\(1705).jpg,Gingivitis,2,0
C:\lab-hackathon\dataset\Gingivitis\(1352).jpg,Gingivitis,2,0
C:\lab-hackathon\dataset\Caries\augmented\caries_0_5337.jpeg,Caries,0,1
C:\lab-hackathon\dataset\Hypodontia\(325).JPG,Hypodontia,5,0
C:\lab-hackathon\dataset\Gingivitis\(2106).jpg,Gingivitis,2,0
C:\lab-hackathon\dataset\yolo_bbox\images\train\caries_0_3424.jpeg,Caries,0,0
C:\lab-hackathon\dataset\yolo_bbox\images\train\caries_0_3878.jpeg,Caries,0,0
C:\lab-hackathon\dataset\Gingivitis\(831).jpg,Gingivitis,2,0
C:\lab-hackathon\dataset\Caries\augmented\caries_0_1447.jpeg,Caries,0,1
C:\lab-hackathon\dataset\Ulcers\original\41.jpg,Ulcers,4,0
C:\lab-hackathon\dataset\Calculus\(1020).jpg,Calculus,1,0
C:\lab-hackathon\dataset\Hypodontia\(708).JPG,Hypodontia,5,0
C:\lab-hackathon\dataset\Ulcers\augmented\Mouth_Ulcer_0_4934.jpeg,Ulcers,4,1
C:\lab-hackathon\dataset\Hypodontia\(847).JPG,Hypodontia,5,0
C:\lab-hackathon\dataset\Tooth Discoloration\augmented\Tooth_Discoloration_0_3831.jpeg,Tooth Discoloration,3,1
C:\lab-hackathon\dataset\Calculus\(160).jpg,Calculus,1,0
C:\lab-hackathon\dataset\Tooth Discoloration\augmented\Tooth_Discoloration_0_9374.jpeg,Tooth Discoloration,3,1
C:\lab-hackathon\dataset\Gingivitis\(699).jpg,Gingivitis,2,0
C:\lab-hackathon\dataset\yolo_bbox\images\train\29.jpg,Caries,0,0
C:\lab-hackathon\dataset\Hypodontia\(928).JPG,Hypodontia,5,0
C:\lab-hackathon\dataset\Hypodontia\(218).JPG,Hypodontia,5,0
C:\lab-hackathon\dataset\Gingivitis\(210).jpg,Gingivitis,2,0
C:\lab-hackathon\dataset\yolo_bbox\images\train\619.jpg,Tooth Discoloration,3,0
C:\lab-hackathon\dataset\yolo_bbox\images\train\(171).jpg,Gingivitis,2,0
C:\lab-hackathon\dataset\Gingivitis\(1664).jpg,Gingivitis,2,0
C:\lab-hackathon\dataset\Gingivitis\(696).jpg,Gingivitis,2,0
C:\lab-hackathon\dataset\Caries\augmented\caries_0_9882.jpeg,Caries,0,1
C:\lab-hackathon\dataset\Ulcers\original\15.jpg,Ulcers,4,0
C:\lab-hackathon\dataset\Ulcers\augmented\Mouth_Ulcer_0_4009.jpeg,Ulcers,4,1
C:\lab-hackathon\dataset\Hypodontia\(567).JPG,Hypodontia,5,0
C:\lab-hackathon\dataset\yolo_bbox\images\train\62.jpg,Caries,0,0
C:\lab-hackathon\dataset\Gingivitis\(938).jpg,Gingivitis,2,0
C:\lab-hackathon\dataset\Gingivitis\(656).jpg,Gingivitis,2,0
C:\lab-hackathon\dataset\Ulcers\augmented\Mouth_Ulcer_0_4633.jpeg,Ulcers,4,1
C:\lab-hackathon\dataset\yolo_bbox\images\train\(28).jpg,Gingivitis,2,0
C:\lab-hackathon\dataset\Ulcers\augmented\Mouth_Ulcer_0_1397.jpeg,Ulcers,4,1
C:\lab-hackathon\dataset\Ulcers\augmented\Mouth_Ulcer_0_4647.jpeg,Ulcers,4,1
C:\lab-hackathon\dataset\Gingivitis\(1016).jpg,Gingivitis,2,0
C:\lab-hackathon\dataset\Gingivitis\(744).jpg,Gingivitis,2,0
C:\lab-hackathon\dataset\Ulcers\original\107.jpg,Ulcers,4,0
C:\lab-hackathon\dataset\Calculus\(304).jpg,Calculus,1,0
C:\lab-hackathon\dataset\Calculus\(766).jpg,Calculus,1,0
C:\lab-hackathon\dataset\Gingivitis\(1718).jpg,Gingivitis,2,0
C:\lab-hackathon\dataset\Ulcers\augmented\Mouth_Ulcer_0_1365.jpeg,Ulcers,4,1
C:\lab-hackathon\dataset\Ulcers\augmented\Mouth_Ulcer_0_7949.jpeg,Ulcers,4,1
C:\lab-hackathon\dataset\yolo_bbox\images\train\58.jpg,Caries,0,0
C:\lab-hackathon\dataset\Hypodontia\(194).JPG,Hypodontia,5,0
C:\lab-hackathon\dataset\Gingivitis\(2253).jpg,Gingivitis,2,0
C:\lab-hackathon\dataset\Gingivitis\(147).jpg,Gingivitis,2,0
C:\lab-hackathon\dataset\Gingivitis\(1061).jpg,Gingivitis,2,0
C:\lab-hackathon\dataset\Caries\augmented\caries_0_8033.jpeg,Caries,0,1
C:\lab-hackathon\dataset\Gingivitis\(1219).jpg,Gingivitis,2,0
C:\lab-hackathon\dataset\yolo_bbox\images\train\556.jpg,Tooth Discoloration,3,0
C:\lab-hackathon\dataset\Tooth Discoloration\augmented\Tooth_Discoloration_0_1447.jpeg,Tooth Discoloration,3,1
C:\lab-hackathon\dataset\Caries\augmented\caries_0_3253.jpeg,Caries,0,1
C:\lab-hackathon\dataset\yolo_bbox\images\train\339.jpg,Ulcers,4,0
C:\lab-hackathon\dataset\Gingivitis\(83).jpg,Gingivitis,2,0
C:\lab-hackathon\dataset\Gingivitis\(689).jpg,Gingivitis,2,0
C:\lab-hackathon\dataset\Tooth Discoloration\augmented\Tooth_Discoloration_0_5667.jpeg,Tooth Discoloration,3,1
C:\lab-hackathon\dataset\yolo_bbox\images\train\caries_0_4412.jpeg,Caries,0,0
C:\lab-hackathon\dataset\yolo_bbox\images\train\449.jpg,Ulcers,4,0
C:\lab-hackathon\dataset\Tooth Discoloration\augmented\Tooth_Discoloration_0_758.jpeg,Tooth Discoloration,3,1
C:\lab-hackathon\dataset\yolo_bbox\images\train\(159).jpg,Gingivitis,2,0
C:\lab-hackathon\dataset\Gingivitis\(1946).jpg,Gingivitis,2,0
C:\lab-hackathon\dataset\Calculus\(371).jpg,Calculus,1,0
C:\lab-hackathon\dataset\Caries\augmented\caries_0_9570.jpeg,Caries,0,1
C:\lab-hackathon\dataset\Tooth Discoloration\augmented\Tooth_Discoloration_0_2174.jpeg,Tooth Discoloration,3,1
C:\lab-hackathon\dataset\Tooth Discoloration\augmented\Tooth_Discoloration_0_410.jpeg,Tooth Discoloration,3,1
C:\lab-hackathon\dataset\Ulcers\original\162.jpg,Ulcers,4,0
C:\lab-hackathon\dataset\Caries\original\19.jpg,Caries,0,0
C:\lab-hackathon\dataset\Hypodontia\(527).jpg,Hypodontia,5,0
C:\lab-hackathon\dataset\Tooth Discoloration\augmented\Tooth_Discoloration_0_4694.jpeg,Tooth Discoloration,3,1
C:\lab-hackathon\dataset\Ulcers\augmented\Mouth_Ulcer_0_1809.jpeg,Ulcers,4,1
C:\lab-hackathon\dataset\Gingivitis\(382).jpg,Gingivitis,2,0
C:\lab-hackathon\dataset\Tooth Discoloration\augmented\Tooth_Discoloration_0_5161.jpeg,Tooth Discoloration,3,1
C:\lab-hackathon\dataset\Calculus\(68).jpg,Calculus,1,0
C:\lab-hackathon\dataset\Ulcers\augmented\Mouth_Ulcer_0_3387.jpeg,Ulcers,4,1
C:\lab-hackathon\dataset\Caries\augmented\caries_0_5958.jpeg,Caries,0,1
C:\lab-hackathon\dataset\Calculus\(1131).jpg,Calculus,1,0
C:\lab-hackathon\dataset\Calculus\(507).jpg,Calculus,1,0
C:\lab-hackathon\dataset\Hypodontia\(297).JPG,Hypodontia,5,0
C:\lab-hackathon\dataset\Gingivitis\(385).jpg,Gingivitis,2,0
C:\lab-hackathon\dataset\Hypodontia\(241).jpg,Hypodontia,5,0
C:\lab-hackathon\dataset\yolo_bbox\images\train\caries_0_3366.jpeg,Ulcers,4,0
C:\lab-hackathon\dataset\Gingivitis\(1336).jpg,Gingivitis,2,0
C:\lab-hackathon\dataset\Hypodontia\(427).JPG,Hypodontia,5,0
C:\lab-hackathon\dataset\Ulcers\augmented\Mouth_Ulcer_0_2231.jpeg,Ulcers,4,1
C:\lab-hackathon\dataset\yolo_bbox\images\train\36.jpg,Caries,0,0
C:\lab-hackathon\dataset\Gingivitis\(1530).jpg,Gingivitis,2,0
C:\lab-hackathon\dataset\Gingivitis\(2006).jpg,Gingivitis,2,0
C:\lab-hackathon\dataset\Hypodontia\(794).JPG,Hypodontia,5,0
C:\lab-hackathon\dataset\Hypodontia\(1040).JPG,Hypodontia,5,0
C:\lab-hackathon\dataset\yolo_bbox\images\train\219.jpg,Ulcers,4,0
C:\lab-hackathon\dataset\yolo_bbox\images\train\189.jpg,Caries,0,0
C:\lab-hackathon\dataset\Calculus\(1242).jpg,Calculus,1,0
C:\lab-hackathon\dataset\yolo_bbox\images\train\434.jpg,Ulcers,4,0
C:\lab-hackathon\dataset\yolo_bbox\images\train\caries_0_4018.jpeg,Caries,0,0
C:\lab-hackathon\dataset\Caries\augmented\caries_0_880.jpeg,Caries,0,1
C:\lab-hackathon\dataset\Tooth Discoloration\original\36.jpg,Tooth Discoloration,3,0
C:\lab-hackathon\dataset\Tooth Discoloration\augmented\Tooth_Discoloration_0_1070.jpeg,Tooth Discoloration,3,1
C:\lab-hackathon\dataset\Calculus\(497).jpg,Calculus,1,0
C:\lab-hackathon\dataset\Calculus\(150).jpg,Calculus,1,0
C:\lab-hackathon\dataset\Calculus\(1022).jpg,Calculus,1,0
C:\lab-hackathon\dataset\Calculus\(628).jpg,Calculus,1,0
C:\lab-hackathon\dataset\Tooth Discoloration\augmented\Tooth_Discoloration_0_5208.jpeg,Tooth Discoloration,3,1
C:\lab-hackathon\dataset\Gingivitis\(1865).jpg,Gingivitis,2,0
C:\lab-hackathon\dataset\Caries\augmented\caries_0_7620.jpeg,Caries,0,1
C:\lab-hackathon\dataset\Gingivitis\(1149).jpg,Gingivitis,2,0
C:\lab-hackathon\dataset\Caries\augmented\caries_0_6957.jpeg,Caries,0,1
C:\lab-hackathon\dataset\yolo_bbox\images\train\363.jpg,Ulcers,4,0
C:\lab-hackathon\dataset\Caries\augmented\caries_0_6722.jpeg,Caries,0,1
C:\lab-hackathon\dataset\Hypodontia\(359).jpg,Hypodontia,5,0
C:\lab-hackathon\dataset\Gingivitis\(224).jpg,Gingivitis,2,0
C:\lab-hackathon\dataset\Calculus\(10).jpg,Calculus,1,0
C:\lab-hackathon\dataset\Gingivitis\(538).jpg,Gingivitis,2,0
C:\lab-hackathon\dataset\Hypodontia\(892).JPG,Hypodontia,5,0
C:\lab-hackathon\dataset\Hypodontia\(250).jpg,Hypodontia,5,0
C:\lab-hackathon\dataset\Caries\augmented\caries_0_5060.jpeg,Caries,0,1
C:\lab-hackathon\dataset\Hypodontia\(675).jpg,Hypodontia,5,0
C:\lab-hackathon\dataset\Ulcers\augmented\Mouth_Ulcer_0_8506.jpeg,Ulcers,4,1
C:\lab-hackathon\dataset\Calculus\(268).jpg,Calculus,1,0
C:\lab-hackathon\dataset\Caries\augmented\caries_0_6074.jpeg,Caries,0,1
C:\lab-hackathon\dataset\Hypodontia\(1019).JPG,Hypodontia,5,0
C:\lab-hackathon\dataset\Ulcers\augmented\Mouth_Ulcer_0_3211.jpeg,Ulcers,4,1
C:\lab-hackathon\dataset\Ulcers\augmented\Mouth_Ulcer_0_4202.jpeg,Ulcers,4,1
C:\lab-hackathon\dataset\Hypodontia\(309).JPG,Hypodontia,5,0
C:\lab-hackathon\dataset\Ulcers\original\122.jpg,Ulcers,4,0
C:\lab-hackathon\dataset\Caries\augmented\caries_0_84.jpeg,Caries,0,1
C:\lab-hackathon\dataset\Ulcers\augmented\Mouth_Ulcer_0_8332.jpeg,Ulcers,4,1
C:\lab-hackathon\dataset\Ulcers\augmented\Mouth_Ulcer_0_7114.jpeg,Ulcers,4,1
C:\lab-hackathon\dataset\Ulcers\original\141.jpg,Ulcers,4,0
C:\lab-hackathon\dataset\Ulcers\original\185.jpg,Ulcers,4,0
C:\lab-hackathon\dataset\Ulcers\augmented\Mouth_Ulcer_0_2524.jpeg,Ulcers,4,1
C:\lab-hackathon\dataset\yolo_bbox\images\train\(224).jpg,Gingivitis,2,0
C:\lab-hackathon\dataset\Caries\augmented\caries_0_2198.jpeg,Caries,0,1
C:\lab-hackathon\dataset\Tooth Discoloration\augmented\Tooth_Discoloration_0_7237.jpeg,Tooth Discoloration,3,1
C:\lab-hackathon\dataset\Tooth Discoloration\augmented\Tooth_Discoloration_0_4260.jpeg,Tooth Discoloration,3,1
C:\lab-hackathon\dataset\yolo_bbox\images\train\caries_0_4725.jpeg,Caries,0,0
C:\lab-hackathon\dataset\Hypodontia\(972).JPG,Hypodontia,5,0
C:\lab-hackathon\dataset\Calculus\(860).jpg,Calculus,1,0
C:\lab-hackathon\dataset\Caries\original\50.jpg,Caries,0,0
C:\lab-hackathon\dataset\Gingivitis\(1967).jpg,Gingivitis,2,0
C:\lab-hackathon\dataset\Caries\augmented\caries_0_4140.jpeg,Caries,0,1
C:\lab-hackathon\dataset\Caries\augmented\caries_0_6382.jpeg,Caries,0,1
C:\lab-hackathon\dataset\Tooth Discoloration\augmented\Tooth_Discoloration_0_401.jpeg,Tooth Discoloration,3,1
C:\lab-hackathon\dataset\Ulcers\original\86.jpg,Ulcers,4,0
C:\lab-hackathon\dataset\Ulcers\augmented\Mouth_Ulcer_0_1893.jpeg,Ulcers,4,1
C:\lab-hackathon\dataset\yolo_bbox\images\train\caries_0_4260.jpeg,Caries,0,0
C:\lab-hackathon\dataset\Calculus\(524).jpg,Calculus,1,0
C:\lab-hackathon\dataset\Gingivitis\(861).jpg,Gingivitis,2,0
C:\lab-hackathon\dataset\Ulcers\augmented\Mouth_Ulcer_0_4187.jpeg,Ulcers,4,1
C:\lab-hackathon\dataset\yolo_bbox\images\train\28.jpg,Caries,0,0
C:\lab-hackathon\dataset\Ulcers\augmented\Mouth_Ulcer_0_5762.jpeg,Ulcers,4,1
C:\lab-hackathon\dataset\yolo_bbox\images\train\599.jpg,Tooth Discoloration,3,0
C:\lab-hackathon\dataset\Calculus\(316).jpg,Calculus,1,0
C:\lab-hackathon\dataset\yolo_bbox\images\train\468.jpg,Tooth Discoloration,3,0
C:\lab-hackathon\dataset\Caries\augmented\caries_0_9830.jpeg,Caries,0,1
C:\lab-hackathon\dataset\Caries\augmented\caries_0_1348.jpeg,Caries,0,1
C:\lab-hackathon\dataset\Caries\original\177.jpg,Caries,0,0
C:\lab-hackathon\dataset\Calculus\(1175).jpg,Calculus,1,0
C:\lab-hackathon\dataset\Hypodontia\(672).jpg,Hypodontia,5,0
C:\lab-hackathon\dataset\Hypodontia\(679).jpg,Hypodontia,5,0
C:\lab-hackathon\dataset\Caries\augmented\caries_0_4303.jpeg,Caries,0,1
C:\lab-hackathon\dataset\yolo_bbox\images\train\(52).jpg,Gingivitis,2,0
C:\lab-hackathon\dataset\Ulcers\augmented\Mouth_Ulcer_0_9635.jpeg,Ulcers,4,1
C:\lab-hackathon\dataset\yolo_bbox\images\train\96.jpg,Caries,0,0
C:\lab-hackathon\dataset\yolo_bbox\images\train\213.jpg,Caries,0,0
C:\lab-hackathon\dataset\yolo_bbox\images\train\37.jpg,Caries,0,0
C:\lab-hackathon\dataset\Caries\augmented\caries_0_8126.jpeg,Caries,0,1
C:\lab-hackathon\dataset\Tooth Discoloration\augmented\Tooth_Discoloration_0_954.jpeg,Tooth Discoloration,3,1
C:\lab-hackathon\dataset\Gingivitis\(28).jpg,Gingivitis,2,0
C:\lab-hackathon\dataset\yolo_bbox\images\train\(204).jpg,Gingivitis,2,0
C:\lab-hackathon\dataset\Ulcers\augmented\Mouth_Ulcer_0_5061.jpeg,Ulcers,4,1
C:\lab-hackathon\dataset\Calculus\(1256).jpg,Calculus,1,0
C:\lab-hackathon\dataset\Calculus\(877).jpg,Calculus,1,0
C:\lab-hackathon\dataset\Gingivitis\(1891).jpg,Gingivitis,2,0
C:\lab-hackathon\dataset\Hypodontia\(493).JPG,Hypodontia,5,0
C:\lab-hackathon\dataset\Ulcers\augmented\Mouth_Ulcer_0_3560.jpeg,Ulcers,4,1
C:\lab-hackathon\dataset\Gingivitis\(2092).jpg,Gingivitis,2,0
C:\lab-hackathon\dataset\yolo_bbox\images\train\caries_0_228.jpeg,Caries,0,0
C:\lab-hackathon\dataset\Ulcers\augmented\Mouth_Ulcer_0_6901.jpeg,Ulcers,4,1
C:\lab-hackathon\dataset\Caries\original\49.jpg,Caries,0,0
C:\lab-hackathon\dataset\yolo_bbox\images\train\231.jpg,Ulcers,4,0
C:\lab-hackathon\dataset\Gingivitis\(1641).jpg,Gingivitis,2,0
C:\lab-hackathon\dataset\Hypodontia\(404).jpg,Hypodontia,5,0
C:\lab-hackathon\dataset\Gingivitis\(1533).jpg,Gingivitis,2,0
C:\lab-hackathon\dataset\Gingivitis\(562).jpg,Gingivitis,2,0
C:\lab-hackathon\dataset\Ulcers\augmented\Mouth_Ulcer_0_386.jpeg,Ulcers,4,1
C:\lab-hackathon\dataset\Gingivitis\(2099).jpg,Gingivitis,2,0
C:\lab-hackathon\dataset\yolo_bbox\images\train\166.jpg,Caries,0,0
C:\lab-hackathon\dataset\Hypodontia\(1180).JPG,Hypodontia,5,0
C:\lab-hackathon\dataset\yolo_bbox\images\train\(216).jpg,Gingivitis,2,0
C:\lab-hackathon\dataset\yolo_bbox\images\train\405.jpg,Ulcers,4,0
C:\lab-hackathon\dataset\Gingivitis\(685).jpg,Gingivitis,2,0
C:\lab-hackathon\dataset\Gingivitis\(2028).jpg,Gingivitis,2,0
C:\lab-hackathon\dataset\Calculus\(612).jpg,Calculus,1,0
C:\lab-hackathon\dataset\Caries\augmented\caries_0_6238.jpeg,Caries,0,1
C:\lab-hackathon\dataset\yolo_bbox\images\train\caries_0_634.jpeg,Caries,0,0
C:\lab-hackathon\dataset\Gingivitis\(1666).jpg,Gingivitis,2,0
C:\lab-hackathon\dataset\Hypodontia\(105).jpg,Hypodontia,5,0
C:\lab-hackathon\dataset\Ulcers\augmented\Mouth_Ulcer_0_909.jpeg,Ulcers,4,1
C:\lab-hackathon\dataset\Tooth Discoloration\augmented\Tooth_Discoloration_0_5353.jpeg,Tooth Discoloration,3,1
C:\lab-hackathon\dataset\Caries\augmented\caries_0_5643.jpeg,Caries,0,1
C:\lab-hackathon\dataset\Tooth Discoloration\augmented\Tooth_Discoloration_0_8467.jpeg,Tooth Discoloration,3,1
C:\lab-hackathon\dataset\Gingivitis\(2062).jpg,Gingivitis,2,0
C:\lab-hackathon\dataset\Gingivitis\(618).jpg,Gingivitis,2,0
C:\lab-hackathon\dataset\Hypodontia\(597).JPG,Hypodontia,5,0
C:\lab-hackathon\dataset\Ulcers\original\197.jpg,Ulcers,4,0
C:\lab-hackathon\dataset\Calculus\(217).jpg,Calculus,1,0
C:\lab-hackathon\dataset\Calculus\(1208).jpg,Calculus,1,0
C:\lab-hackathon\dataset\Gingivitis\(501).jpg,Gingivitis,2,0
C:\lab-hackathon\dataset\Ulcers\augmented\Mouth_Ulcer_0_8002.jpeg,Ulcers,4,1
C:\lab-hackathon\dataset\yolo_bbox\images\train\391.jpg,Ulcers,4,0
C:\lab-hackathon\dataset\yolo_bbox\images\train\(134).jpg,Gingivitis,2,0
C:\lab-hackathon\dataset\Caries\augmented\caries_0_9167.jpeg,Caries,0,1
C:\lab-hackathon\dataset\Calculus\(679).jpg,Calculus,1,0
C:\lab-hackathon\dataset\Caries\augmented\caries_0_5514.jpeg,Caries,0,1
C:\lab-hackathon\dataset\Calculus\(422).jpg,Calculus,1,0
C:\lab-hackathon\dataset\Calculus\(980).jpg,Calculus,1,0
C:\lab-hackathon\dataset\Gingivitis\(1250).jpg,Gingivitis,2,0
C:\lab-hackathon\dataset\Hypodontia\(323).JPG,Hypodontia,5,0
C:\lab-hackathon\dataset\yolo_bbox\images\train\caries_0_662.jpeg,Caries,0,0
C:\lab-hackathon\dataset\Calculus\(1089).jpg,Calculus,1,0
C:\lab-hackathon\dataset\Gingivitis\(741).jpg,Gingivitis,2,0
C:\lab-hackathon\dataset\Gingivitis\(1909).jpg,Gingivitis,2,0
C:\lab-hackathon\dataset\Gingivitis\(1448).jpg,Gingivitis,2,0
C:\lab-hackathon\dataset\Ulcers\original\78.jpg,Ulcers,4,0
C:\lab-hackathon\dataset\Calculus\(1066).jpg,Calculus,1,0
C:\lab-hackathon\dataset\yolo_bbox\images\train\caries_0_3592.jpeg,Caries,0,0
C:\lab-hackathon\dataset\Tooth Discoloration\augmented\Tooth_Discoloration_0_4946.jpeg,Tooth Discoloration,3,1
C:\lab-hackathon\dataset\Ulcers\augmented\Mouth_Ulcer_0_3510.jpeg,Ulcers,4,1
C:\lab-hackathon\dataset\Ulcers\augmented\Mouth_Ulcer_0_1425.jpeg,Ulcers,4,1
C:\lab-hackathon\dataset\Calculus\(1061).jpg,Calculus,1,0
C:\lab-hackathon\dataset\Caries\augmented\caries_0_1779.jpeg,Caries,0,1
C:\lab-hackathon\dataset\Tooth Discoloration\original\85.jpg,Tooth Discoloration,3,0
C:\lab-hackathon\dataset\Calculus\(1121).jpg,Calculus,1,0
C:\lab-hackathon\dataset\Calculus\(618).jpg,Calculus,1,0
C:\lab-hackathon\dataset\Calculus\(1050).jpg,Calculus,1,0
C:\lab-hackathon\dataset\Tooth Discoloration\original\90.jpg,Tooth Discoloration,3,0
C:\lab-hackathon\dataset\Gingivitis\(808).jpg,Gingivitis,2,0
C:\lab-hackathon\dataset\Tooth Discoloration\augmented\Tooth_Discoloration_0_5976.jpeg,Tooth Discoloration,3,1
C:\lab-hackathon\dataset\yolo_bbox\images\train\caries_0_4665.jpeg,Caries,0,0
C:\lab-hackathon\dataset\Ulcers\augmented\Mouth_Ulcer_0_6409.jpeg,Ulcers,4,1
C:\lab-hackathon\dataset\Tooth Discoloration\augmented\Tooth_Discoloration_0_1214.jpeg,Tooth Discoloration,3,1
C:\lab-hackathon\dataset\Calculus\(457).jpg,Calculus,1,0
C:\lab-hackathon\dataset\Tooth Discoloration\augmented\Tooth_Discoloration_0_2583.jpeg,Tooth Discoloration,3,1
C:\lab-hackathon\dataset\Hypodontia\(332).JPG,Hypodontia,5,0
C:\lab-hackathon\dataset\Gingivitis\(1875).jpg,Gingivitis,2,0
C:\lab-hackathon\dataset\yolo_bbox\images\train\338.jpg,Ulcers,4,0
C:\lab-hackathon\dataset\yolo_bbox\images\train\499.jpg,Tooth Discoloration,3,0
C:\lab-hackathon\dataset\Gingivitis\(360).jpg,Gingivitis,2,0
C:\lab-hackathon\dataset\Calculus\(1171).jpg,Calculus,1,0
C:\lab-hackathon\dataset\yolo_bbox\images\train\621.jpg,Tooth Discoloration,3,0
C:\lab-hackathon\dataset\Tooth Discoloration\augmented\Tooth_Discoloration_0_7064.jpeg,Tooth Discoloration,3,1
C:\lab-hackathon\dataset\Hypodontia\(321).JPG,Hypodontia,5,0
C:\lab-hackathon\dataset\Ulcers\augmented\Mouth_Ulcer_0_7677.jpeg,Ulcers,4,1
C:\lab-hackathon\dataset\Caries\augmented\caries_0_7540.jpeg,Caries,0,1
C:\lab-hackathon\dataset\Caries\augmented\caries_0_6513.jpeg,Caries,0,1
C:\lab-hackathon\dataset\Hypodontia\(552).jpg,Hypodontia,5,0
C:\lab-hackathon\dataset\Gingivitis\(1772).jpg,Gingivitis,2,0
C:\lab-hackathon\dataset\yolo_bbox\images\train\(46).jpg,Gingivitis,2,0
C:\lab-hackathon\dataset\Ulcers\augmented\Mouth_Ulcer_0_350.jpeg,Ulcers,4,1
C:\lab-hackathon\dataset\yolo_bbox\images\train\611.jpg,Tooth Discoloration,3,0
C:\lab-hackathon\dataset\yolo_bbox\images\train\270.jpg,Ulcers,4,0
C:\lab-hackathon\dataset\Tooth Discoloration\augmented\Tooth_Discoloration_0_4552.jpeg,Tooth Discoloration,3,1
C:\lab-hackathon\dataset\Hypodontia\(694).JPG,Hypodontia,5,0
C:\lab-hackathon\dataset\Caries\augmented\caries_0_835.jpeg,Caries,0,1
C:\lab-hackathon\dataset\Calculus\(842).jpg,Calculus,1,0
C:\lab-hackathon\dataset\Tooth Discoloration\augmented\Tooth_Discoloration_0_4183.jpeg,Tooth Discoloration,3,1
C:\lab-hackathon\dataset\yolo_bbox\images\train\caries_0_3698.jpeg,Caries,0,0
C:\lab-hackathon\dataset\Tooth Discoloration\augmented\Tooth_Discoloration_0_3418.jpeg,Tooth Discoloration,3,1
C:\lab-hackathon\dataset\Ulcers\augmented\Mouth_Ulcer_0_8906.jpeg,Ulcers,4,1
C:\lab-hackathon\dataset\Ulcers\original\159.jpg,Ulcers,4,0
C:\lab-hackathon\dataset\yolo_bbox\images\train\caries_0_3740.jpeg,Caries,0,0
C:\lab-hackathon\dataset\Hypodontia\(637).jpg,Hypodontia,5,0
C:\lab-hackathon\dataset\Calculus\(806).jpg,Calculus,1,0
C:\lab-hackathon\dataset\yolo_bbox\images\train\caries_0_5107.jpeg,Caries,0,0
C:\lab-hackathon\dataset\Tooth Discoloration\augmented\Tooth_Discoloration_0_9086.jpeg,Tooth Discoloration,3,1
C:\lab-hackathon\dataset\yolo_bbox\images\train\caries_0_3699.jpeg,Caries,0,0
C:\lab-hackathon\dataset\Caries\augmented\caries_0_7509.jpeg,Caries,0,1
C:\lab-hackathon\dataset\Gingivitis\(679).jpg,Gingivitis,2,0
C:\lab-hackathon\dataset\Gingivitis\(1695).jpg,Gingivitis,2,0
C:\lab-hackathon\dataset\Hypodontia\(421).JPG,Hypodontia,5,0
C:\lab-hackathon\dataset\yolo_bbox\images\train\415.jpg,Ulcers,4,0
C:\lab-hackathon\dataset\yolo_bbox\images\train\439.jpg,Ulcers,4,0
C:\lab-hackathon\dataset\Tooth Discoloration\augmented\Tooth_Discoloration_0_521.jpeg,Tooth Discoloration,3,1
C:\lab-hackathon\dataset\yolo_bbox\images\train\(222).jpg,Gingivitis,2,0
C:\lab-hackathon\dataset\Gingivitis\(189).jpg,Gingivitis,2,0
C:\lab-hackathon\dataset\Caries\augmented\caries_0_4603.jpeg,Caries,0,1
C:\lab-hackathon\dataset\Calculus\(1183).jpg,Calculus,1,0
C:\lab-hackathon\dataset\Calculus\(87).jpg,Calculus,1,0
C:\lab-hackathon\dataset\Tooth Discoloration\augmented\Tooth_Discoloration_0_9902.jpeg,Tooth Discoloration,3,1
C:\lab-hackathon\dataset\Hypodontia\(392).JPG,Hypodontia,5,0
C:\lab-hackathon\dataset\Hypodontia\(905).JPG,Hypodontia,5,0
C:\lab-hackathon\dataset\Gingivitis\(1431).jpg,Gingivitis,2,0
C:\lab-hackathon\dataset\Caries\augmented\caries_0_1825.jpeg,Caries,0,1
C:\lab-hackathon\dataset\Tooth Discoloration\original\131.jpg,Tooth Discoloration,3,0
C:\lab-hackathon\dataset\Gingivitis\(774).jpg,Gingivitis,2,0
C:\lab-hackathon\dataset\Hypodontia\(1242).jpg,Hypodontia,5,0
C:\lab-hackathon\dataset\Gingivitis\(1613).jpg,Gingivitis,2,0
C:\lab-hackathon\dataset\Gingivitis\(901).jpg,Gingivitis,2,0
C:\lab-hackathon\dataset\Caries\augmented\caries_0_7220.jpeg,Caries,0,1
C:\lab-hackathon\dataset\yolo_bbox\images\train\caries_0_4617.jpeg,Caries,0,0
C:\lab-hackathon\dataset\Calculus\(97).jpg,Calculus,1,0
C:\lab-hackathon\dataset\yolo_bbox\images\train\119.jpg,Caries,0,0
C:\lab-hackathon\dataset\yolo_bbox\images\train\caries_0_4898.jpeg,Caries,0,0
C:\lab-hackathon\dataset\Ulcers\original\103.jpg,Ulcers,4,0
C:\lab-hackathon\dataset\yolo_bbox\images\train\(101).jpg,Gingivitis,2,0
C:\lab-hackathon\dataset\Gingivitis\(1224).jpg,Gingivitis,2,0
C:\lab-hackathon\dataset\Tooth Discoloration\augmented\Tooth_Discoloration_0_1072.jpeg,Tooth Discoloration,3,1
C:\lab-hackathon\dataset\yolo_bbox\images\train\caries_0_3334.jpeg,Caries,0,0
C:\lab-hackathon\dataset\Gingivitis\(1082).jpg,Gingivitis,2,0
C:\lab-hackathon\dataset\yolo_bbox\images\train\(168).jpg,Gingivitis,2,0
C:\lab-hackathon\dataset\yolo_bbox\images\train\11.jpg,Caries,0,0
C:\lab-hackathon\dataset\Ulcers\original\176.jpg,Ulcers,4,0
C:\lab-hackathon\dataset\Gingivitis\(472).jpg,Gingivitis,2,0
C:\lab-hackathon\dataset\yolo_bbox\images\train\caries_0_352.jpeg,Caries,0,0
C:\lab-hackathon\dataset\Tooth Discoloration\augmented\Tooth_Discoloration_0_6146.jpeg,Tooth Discoloration,3,1
C:\lab-hackathon\dataset\Calculus\(698).jpg,Calculus,1,0
C:\lab-hackathon\dataset\Caries\augmented\caries_0_7458.jpeg,Caries,0,1
C:\lab-hackathon\dataset\Ulcers\augmented\Mouth_Ulcer_0_6956.jpeg,Ulcers,4,1
C:\lab-hackathon\dataset\yolo_bbox\images\train\caries_0_3478.jpeg,Caries,0,0
C:\lab-hackathon\dataset\yolo_bbox\images\train\caries_0_3890.jpeg,Caries,0,0
C:\lab-hackathon\dataset\Caries\augmented\caries_0_6045.jpeg,Caries,0,1
C:\lab-hackathon\dataset\Caries\augmented\caries_0_1167.jpeg,Caries,0,1
C:\lab-hackathon\dataset\Ulcers\augmented\Mouth_Ulcer_0_7786.jpeg,Ulcers,4,1
C:\lab-hackathon\dataset\Hypodontia\(182).JPG,Hypodontia,5,0
C:\lab-hackathon\dataset\Tooth Discoloration\augmented\Tooth_Discoloration_0_2770.jpeg,Tooth Discoloration,3,1
C:\lab-hackathon\dataset\Calculus\(1283).jpg,Calculus,1,0
C:\lab-hackathon\dataset\Ulcers\augmented\Mouth_Ulcer_0_799.jpeg,Ulcers,4,1
C:\lab-hackathon\dataset\Hypodontia\(1101).jpg,Hypodontia,5,0
C:\lab-hackathon\dataset\Calculus\(297).jpg,Calculus,1,0
C:\lab-hackathon\dataset\Gingivitis\(1761).jpg,Gingivitis,2,0
C:\lab-hackathon\dataset\Caries\augmented\caries_0_9094.jpeg,Caries,0,1
C:\lab-hackathon\dataset\Hypodontia\(710).JPG,Hypodontia,5,0
C:\lab-hackathon\dataset\Ulcers\augmented\Mouth_Ulcer_0_7916.jpeg,Ulcers,4,1
C:\lab-hackathon\dataset\Calculus\(1113).jpg,Calculus,1,0
C:\lab-hackathon\dataset\Tooth Discoloration\augmented\Tooth_Discoloration_0_6959.jpeg,Tooth Discoloration,3,1
C:\lab-hackathon\dataset\yolo_bbox\images\train\591.jpg,Tooth Discoloration,3,0
C:\lab-hackathon\dataset\yolo_bbox\images\train\597.jpg,Tooth Discoloration,3,0
C:\lab-hackathon\dataset\yolo_bbox\images\train\caries_0_3767.jpeg,Caries,0,0
C:\lab-hackathon\dataset\Calculus\(711).jpg,Calculus,1,0
C:\lab-hackathon\dataset\Caries\augmented\caries_0_9355.jpeg,Caries,0,1
C:\lab-hackathon\dataset\Caries\augmented\caries_0_1618.jpeg,Caries,0,1
C:\lab-hackathon\dataset\Ulcers\augmented\Mouth_Ulcer_0_9613.jpeg,Ulcers,4,1
C:\lab-hackathon\dataset\Hypodontia\(230).JPG,Hypodontia,5,0
C:\lab-hackathon\dataset\Caries\augmented\caries_0_2613.jpeg,Caries,0,1
C:\lab-hackathon\dataset\Tooth Discoloration\augmented\Tooth_Discoloration_0_8765.jpeg,Tooth Discoloration,3,1
C:\lab-hackathon\dataset\Calculus\(874).jpg,Calculus,1,0
C:\lab-hackathon\dataset\Hypodontia\(956).jpg,Hypodontia,5,0
C:\lab-hackathon\dataset\yolo_bbox\images\train\(82).jpg,Gingivitis,2,0
C:\lab-hackathon\dataset\Gingivitis\(708).jpg,Gingivitis,2,0
C:\lab-hackathon\dataset\yolo_bbox\images\train\271.jpg,Ulcers,4,0
C:\lab-hackathon\dataset\Tooth Discoloration\original\76.jpg,Tooth Discoloration,3,0
C:\lab-hackathon\dataset\Tooth Discoloration\original\97.jpg,Tooth Discoloration,3,0
C:\lab-hackathon\dataset\Gingivitis\(2009).jpg,Gingivitis,2,0
C:\lab-hackathon\dataset\Ulcers\augmented\Mouth_Ulcer_0_9646.jpeg,Ulcers,4,1
C:\lab-hackathon\dataset\yolo_bbox\images\train\caries_0_3701.jpeg,Caries,0,0
C:\lab-hackathon\dataset\yolo_bbox\images\train\caries_0_4365.jpeg,Caries,0,0
C:\lab-hackathon\dataset\Caries\augmented\caries_0_3263.jpeg,Caries,0,1
C:\lab-hackathon\dataset\Gingivitis\(277).jpg,Gingivitis,2,0
C:\lab-hackathon\dataset\Gingivitis\(907).jpg,Gingivitis,2,0
C:\lab-hackathon\dataset\yolo_bbox\images\train\caries_0_105.jpeg,Caries,0,0
C:\lab-hackathon\dataset\yolo_bbox\images\train\531.jpg,Tooth Discoloration,3,0
C:\lab-hackathon\dataset\Caries\augmented\caries_0_8102.jpeg,Caries,0,1
C:\lab-hackathon\dataset\Gingivitis\(1511).jpg,Gingivitis,2,0
C:\lab-hackathon\dataset\yolo_bbox\images\train\344.jpg,Ulcers,4,0
C:\lab-hackathon\dataset\Ulcers\original\239.jpg,Ulcers,4,0
C:\lab-hackathon\dataset\Hypodontia\(561).JPG,Hypodontia,5,0
C:\lab-hackathon\dataset\yolo_bbox\images\train\121.jpg,Caries,0,0
C:\lab-hackathon\dataset\Hypodontia\(1018).JPG,Hypodontia,5,0
C:\lab-hackathon\dataset\Caries\augmented\caries_0_6601.jpeg,Caries,0,1
C:\lab-hackathon\dataset\Ulcers\original\109.jpg,Ulcers,4,0
C:\lab-hackathon\dataset\Gingivitis\(1607).jpg,Gingivitis,2,0
C:\lab-hackathon\dataset\Caries\augmented\caries_0_2489.jpeg,Caries,0,1
C:\lab-hackathon\dataset\Hypodontia\(39).JPG,Hypodontia,5,0
C:\lab-hackathon\dataset\Tooth Discoloration\augmented\Tooth_Discoloration_0_9092.jpeg,Tooth Discoloration,3,1
C:\lab-hackathon\dataset\Caries\original\76.jpg,Caries,0,0
C:\lab-hackathon\dataset\Hypodontia\(207).JPG,Hypodontia,5,0
C:\lab-hackathon\dataset\Gingivitis\(429).jpg,Gingivitis,2,0
C:\lab-hackathon\dataset\Gingivitis\(2059).jpg,Gingivitis,2,0
C:\lab-hackathon\dataset\Ulcers\augmented\Mouth_Ulcer_0_5093.jpeg,Ulcers,4,1
C:\lab-hackathon\dataset\Caries\augmented\caries_0_8816.jpeg,Caries,0,1
C:\lab-hackathon\dataset\Gingivitis\(1468).jpg,Gingivitis,2,0
C:\lab-hackathon\dataset\Calculus\(292).jpg,Calculus,1,0
C:\lab-hackathon\dataset\yolo_bbox\images\train\562.jpg,Tooth Discoloration,3,0
C:\lab-hackathon\dataset\Ulcers\augmented\Mouth_Ulcer_0_6929.jpeg,Ulcers,4,1
C:\lab-hackathon\dataset\yolo_bbox\images\train\(175).jpg,Gingivitis,2,0
C:\lab-hackathon\dataset\yolo_bbox\images\train\caries_0_4599.jpeg,Caries,0,0
C:\lab-hackathon\dataset\Tooth Discoloration\augmented\Tooth_Discoloration_0_6024.jpeg,Tooth Discoloration,3,1
C:\lab-hackathon\dataset\Tooth Discoloration\augmented\Tooth_Discoloration_0_4366.jpeg,Tooth Discoloration,3,1
C:\lab-hackathon\dataset\yolo_bbox\images\train\193.jpg,Caries,0,0
C:\lab-hackathon\dataset\Calculus\(592).jpg,Calculus,1,0
C:\lab-hackathon\dataset\Ulcers\augmented\Mouth_Ulcer_0_286.jpeg,Ulcers,4,1
C:\lab-hackathon\dataset\Hypodontia\(239).JPG,Hypodontia,5,0
C:\lab-hackathon\dataset\Gingivitis\(185).jpg,Gingivitis,2,0
C:\lab-hackathon\dataset\Hypodontia\(1123).JPG,Hypodontia,5,0
C:\lab-hackathon\dataset\Hypodontia\(43).JPG,Hypodontia,5,0
C:\lab-hackathon\dataset\yolo_bbox\images\train\532.jpg,Tooth Discoloration,3,0
C:\lab-hackathon\dataset\Gingivitis\(227).jpg,Gingivitis,2,0
C:\lab-hackathon\dataset\Ulcers\augmented\Mouth_Ulcer_0_2520.jpeg,Ulcers,4,1
C:\lab-hackathon\dataset\Caries\augmented\caries_0_1939.jpeg,Caries,0,1
C:\lab-hackathon\dataset\Caries\augmented\caries_0_9430.jpeg,Caries,0,1
C:\lab-hackathon\dataset\Calculus\(307).jpg,Calculus,1,0
C:\lab-hackathon\dataset\Gingivitis\(486).jpg,Gingivitis,2,0
C:\lab-hackathon\dataset\Caries\augmented\caries_0_1247.jpeg,Caries,0,1
C:\lab-hackathon\dataset\Caries\augmented\caries_0_7818.jpeg,Caries,0,1
C:\lab-hackathon\dataset\Calculus\(1185).jpg,Calculus,1,0
C:\lab-hackathon\dataset\Tooth Discoloration\augmented\Tooth_Discoloration_0_3535.jpeg,Tooth Discoloration,3,1
C:\lab-hackathon\dataset\Ulcers\augmented\Mouth_Ulcer_0_2413.jpeg,Ulcers,4,1
C:\lab-hackathon\dataset\Calculus\(841).jpg,Calculus,1,0
C:\lab-hackathon\dataset\yolo_bbox\images\train\caries_0_4255.jpeg,Caries,0,0
C:\lab-hackathon\dataset\Gingivitis\(872).jpg,Gingivitis,2,0
C:\lab-hackathon\dataset\Caries\augmented\caries_0_4804.jpeg,Caries,0,1
C:\lab-hackathon\dataset\Gingivitis\(593).jpg,Gingivitis,2,0
C:\lab-hackathon\dataset\Tooth Discoloration\augmented\Tooth_Discoloration_0_9574.jpeg,Tooth Discoloration,3,1
C:\lab-hackathon\dataset\Calculus\(245).jpg,Calculus,1,0
C:\lab-hackathon\dataset\yolo_bbox\images\train\550.jpg,Tooth Discoloration,3,0
C:\lab-hackathon\dataset\Gingivitis\(363).jpg,Gingivitis,2,0
C:\lab-hackathon\dataset\Hypodontia\(610).JPG,Hypodontia,5,0
C:\lab-hackathon\dataset\Tooth Discoloration\augmented\Tooth_Discoloration_0_9437.jpeg,Tooth Discoloration,3,1
C:\lab-hackathon\dataset\Gingivitis\(1434).jpg,Gingivitis,2,0
C:\lab-hackathon\dataset\Gingivitis\(2329).jpg,Gingivitis,2,0
C:\lab-hackathon\dataset\yolo_bbox\images\train\caries_0_3778.jpeg,Caries,0,0
C:\lab-hackathon\dataset\Gingivitis\(1370).jpg,Gingivitis,2,0
C:\lab-hackathon\dataset\yolo_bbox\images\train\191.jpg,Caries,0,0
C:\lab-hackathon\dataset\Gingivitis\(1926).jpg,Gingivitis,2,0
C:\lab-hackathon\dataset\Ulcers\augmented\Mouth_Ulcer_0_5343.jpeg,Ulcers,4,1
C:\lab-hackathon\dataset\Tooth Discoloration\augmented\Tooth_Discoloration_0_3814.jpeg,Tooth Discoloration,3,1
C:\lab-hackathon\dataset\Gingivitis\(922).jpg,Gingivitis,2,0
C:\lab-hackathon\dataset\Hypodontia\(1176).JPG,Hypodontia,5,0
C:\lab-hackathon\dataset\Caries\original\42.jpg,Caries,0,0
C:\lab-hackathon\dataset\Tooth Discoloration\original\105.jpg,Tooth Discoloration,3,0
C:\lab-hackathon\dataset\Caries\augmented\caries_0_4375.jpeg,Caries,0,1
C:\lab-hackathon\dataset\Hypodontia\(1107).jpg,Hypodontia,5,0
C:\lab-hackathon\dataset\Calculus\(1253).jpg,Calculus,1,0
C:\lab-hackathon\dataset\Gingivitis\(423).jpg,Gingivitis,2,0
C:\lab-hackathon\dataset\Gingivitis\(1934).jpg,Gingivitis,2,0
C:\lab-hackathon\dataset\Gingivitis\(179).jpg,Gingivitis,2,0
C:\lab-hackathon\dataset\Caries\original\94.jpg,Caries,0,0
C:\lab-hackathon\dataset\Gingivitis\(2044).jpg,Gingivitis,2,0
C:\lab-hackathon\dataset\Caries\augmented\caries_0_9520.jpeg,Caries,0,1
C:\lab-hackathon\dataset\Hypodontia\(243).jpg,Hypodontia,5,0
C:\lab-hackathon\dataset\Caries\augmented\caries_0_7897.jpeg,Caries,0,1
C:\lab-hackathon\dataset\Gingivitis\(420).jpg,Gingivitis,2,0
C:\lab-hackathon\dataset\Calculus\(169).jpg,Calculus,1,0
C:\lab-hackathon\dataset\Tooth Discoloration\original\154.jpg,Tooth Discoloration,3,0
C:\lab-hackathon\dataset\Hypodontia\(276).jpg,Hypodontia,5,0
C:\lab-hackathon\dataset\Gingivitis\(1768).jpg,Gingivitis,2,0
C:\lab-hackathon\dataset\Gingivitis\(1940).jpg,Gingivitis,2,0
C:\lab-hackathon\dataset\Ulcers\augmented\Mouth_Ulcer_0_2656.jpeg,Ulcers,4,1
C:\lab-hackathon\dataset\Ulcers\original\31.jpg,Ulcers,4,0
C:\lab-hackathon\dataset\Gingivitis\(1270).jpg,Gingivitis,2,0
C:\lab-hackathon\dataset\Gingivitis\(1379).jpg,Gingivitis,2,0
C:\lab-hackathon\dataset\Tooth Discoloration\augmented\Tooth_Discoloration_0_9462.jpeg,Tooth Discoloration,3,1
C:\lab-hackathon\dataset\Hypodontia\(651).JPG,Hypodontia,5,0
C:\lab-hackathon\dataset\Ulcers\augmented\Mouth_Ulcer_0_5911.jpeg,Ulcers,4,1
C:\lab-hackathon\dataset\Ulcers\original\91.jpg,Ulcers,4,0
C:\lab-hackathon\dataset\Gingivitis\(747).jpg,Gingivitis,2,0
C:\lab-hackathon\dataset\Gingivitis\(724).jpg,Gingivitis,2,0
C:\lab-hackathon\dataset\Gingivitis\(1552).jpg,Gingivitis,2,0
C:\lab-hackathon\dataset\Hypodontia\(1039).JPG,Hypodontia,5,0
C:\lab-hackathon\dataset\Hypodontia\(380).jpg,Hypodontia,5,0
C:\lab-hackathon\dataset\yolo_bbox\images\train\caries_0_3887.jpeg,Caries,0,0
C:\lab-hackathon\dataset\Ulcers\augmented\Mouth_Ulcer_0_4313.jpeg,Ulcers,4,1
C:\lab-hackathon\dataset\Gingivitis\(657).jpg,Gingivitis,2,0
C:\lab-hackathon\dataset\yolo_bbox\images\train\131.jpg,Caries,0,0
C:\lab-hackathon\dataset\Gingivitis\(1719).jpg,Gingivitis,2,0
C:\lab-hackathon\dataset\Gingivitis\(202).jpg,Gingivitis,2,0
C:\lab-hackathon\dataset\Caries\augmented\caries_0_8225.jpeg,Caries,0,1
C:\lab-hackathon\dataset\Ulcers\augmented\Mouth_Ulcer_0_5807.jpeg,Ulcers,4,1
C:\lab-hackathon\dataset\Gingivitis\(1820).jpg,Gingivitis,2,0
C:\lab-hackathon\dataset\yolo_bbox\images\train\172.jpg,Caries,0,0
C:\lab-hackathon\dataset\Caries\original\11.jpg,Caries,0,0
C:\lab-hackathon\dataset\Hypodontia\(1089).jpg,Hypodontia,5,0
C:\lab-hackathon\dataset\Tooth Discoloration\original\138.jpg,Tooth Discoloration,3,0
C:\lab-hackathon\dataset\Hypodontia\(1186).JPG,Hypodontia,5,0
C:\lab-hackathon\dataset\yolo_bbox\images\train\caries_0_66.jpeg,Caries,0,0
C:\lab-hackathon\dataset\Gingivitis\(2054).jpg,Gingivitis,2,0
C:\lab-hackathon\dataset\Caries\augmented\caries_0_7757.jpeg,Caries,0,1
C:\lab-hackathon\dataset\yolo_bbox\images\train\caries_0_713.jpeg,Caries,0,0
C:\lab-hackathon\dataset\Tooth Discoloration\augmented\Tooth_Discoloration_0_6327.jpeg,Tooth Discoloration,3,1
C:\lab-hackathon\dataset\Calculus\(390).jpg,Calculus,1,0
C:\lab-hackathon\dataset\yolo_bbox\images\train\171.jpg,Caries,0,0
C:\lab-hackathon\dataset\Tooth Discoloration\original\149.jpg,Tooth Discoloration,3,0
C:\lab-hackathon\dataset\Gingivitis\(1990).jpg,Gingivitis,2,0
C:\lab-hackathon\dataset\Ulcers\augmented\Mouth_Ulcer_0_8504.jpeg,Ulcers,4,1
C:\lab-hackathon\dataset\Gingivitis\(1044).jpg,Gingivitis,2,0
C:\lab-hackathon\dataset\Calculus\(875).jpg,Calculus,1,0
C:\lab-hackathon\dataset\Ulcers\augmented\Mouth_Ulcer_0_2878.jpeg,Ulcers,4,1
C:\lab-hackathon\dataset\yolo_bbox\images\train\462.jpg,Tooth Discoloration,3,0
C:\lab-hackathon\dataset\yolo_bbox\images\train\caries_0_235.jpeg,Caries,0,0
C:\lab-hackathon\dataset\Tooth Discoloration\augmented\Tooth_Discoloration_0_3527.jpeg,Tooth Discoloration,3,1
C:\lab-hackathon\dataset\Gingivitis\(258).jpg,Gingivitis,2,0
C:\lab-hackathon\dataset\Ulcers\augmented\Mouth_Ulcer_0_1175.jpeg,Ulcers,4,1
C:\lab-hackathon\dataset\Caries\augmented\caries_0_5582.jpeg,Caries,0,1
C:\lab-hackathon\dataset\Gingivitis\(298).jpg,Gingivitis,2,0
C:\lab-hackathon\dataset\Gingivitis\(1192).jpg,Gingivitis,2,0
C:\lab-hackathon\dataset\Gingivitis\(1238).jpg,Gingivitis,2,0
C:\lab-hackathon\dataset\Gingivitis\(1232).jpg,Gingivitis,2,0
C:\lab-hackathon\dataset\Hypodontia\(999).JPG,Hypodontia,5,0
C:\lab-hackathon\dataset\yolo_bbox\images\train\515.jpg,Tooth Discoloration,3,0
C:\lab-hackathon\dataset\Ulcers\augmented\Mouth_Ulcer_0_3838.jpeg,Ulcers,4,1
C:\lab-hackathon\dataset\Tooth Discoloration\augmented\Tooth_Discoloration_0_237.jpeg,Tooth Discoloration,3,1
C:\lab-hackathon\dataset\Caries\augmented\caries_0_8537.jpeg,Caries,0,1
C:\lab-hackathon\dataset\Gingivitis\(2172).jpg,Gingivitis,2,0
C:\lab-hackathon\dataset\Calculus\(358).jpg,Calculus,1,0
C:\lab-hackathon\dataset\Caries\augmented\caries_0_2006.jpeg,Caries,0,1
C:\lab-hackathon\dataset\Gingivitis\(1691).jpg,Gingivitis,2,0
C:\lab-hackathon\dataset\Tooth Discoloration\augmented\Tooth_Discoloration_0_130.jpeg,Tooth Discoloration,3,1
C:\lab-hackathon\dataset\Ulcers\augmented\Mouth_Ulcer_0_9920.jpeg,Ulcers,4,1
C:\lab-hackathon\dataset\Hypodontia\(149).JPG,Hypodontia,5,0
C:\lab-hackathon\dataset\Gingivitis\(2183).jpg,Gingivitis,2,0
C:\lab-hackathon\dataset\Caries\augmented\caries_0_499.jpeg,Caries,0,1
C:\lab-hackathon\dataset\Gingivitis\(1945).jpg,Gingivitis,2,0
C:\lab-hackathon\dataset\Gingivitis\(2053).jpg,Gingivitis,2,0
C:\lab-hackathon\dataset\Hypodontia\(390).jpg,Hypodontia,5,0
C:\lab-hackathon\dataset\Tooth Discoloration\augmented\Tooth_Discoloration_0_1309.jpeg,Tooth Discoloration,3,1
C:\lab-hackathon\dataset\Hypodontia\(682).jpg,Hypodontia,5,0
C:\lab-hackathon\dataset\Ulcers\augmented\Mouth_Ulcer_0_8830.jpeg,Ulcers,4,1
C:\lab-hackathon\dataset\Calculus\(683).jpg,Calculus,1,0
C:\lab-hackathon\dataset\Tooth Discoloration\augmented\Tooth_Discoloration_0_8245.jpeg,Tooth Discoloration,3,1
C:\lab-hackathon\dataset\Hypodontia\(372).JPG,Hypodontia,5,0
C:\lab-hackathon\dataset\Ulcers\original\18.jpg,Ulcers,4,0
C:\lab-hackathon\dataset\Tooth Discoloration\augmented\Tooth_Discoloration_0_3595.jpeg,Tooth Discoloration,3,1
C:\lab-hackathon\dataset\Caries\original\29.jpg,Caries,0,0
C:\lab-hackathon\dataset\Ulcers\augmented\Mouth_Ulcer_0_7995.jpeg,Ulcers,4,1
C:\lab-hackathon\dataset\yolo_bbox\images\train\caries_0_5016.jpeg,Caries,0,0
C:\lab-hackathon\dataset\yolo_bbox\images\train\caries_0_4932.jpeg,Caries,0,0
C:\lab-hackathon\dataset\Gingivitis\(855).jpg,Gingivitis,2,0
C:\lab-hackathon\dataset\Caries\augmented\caries_0_5865.jpeg,Caries,0,1
C:\lab-hackathon\dataset\Gingivitis\(367).jpg,Gingivitis,2,0
C:\lab-hackathon\dataset\Hypodontia\(1215).JPG,Hypodontia,5,0
C:\lab-hackathon\dataset\Ulcers\augmented\Mouth_Ulcer_0_5527.jpeg,Ulcers,4,1
C:\lab-hackathon\dataset\Gingivitis\(1017).jpg,Gingivitis,2,0
C:\lab-hackathon\dataset\yolo_bbox\images\train\221.jpg,Ulcers,4,0
C:\lab-hackathon\dataset\Tooth Discoloration\augmented\Tooth_Discoloration_0_6752.jpeg,Tooth Discoloration,3,1
C:\lab-hackathon\dataset\Caries\augmented\caries_0_7423.jpeg,Caries,0,1
C:\lab-hackathon\dataset\Hypodontia\(429).JPG,Hypodontia,5,0
C:\lab-hackathon\dataset\Gingivitis\(2301).jpg,Gingivitis,2,0
C:\lab-hackathon\dataset\Caries\augmented\caries_0_6734.jpeg,Caries,0,1
C:\lab-hackathon\dataset\Calculus\(495).jpg,Calculus,1,0
C:\lab-hackathon\dataset\Gingivitis\(117).jpg,Gingivitis,2,0
C:\lab-hackathon\dataset\Caries\original\92.jpg,Caries,0,0
C:\lab-hackathon\dataset\Ulcers\augmented\Mouth_Ulcer_0_2485.jpeg,Ulcers,4,1
C:\lab-hackathon\dataset\Calculus\(876).jpg,Calculus,1,0
C:\lab-hackathon\dataset\Caries\augmented\caries_0_4197.jpeg,Caries,0,1
C:\lab-hackathon\dataset\Gingivitis\(136).jpg,Gingivitis,2,0
C:\lab-hackathon\dataset\Ulcers\augmented\Mouth_Ulcer_0_7791.jpeg,Ulcers,4,1
C:\lab-hackathon\dataset\Tooth Discoloration\augmented\Tooth_Discoloration_0_3556.jpeg,Tooth Discoloration,3,1
C:\lab-hackathon\dataset\Tooth Discoloration\augmented\Tooth_Discoloration_0_7346.jpeg,Tooth Discoloration,3,1
C:\lab-hackathon\dataset\Calculus\(1200).jpg,Calculus,1,0
C:\lab-hackathon\dataset\Hypodontia\(686).jpg,Hypodontia,5,0
C:\lab-hackathon\dataset\yolo_bbox\images\train\26.jpg,Caries,0,0
C:\lab-hackathon\dataset\Caries\augmented\caries_0_7489.jpeg,Caries,0,1
C:\lab-hackathon\dataset\Calculus\(71).jpg,Calculus,1,0
C:\lab-hackathon\dataset\Caries\original\77.jpg,Caries,0,0
C:\lab-hackathon\dataset\Hypodontia\(739).JPG,Hypodontia,5,0
C:\lab-hackathon\dataset\Calculus\(133).jpg,Calculus,1,0
C:\lab-hackathon\dataset\Ulcers\augmented\Mouth_Ulcer_0_193.jpeg,Ulcers,4,1
C:\lab-hackathon\dataset\yolo_bbox\images\train\489.jpg,Tooth Discoloration,3,0
C:\lab-hackathon\dataset\Ulcers\augmented\Mouth_Ulcer_0_5755.jpeg,Ulcers,4,1
C:\lab-hackathon\dataset\Caries\original\67.jpg,Caries,0,0
C:\lab-hackathon\dataset\Ulcers\original\216.jpg,Ulcers,4,0
C:\lab-hackathon\dataset\Hypodontia\(781).JPG,Hypodontia,5,0
C:\lab-hackathon\dataset\Tooth Discoloration\original\84.jpg,Tooth Discoloration,3,0
C:\lab-hackathon\dataset\Caries\augmented\caries_0_7299.jpeg,Caries,0,1
C:\lab-hackathon\dataset\Caries\augmented\caries_0_9478.jpeg,Caries,0,1
C:\lab-hackathon\dataset\Caries\augmented\caries_0_2873.jpeg,Caries,0,1
C:\lab-hackathon\dataset\Gingivitis\(206).jpg,Gingivitis,2,0
C:\lab-hackathon\dataset\yolo_bbox\images\train\caries_0_615.jpeg,Caries,0,0
C:\lab-hackathon\dataset\Gingivitis\(1469).jpg,Gingivitis,2,0
C:\lab-hackathon\dataset\Tooth Discoloration\original\113.jpg,Tooth Discoloration,3,0
C:\lab-hackathon\dataset\Hypodontia\(1034).JPG,Hypodontia,5,0
C:\lab-hackathon\dataset\Hypodontia\(74).JPG,Hypodontia,5,0
C:\lab-hackathon\dataset\Hypodontia\(417).JPG,Hypodontia,5,0
C:\lab-hackathon\dataset\yolo_bbox\images\train\595.jpg,Tooth Discoloration,3,0
C:\lab-hackathon\dataset\Gingivitis\(1872).jpg,Gingivitis,2,0
C:\lab-hackathon\dataset\yolo_bbox\images\train\84.jpg,Caries,0,0
C:\lab-hackathon\dataset\Calculus\(936).jpg,Calculus,1,0
C:\lab-hackathon\dataset\Ulcers\original\210.jpg,Ulcers,4,0
C:\lab-hackathon\dataset\Ulcers\augmented\Mouth_Ulcer_0_5955.jpeg,Ulcers,4,1
C:\lab-hackathon\dataset\yolo_bbox\images\train\caries_0_3666.jpeg,Caries,0,0
C:\lab-hackathon\dataset\yolo_bbox\images\train\543.jpg,Tooth Discoloration,3,0
C:\lab-hackathon\dataset\Caries\augmented\caries_0_3284.jpeg,Caries,0,1
C:\lab-hackathon\dataset\yolo_bbox\images\train\555.jpg,Tooth Discoloration,3,0
C:\lab-hackathon\dataset\Tooth Discoloration\augmented\Tooth_Discoloration_0_7334.jpeg,Tooth Discoloration,3,1
C:\lab-hackathon\dataset\yolo_bbox\images\train\caries_0_455.jpeg,Caries,0,0
C:\lab-hackathon\dataset\yolo_bbox\images\train\caries_0_541.jpeg,Caries,0,0
C:\lab-hackathon\dataset\Ulcers\augmented\Mouth_Ulcer_0_4861.jpeg,Ulcers,4,1
C:\lab-hackathon\dataset\Hypodontia\(131).JPG,Hypodontia,5,0
C:\lab-hackathon\dataset\Calculus\(33).jpg,Calculus,1,0
C:\lab-hackathon\dataset\Gingivitis\(455).jpg,Gingivitis,2,0
C:\lab-hackathon\dataset\Calculus\(385).jpg,Calculus,1,0
C:\lab-hackathon\dataset\Gingivitis\(1260).JPG,Gingivitis,2,0
C:\lab-hackathon\dataset\Gingivitis\(1156).jpg,Gingivitis,2,0
C:\lab-hackathon\dataset\Tooth Discoloration\augmented\Tooth_Discoloration_0_4734.jpeg,Tooth Discoloration,3,1
C:\lab-hackathon\dataset\Ulcers\augmented\Mouth_Ulcer_0_5136.jpeg,Ulcers,4,1
C:\lab-hackathon\dataset\Gingivitis\(54).jpg,Gingivitis,2,0
C:\lab-hackathon\dataset\yolo_bbox\images\train\94.jpg,Caries,0,0
C:\lab-hackathon\dataset\Hypodontia\(588).JPG,Hypodontia,5,0
C:\lab-hackathon\dataset\yolo_bbox\images\train\215.jpg,Caries,0,0
C:\lab-hackathon\dataset\Caries\augmented\caries_0_2945.jpeg,Caries,0,1
C:\lab-hackathon\dataset\Caries\original\84.jpg,Caries,0,0
C:\lab-hackathon\dataset\Calculus\(413).jpg,Calculus,1,0
C:\lab-hackathon\dataset\Tooth Discoloration\augmented\Tooth_Discoloration_0_7590.jpeg,Tooth Discoloration,3,1
C:\lab-hackathon\dataset\Caries\augmented\caries_0_5234.jpeg,Caries,0,1
C:\lab-hackathon\dataset\Caries\augmented\caries_0_5265.jpeg,Caries,0,1
C:\lab-hackathon\dataset\Hypodontia\(1139).JPG,Hypodontia,5,0
C:\lab-hackathon\dataset\Hypodontia\(1182).jpg,Hypodontia,5,0
C:\lab-hackathon\dataset\Calculus\(1202).jpg,Calculus,1,0
C:\lab-hackathon\dataset\Gingivitis\(1674).jpg,Gingivitis,2,0
C:\lab-hackathon\dataset\Hypodontia\(548).JPG,Hypodontia,5,0
C:\lab-hackathon\dataset\Hypodontia\(22).JPG,Hypodontia,5,0
C:\lab-hackathon\dataset\Calculus\(654).jpg,Calculus,1,0
C:\lab-hackathon\dataset\Ulcers\augmented\Mouth_Ulcer_0_1468.jpeg,Ulcers,4,1
C:\lab-hackathon\dataset\Caries\augmented\caries_0_2791.jpeg,Caries,0,1
C:\lab-hackathon\dataset\Gingivitis\(1835).jpg,Gingivitis,2,0
C:\lab-hackathon\dataset\Caries\augmented\caries_0_1460.jpeg,Caries,0,1
C:\lab-hackathon\dataset\Tooth Discoloration\augmented\Tooth_Discoloration_0_3076.jpeg,Tooth Discoloration,3,1
C:\lab-hackathon\dataset\Gingivitis\(492).jpg,Gingivitis,2,0
C:\lab-hackathon\dataset\Calculus\(492).jpg,Calculus,1,0
C:\lab-hackathon\dataset\Gingivitis\(1845).jpg,Gingivitis,2,0
C:\lab-hackathon\dataset\Calculus\(282).jpg,Calculus,1,0
C:\lab-hackathon\dataset\yolo_bbox\images\train\caries_0_4042.jpeg,Caries,0,0
C:\lab-hackathon\dataset\Gingivitis\(737).jpg,Gingivitis,2,0
C:\lab-hackathon\dataset\yolo_bbox\images\train\(63).jpg,Gingivitis,2,0
C:\lab-hackathon\dataset\Ulcers\augmented\Mouth_Ulcer_0_7177.jpeg,Ulcers,4,1
C:\lab-hackathon\dataset\yolo_bbox\images\train\437.jpg,Ulcers,4,0
C:\lab-hackathon\dataset\Hypodontia\(423).JPG,Hypodontia,5,0
C:\lab-hackathon\dataset\Gingivitis\(2196).jpg,Gingivitis,2,0
C:\lab-hackathon\dataset\Hypodontia\(916).JPG,Hypodontia,5,0
C:\lab-hackathon\dataset\yolo_bbox\images\train\caries_0_3593.jpeg,Caries,0,0
C:\lab-hackathon\dataset\Ulcers\augmented\Mouth_Ulcer_0_8295.jpeg,Ulcers,4,1
C:\lab-hackathon\dataset\Ulcers\augmented\Mouth_Ulcer_0_8749.jpeg,Ulcers,4,1
C:\lab-hackathon\dataset\Gingivitis\(1335).jpg,Gingivitis,2,0
C:\lab-hackathon\dataset\Calculus\(819).jpg,Calculus,1,0
C:\lab-hackathon\dataset\Ulcers\augmented\Mouth_Ulcer_0_790.jpeg,Ulcers,4,1
C:\lab-hackathon\dataset\Gingivitis\(155).jpg,Gingivitis,2,0
C:\lab-hackathon\dataset\Tooth Discoloration\augmented\Tooth_Discoloration_0_6365.jpeg,Tooth Discoloration,3,1
C:\lab-hackathon\dataset\yolo_bbox\images\train\caries_0_42.jpeg,Caries,0,0
C:\lab-hackathon\dataset\Gingivitis\(1084).jpg,Gingivitis,2,0
C:\lab-hackathon\dataset\Hypodontia\(203).JPG,Hypodontia,5,0
C:\lab-hackathon\dataset\Tooth Discoloration\augmented\Tooth_Discoloration_0_6729.jpeg,Tooth Discoloration,3,1
C:\lab-hackathon\dataset\Gingivitis\(1518).jpg,Gingivitis,2,0
C:\lab-hackathon\dataset\Caries\augmented\caries_0_6656.jpeg,Caries,0,1
C:\lab-hackathon\dataset\Tooth Discoloration\original\92.jpg,Tooth Discoloration,3,0
C:\lab-hackathon\dataset\Calculus\(146).jpg,Calculus,1,0
C:\lab-hackathon\dataset\Hypodontia\(549).jpg,Hypodontia,5,0
C:\lab-hackathon\dataset\Tooth Discoloration\original\134.jpg,Tooth Discoloration,3,0
C:\lab-hackathon\dataset\Caries\original\210.jpg,Caries,0,0
C:\lab-hackathon\dataset\yolo_bbox\images\train\388.jpg,Ulcers,4,0
C:\lab-hackathon\dataset\Tooth Discoloration\original\151.jpg,Tooth Discoloration,3,0
C:\lab-hackathon\dataset\yolo_bbox\images\train\caries_0_309.jpeg,Caries,0,0
C:\lab-hackathon\dataset\Calculus\(207).jpg,Calculus,1,0
C:\lab-hackathon\dataset\Tooth Discoloration\augmented\Tooth_Discoloration_0_6123.jpeg,Tooth Discoloration,3,1
C:\lab-hackathon\dataset\yolo_bbox\images\train\caries_0_3618.jpeg,Caries,0,0
C:\lab-hackathon\dataset\Ulcers\original\80.jpg,Ulcers,4,0
C:\lab-hackathon\dataset\Gingivitis\(1123).jpg,Gingivitis,2,0
C:\lab-hackathon\dataset\Tooth Discoloration\augmented\Tooth_Discoloration_0_8554.jpeg,Tooth Discoloration,3,1
C:\lab-hackathon\dataset\Gingivitis\(2128).jpg,Gingivitis,2,0
C:\lab-hackathon\dataset\Ulcers\augmented\Mouth_Ulcer_0_3409.jpeg,Ulcers,4,1
C:\lab-hackathon\dataset\Ulcers\original\136.jpg,Ulcers,4,0
C:\lab-hackathon\dataset\yolo_bbox\images\train\419.jpg,Ulcers,4,0
C:\lab-hackathon\dataset\yolo_bbox\images\train\624.jpg,Tooth Discoloration,3,0
C:\lab-hackathon\dataset\Calculus\(229).jpg,Calculus,1,0
C:\lab-hackathon\dataset\yolo_bbox\images\train\caries_0_553.jpeg,Caries,0,0
C:\lab-hackathon\dataset\Gingivitis\(1715).jpg,Gingivitis,2,0
C:\lab-hackathon\dataset\Tooth Discoloration\original\117.jpg,Tooth Discoloration,3,0
C:\lab-hackathon\dataset\Ulcers\augmented\Mouth_Ulcer_0_4982.jpeg,Ulcers,4,1
C:\lab-hackathon\dataset\Gingivitis\(777).jpg,Gingivitis,2,0
C:\lab-hackathon\dataset\Hypodontia\(1038).JPG,Hypodontia,5,0
C:\lab-hackathon\dataset\Ulcers\augmented\Mouth_Ulcer_0_1207.jpeg,Ulcers,4,1
C:\lab-hackathon\dataset\Hypodontia\(217).JPG,Hypodontia,5,0
C:\lab-hackathon\dataset\yolo_bbox\images\train\caries_0_3486.jpeg,Ulcers,4,0
C:\lab-hackathon\dataset\yolo_bbox\images\train\105.jpg,Caries,0,0
C:\lab-hackathon\dataset\Ulcers\augmented\Mouth_Ulcer_0_567.jpeg,Ulcers,4,1
C:\lab-hackathon\dataset\Ulcers\original\76.jpg,Ulcers,4,0
C:\lab-hackathon\dataset\yolo_bbox\images\train\caries_0_4435.jpeg,Caries,0,0
C:\lab-hackathon\dataset\Ulcers\augmented\Mouth_Ulcer_0_5776.jpeg,Ulcers,4,1
C:\lab-hackathon\dataset\Gingivitis\(728).jpg,Gingivitis,2,0
C:\lab-hackathon\dataset\Ulcers\augmented\Mouth_Ulcer_0_5077.jpeg,Ulcers,4,1
C:\lab-hackathon\dataset\Calculus\(566).jpg,Calculus,1,0
C:\lab-hackathon\dataset\Ulcers\augmented\Mouth_Ulcer_0_5605.jpeg,Ulcers,4,1
C:\lab-hackathon\dataset\Ulcers\augmented\Mouth_Ulcer_0_1652.jpeg,Ulcers,4,1
C:\lab-hackathon\dataset\yolo_bbox\images\train\(174).jpg,Gingivitis,2,0
C:\lab-hackathon\dataset\Tooth Discoloration\augmented\Tooth_Discoloration_0_7676.jpeg,Tooth Discoloration,3,1
C:\lab-hackathon\dataset\Gingivitis\(1970).jpg,Gingivitis,2,0
C:\lab-hackathon\dataset\Calculus\(409).jpg,Calculus,1,0
C:\lab-hackathon\dataset\Gingivitis\(348).jpg,Gingivitis,2,0
C:\lab-hackathon\dataset\Gingivitis\(550).jpg,Gingivitis,2,0
C:\lab-hackathon\dataset\Hypodontia\(367).JPG,Hypodontia,5,0
C:\lab-hackathon\dataset\Caries\augmented\caries_0_5305.jpeg,Caries,0,1
C:\lab-hackathon\dataset\Caries\augmented\caries_0_2454.jpeg,Caries,0,1
C:\lab-hackathon\dataset\yolo_bbox\images\train\caries_0_295.jpeg,Caries,0,0
C:\lab-hackathon\dataset\yolo_bbox\images\train\caries_0_3853.jpeg,Caries,0,0
C:\lab-hackathon\dataset\Gingivitis\(1333).jpg,Gingivitis,2,0
C:\lab-hackathon\dataset\Hypodontia\(1117).JPG,Hypodontia,5,0
C:\lab-hackathon\dataset\Ulcers\augmented\Mouth_Ulcer_0_577.jpeg,Ulcers,4,1
C:\lab-hackathon\dataset\yolo_bbox\images\train\caries_0_3503.jpeg,Caries,0,0
C:\lab-hackathon\dataset\yolo_bbox\images\train\129.jpg,Caries,0,0
C:\lab-hackathon\dataset\Ulcers\augmented\Mouth_Ulcer_0_6030.jpeg,Ulcers,4,1
C:\lab-hackathon\dataset\Hypodontia\(526).jpg,Hypodontia,5,0
C:\lab-hackathon\dataset\Caries\augmented\caries_0_6062.jpeg,Caries,0,1
C:\lab-hackathon\dataset\Caries\augmented\caries_0_857.jpeg,Caries,0,1
C:\lab-hackathon\dataset\yolo_bbox\images\train\caries_0_4939.jpeg,Caries,0,0
C:\lab-hackathon\dataset\Ulcers\augmented\Mouth_Ulcer_0_736.jpeg,Ulcers,4,1
C:\lab-hackathon\dataset\Gingivitis\(977).jpg,Gingivitis,2,0
C:\lab-hackathon\dataset\Caries\original\185.jpg,Caries,0,0
C:\lab-hackathon\dataset\Gingivitis\(68).jpg,Gingivitis,2,0
C:\lab-hackathon\dataset\yolo_bbox\images\train\(90).jpg,Gingivitis,2,0
C:\lab-hackathon\dataset\Ulcers\augmented\Mouth_Ulcer_0_7619.jpeg,Ulcers,4,1
C:\lab-hackathon\dataset\Gingivitis\(303).jpg,Gingivitis,2,0
C:\lab-hackathon\dataset\Gingivitis\(1837).jpg,Gingivitis,2,0
C:\lab-hackathon\dataset\Calculus\(591).jpg,Calculus,1,0
C:\lab-hackathon\dataset\Gingivitis\(1897).jpg,Gingivitis,2,0
C:\lab-hackathon\dataset\yolo_bbox\images\train\caries_0_3578.jpeg,Caries,0,0
C:\lab-hackathon\dataset\yolo_bbox\images\train\caries_0_68.jpeg,Caries,0,0
C:\lab-hackathon\dataset\Caries\augmented\caries_0_6687.jpeg,Caries,0,1
C:\lab-hackathon\dataset\Tooth Discoloration\augmented\Tooth_Discoloration_0_879.jpeg,Tooth Discoloration,3,1
C:\lab-hackathon\dataset\Hypodontia\(950).jpg,Hypodontia,5,0
C:\lab-hackathon\dataset\Ulcers\augmented\Mouth_Ulcer_0_8727.jpeg,Ulcers,4,1
C:\lab-hackathon\dataset\Hypodontia\(614).JPG,Hypodontia,5,0
C:\lab-hackathon\dataset\yolo_bbox\images\train\257.jpg,Ulcers,4,0
C:\lab-hackathon\dataset\Ulcers\augmented\Mouth_Ulcer_0_9286.jpeg,Ulcers,4,1
C:\lab-hackathon\dataset\Gingivitis\(2065).jpg,Gingivitis,2,0
C:\lab-hackathon\dataset\yolo_bbox\images\train\caries_0_4983.jpeg,Caries,0,0
C:\lab-hackathon\dataset\Ulcers\original\143.jpg,Ulcers,4,0
C:\lab-hackathon\dataset\yolo_bbox\images\train\caries_0_5152.jpeg,Caries,0,0
C:\lab-hackathon\dataset\Caries\augmented\caries_0_3483.jpeg,Caries,0,1
C:\lab-hackathon\dataset\Ulcers\augmented\Mouth_Ulcer_0_5241.jpeg,Ulcers,4,1
C:\lab-hackathon\dataset\Tooth Discoloration\augmented\Tooth_Discoloration_0_7055.jpeg,Tooth Discoloration,3,1
C:\lab-hackathon\dataset\Caries\augmented\caries_0_7674.jpeg,Caries,0,1
C:\lab-hackathon\dataset\Hypodontia\(619).JPG,Hypodontia,5,0
C:\lab-hackathon\dataset\Caries\original\13.jpg,Caries,0,0
C:\lab-hackathon\dataset\Gingivitis\(1051).jpg,Gingivitis,2,0
C:\lab-hackathon\dataset\Caries\augmented\caries_0_698.jpeg,Caries,0,1
C:\lab-hackathon\dataset\Gingivitis\(55).jpg,Gingivitis,2,0
C:\lab-hackathon\dataset\yolo_bbox\images\train\423.jpg,Ulcers,4,0
C:\lab-hackathon\dataset\Hypodontia\(1217).jpg,Hypodontia,5,0
C:\lab-hackathon\dataset\Ulcers\augmented\Mouth_Ulcer_0_209.jpeg,Ulcers,4,1
C:\lab-hackathon\dataset\Gingivitis\(194).jpg,Gingivitis,2,0
C:\lab-hackathon\dataset\Gingivitis\(241).jpg,Gingivitis,2,0
C:\lab-hackathon\dataset\yolo_bbox\images\train\300.jpg,Ulcers,4,0
C:\lab-hackathon\dataset\Tooth Discoloration\augmented\Tooth_Discoloration_0_557.jpeg,Tooth Discoloration,3,1
C:\lab-hackathon\dataset\Ulcers\augmented\Mouth_Ulcer_0_1337.jpeg,Ulcers,4,1
C:\lab-hackathon\dataset\Caries\augmented\caries_0_7816.jpeg,Caries,0,1
C:\lab-hackathon\dataset\Calculus\(656).jpg,Calculus,1,0
C:\lab-hackathon\dataset\Caries\augmented\caries_0_3656.jpeg,Caries,0,1
C:\lab-hackathon\dataset\Gingivitis\(1466).jpg,Gingivitis,2,0
C:\lab-hackathon\dataset\Calculus\(710).jpg,Calculus,1,0
C:\lab-hackathon\dataset\Ulcers\augmented\Mouth_Ulcer_0_9590.jpeg,Ulcers,4,1
C:\lab-hackathon\dataset\Caries\augmented\caries_0_2740.jpeg,Caries,0,1
C:\lab-hackathon\dataset\yolo_bbox\images\train\caries_0_4028.jpeg,Caries,0,0
C:\lab-hackathon\dataset\yolo_bbox\images\train\125.jpg,Caries,0,0
C:\lab-hackathon\dataset\Ulcers\augmented\Mouth_Ulcer_0_3680.jpeg,Ulcers,4,1
C:\lab-hackathon\dataset\Ulcers\original\149.jpg,Ulcers,4,0
C:\lab-hackathon\dataset\Calculus\(872).jpg,Calculus,1,0
C:\lab-hackathon\dataset\Gingivitis\(368).jpg,Gingivitis,2,0
C:\lab-hackathon\dataset\Hypodontia\(594).JPG,Hypodontia,5,0
C:\lab-hackathon\dataset\Hypodontia\(25).JPG,Hypodontia,5,0
C:\lab-hackathon\dataset\Hypodontia\(330).JPG,Hypodontia,5,0
C:\lab-hackathon\dataset\Tooth Discoloration\original\150.jpg,Tooth Discoloration,3,0
C:\lab-hackathon\dataset\Calculus\(1294).jpg,Calculus,1,0
C:\lab-hackathon\dataset\Ulcers\augmented\Mouth_Ulcer_0_204.jpeg,Ulcers,4,1
C:\lab-hackathon\dataset\Tooth Discoloration\augmented\Tooth_Discoloration_0_3053.jpeg,Tooth Discoloration,3,1
C:\lab-hackathon\dataset\Calculus\(362).jpg,Calculus,1,0
C:\lab-hackathon\dataset\Ulcers\augmented\Mouth_Ulcer_0_3700.jpeg,Ulcers,4,1
C:\lab-hackathon\dataset\Hypodontia\(73).JPG,Hypodontia,5,0
C:\lab-hackathon\dataset\Gingivitis\(1113)(1).jpg,Gingivitis,2,0
C:\lab-hackathon\dataset\Ulcers\augmented\Mouth_Ulcer_0_7279.jpeg,Ulcers,4,1
C:\lab-hackathon\dataset\yolo_bbox\images\train\33.jpg,Caries,0,0
C:\lab-hackathon\dataset\Calculus\(833).jpg,Calculus,1,0
C:\lab-hackathon\dataset\Ulcers\augmented\Mouth_Ulcer_0_6037.jpeg,Ulcers,4,1
C:\lab-hackathon\dataset\Gingivitis\(1724).jpg,Gingivitis,2,0
C:\lab-hackathon\dataset\Caries\original\87.jpg,Caries,0,0
C:\lab-hackathon\dataset\yolo_bbox\images\train\(203).jpg,Gingivitis,2,0
C:\lab-hackathon\dataset\Tooth Discoloration\augmented\Tooth_Discoloration_0_7456.jpeg,Tooth Discoloration,3,1
C:\lab-hackathon\dataset\Calculus\(779).jpg,Calculus,1,0
C:\lab-hackathon\dataset\Tooth Discoloration\augmented\Tooth_Discoloration_0_4302.jpeg,Tooth Discoloration,3,1
C:\lab-hackathon\dataset\Ulcers\augmented\Mouth_Ulcer_0_9968.jpeg,Ulcers,4,1
C:\lab-hackathon\dataset\Ulcers\augmented\Mouth_Ulcer_0_3671.jpeg,Ulcers,4,1
C:\lab-hackathon\dataset\Gingivitis\(2275).jpg,Gingivitis,2,0
C:\lab-hackathon\dataset\yolo_bbox\images\train\269.jpg,Ulcers,4,0
C:\lab-hackathon\dataset\Tooth Discoloration\augmented\Tooth_Discoloration_0_6852.jpeg,Tooth Discoloration,3,1
C:\lab-hackathon\dataset\Caries\augmented\caries_0_650.jpeg,Caries,0,1
C:\lab-hackathon\dataset\Calculus\(718).jpg,Calculus,1,0
C:\lab-hackathon\dataset\Gingivitis\(848).jpg,Gingivitis,2,0
C:\lab-hackathon\dataset\yolo_bbox\images\train\8.jpg,Caries,0,0
C:\lab-hackathon\dataset\Calculus\(798).jpg,Calculus,1,0
C:\lab-hackathon\dataset\Calculus\(84).jpg,Calculus,1,0
C:\lab-hackathon\dataset\Caries\augmented\caries_0_9539.jpeg,Caries,0,1
C:\lab-hackathon\dataset\Ulcers\augmented\Mouth_Ulcer_0_9324.jpeg,Ulcers,4,1
C:\lab-hackathon\dataset\yolo_bbox\images\train\412.jpg,Ulcers,4,0
C:\lab-hackathon\dataset\Gingivitis\(2312).jpg,Gingivitis,2,0
C:\lab-hackathon\dataset\Calculus\(894).jpg,Calculus,1,0
C:\lab-hackathon\dataset\yolo_bbox\images\train\(130).jpg,Gingivitis,2,0
C:\lab-hackathon\dataset\Ulcers\augmented\Mouth_Ulcer_0_3251.jpeg,Ulcers,4,1
C:\lab-hackathon\dataset\Tooth Discoloration\augmented\Tooth_Discoloration_0_7514.jpeg,Tooth Discoloration,3,1
C:\lab-hackathon\dataset\Calculus\(651).jpg,Calculus,1,0
C:\lab-hackathon\dataset\Tooth Discoloration\augmented\Tooth_Discoloration_0_2967.jpeg,Tooth Discoloration,3,1
C:\lab-hackathon\dataset\yolo_bbox\images\train\240.jpg,Ulcers,4,0
C:\lab-hackathon\dataset\Ulcers\augmented\Mouth_Ulcer_0_5585.jpeg,Ulcers,4,1
C:\lab-hackathon\dataset\Gingivitis\(639).jpg,Gingivitis,2,0
C:\lab-hackathon\dataset\Gingivitis\(1151).jpg,Gingivitis,2,0
C:\lab-hackathon\dataset\Caries\augmented\caries_0_5021.jpeg,Caries,0,1
C:\lab-hackathon\dataset\Hypodontia\(34).JPG,Hypodontia,5,0
C:\lab-hackathon\dataset\Gingivitis\(753).jpg,Gingivitis,2,0
C:\lab-hackathon\dataset\Calculus\(921).jpg,Calculus,1,0
C:\lab-hackathon\dataset\yolo_bbox\images\train\(13).jpg,Gingivitis,2,0
C:\lab-hackathon\dataset\Tooth Discoloration\augmented\Tooth_Discoloration_0_9204.jpeg,Tooth Discoloration,3,1
C:\lab-hackathon\dataset\Calculus\(265).jpg,Calculus,1,0
C:\lab-hackathon\dataset\Gingivitis\(365).jpg,Gingivitis,2,0
C:\lab-hackathon\dataset\Calculus\(1038).jpg,Calculus,1,0
C:\lab-hackathon\dataset\Caries\augmented\caries_0_542.jpeg,Caries,0,1
C:\lab-hackathon\dataset\Caries\augmented\caries_0_3946.jpeg,Caries,0,1
C:\lab-hackathon\dataset\Calculus\(1085).jpg,Calculus,1,0
C:\lab-hackathon\dataset\Gingivitis\(2176).jpg,Gingivitis,2,0
C:\lab-hackathon\dataset\Gingivitis\(211).jpg,Gingivitis,2,0
C:\lab-hackathon\dataset\Caries\original\72.jpg,Caries,0,0
C:\lab-hackathon\dataset\yolo_bbox\images\train\480.jpg,Tooth Discoloration,3,0
C:\lab-hackathon\dataset\Calculus\(501).jpg,Calculus,1,0
C:\lab-hackathon\dataset\Calculus\(789).jpg,Calculus,1,0
C:\lab-hackathon\dataset\Ulcers\original\74.jpg,Ulcers,4,0
C:\lab-hackathon\dataset\yolo_bbox\images\train\(47).jpg,Gingivitis,2,0
C:\lab-hackathon\dataset\Hypodontia\(329).JPG,Hypodontia,5,0
C:\lab-hackathon\dataset\yolo_bbox\images\train\446.jpg,Ulcers,4,0
C:\lab-hackathon\dataset\yolo_bbox\images\train\caries_0_3318.jpeg,Caries,0,0
C:\lab-hackathon\dataset\Gingivitis\(1721).jpg,Gingivitis,2,0
C:\lab-hackathon\dataset\yolo_bbox\images\train\333.jpg,Ulcers,4,0
C:\lab-hackathon\dataset\Caries\original\102.jpg,Caries,0,0
C:\lab-hackathon\dataset\Gingivitis\(161).jpg,Gingivitis,2,0
C:\lab-hackathon\dataset\Gingivitis\(730).jpg,Gingivitis,2,0
C:\lab-hackathon\dataset\Calculus\(534).jpg,Calculus,1,0
C:\lab-hackathon\dataset\Caries\augmented\caries_0_160.jpeg,Caries,0,1
C:\lab-hackathon\dataset\Calculus\(480).jpg,Calculus,1,0
C:\lab-hackathon\dataset\yolo_bbox\images\train\caries_0_663.jpeg,Caries,0,0
C:\lab-hackathon\dataset\Calculus\(1002).jpg,Calculus,1,0
C:\lab-hackathon\dataset\Hypodontia\(799).jpg,Hypodontia,5,0
C:\lab-hackathon\dataset\Gingivitis\(919).jpg,Gingivitis,2,0
C:\lab-hackathon\dataset\Gingivitis\(1473).jpg,Gingivitis,2,0
C:\lab-hackathon\dataset\Gingivitis\(500).jpg,Gingivitis,2,0
C:\lab-hackathon\dataset\Calculus\(379).jpg,Calculus,1,0
C:\lab-hackathon\dataset\Caries\augmented\caries_0_1718.jpeg,Caries,0,1
C:\lab-hackathon\dataset\Hypodontia\(834).JPG,Hypodontia,5,0
C:\lab-hackathon\dataset\Gingivitis\(1443).jpg,Gingivitis,2,0
C:\lab-hackathon\dataset\Ulcers\augmented\Mouth_Ulcer_0_6773.jpeg,Ulcers,4,1
C:\lab-hackathon\dataset\Gingivitis\(1947).jpg,Gingivitis,2,0
C:\lab-hackathon\dataset\Gingivitis\(458).jpg,Gingivitis,2,0
C:\lab-hackathon\dataset\Calculus\(22).jpg,Calculus,1,0
C:\lab-hackathon\dataset\Ulcers\original\203.jpg,Ulcers,4,0
C:\lab-hackathon\dataset\Caries\augmented\caries_0_9812.jpeg,Caries,0,1
C:\lab-hackathon\dataset\Ulcers\augmented\Mouth_Ulcer_0_6905.jpeg,Ulcers,4,1
C:\lab-hackathon\dataset\Caries\augmented\caries_0_2971.jpeg,Caries,0,1
C:\lab-hackathon\dataset\Gingivitis\(2219).jpg,Gingivitis,2,0
C:\lab-hackathon\dataset\yolo_bbox\images\train\(183).jpg,Gingivitis,2,0
C:\lab-hackathon\dataset\Ulcers\augmented\Mouth_Ulcer_0_9526.jpeg,Ulcers,4,1
C:\lab-hackathon\dataset\yolo_bbox\images\train\caries_0_4411.jpeg,Caries,0,0
C:\lab-hackathon\dataset\Ulcers\augmented\Mouth_Ulcer_0_1996.jpeg,Ulcers,4,1
C:\lab-hackathon\dataset\Gingivitis\(218).jpg,Gingivitis,2,0
C:\lab-hackathon\dataset\Ulcers\augmented\Mouth_Ulcer_0_1077.jpeg,Ulcers,4,1
C:\lab-hackathon\dataset\Calculus\(1090).jpg,Calculus,1,0
C:\lab-hackathon\dataset\yolo_bbox\images\train\caries_0_4349.jpeg,Caries,0,0
C:\lab-hackathon\dataset\Tooth Discoloration\augmented\Tooth_Discoloration_0_3680.jpeg,Tooth Discoloration,3,1
C:\lab-hackathon\dataset\yolo_bbox\images\train\caries_0_25.jpeg,Caries,0,0
C:\lab-hackathon\dataset\yolo_bbox\images\train\175.jpg,Caries,0,0
C:\lab-hackathon\dataset\Caries\original\214.jpg,Caries,0,0
C:\lab-hackathon\dataset\Calculus\(122).jpg,Calculus,1,0
C:\lab-hackathon\dataset\Calculus\(131).jpg,Calculus,1,0
C:\lab-hackathon\dataset\Gingivitis\(757).jpg,Gingivitis,2,0
C:\lab-hackathon\dataset\Tooth Discoloration\augmented\Tooth_Discoloration_0_9153.jpeg,Tooth Discoloration,3,1
C:\lab-hackathon\dataset\Ulcers\original\251.jpg,Ulcers,4,0
C:\lab-hackathon\dataset\yolo_bbox\images\train\565.jpg,Tooth Discoloration,3,0
C:\lab-hackathon\dataset\Hypodontia\(301).JPG,Hypodontia,5,0
C:\lab-hackathon\dataset\Caries\augmented\caries_0_2404.jpeg,Caries,0,1
C:\lab-hackathon\dataset\Hypodontia\(486).jpg,Hypodontia,5,0
C:\lab-hackathon\dataset\Gingivitis\(798).jpg,Gingivitis,2,0
C:\lab-hackathon\dataset\Ulcers\augmented\Mouth_Ulcer_0_2478.jpeg,Ulcers,4,1
C:\lab-hackathon\dataset\yolo_bbox\images\train\caries_0_3619.jpeg,Caries,0,0
C:\lab-hackathon\dataset\Calculus\(647).jpg,Calculus,1,0
C:\lab-hackathon\dataset\Gingivitis\(351).jpg,Gingivitis,2,0
C:\lab-hackathon\dataset\Caries\augmented\caries_0_3464.jpeg,Caries,0,1
C:\lab-hackathon\dataset\Ulcers\augmented\Mouth_Ulcer_0_2832.jpeg,Ulcers,4,1
C:\lab-hackathon\dataset\Calculus\(1037).jpg,Calculus,1,0
C:\lab-hackathon\dataset\yolo_bbox\images\train\caries_0_3802.jpeg,Caries,0,0
C:\lab-hackathon\dataset\yolo_bbox\images\train\(116).jpg,Gingivitis,2,0
C:\lab-hackathon\dataset\Tooth Discoloration\augmented\Tooth_Discoloration_0_3530.jpeg,Tooth Discoloration,3,1
C:\lab-hackathon\dataset\yolo_bbox\images\train\150.jpg,Caries,0,0
C:\lab-hackathon\dataset\Calculus\(119).jpg,Calculus,1,0
C:\lab-hackathon\dataset\yolo_bbox\images\train\482.jpg,Tooth Discoloration,3,0
C:\lab-hackathon\dataset\Tooth Discoloration\augmented\Tooth_Discoloration_0_9690.jpeg,Tooth Discoloration,3,1
C:\lab-hackathon\dataset\Tooth Discoloration\augmented\Tooth_Discoloration_0_2707.jpeg,Tooth Discoloration,3,1
C:\lab-hackathon\dataset\Hypodontia\(954).JPG,Hypodontia,5,0
C:\lab-hackathon\dataset\yolo_bbox\images\train\caries_0_4403.jpeg,Caries,0,0
C:\lab-hackathon\dataset\Gingivitis\(1904).jpg,Gingivitis,2,0
C:\lab-hackathon\dataset\Hypodontia\(117).jpg,Hypodontia,5,0
C:\lab-hackathon\dataset\yolo_bbox\images\train\caries_0_4000.jpeg,Caries,0,0
C:\lab-hackathon\dataset\Ulcers\augmented\Mouth_Ulcer_0_8063.jpeg,Ulcers,4,1
C:\lab-hackathon\dataset\yolo_bbox\images\train\535.jpg,Tooth Discoloration,3,0
C:\lab-hackathon\dataset\Tooth Discoloration\augmented\Tooth_Discoloration_0_9505.jpeg,Tooth Discoloration,3,1
C:\lab-hackathon\dataset\Tooth Discoloration\augmented\Tooth_Discoloration_0_208.jpeg,Tooth Discoloration,3,1
C:\lab-hackathon\dataset\Ulcers\augmented\Mouth_Ulcer_0_9064.jpeg,Ulcers,4,1
C:\lab-hackathon\dataset\Hypodontia\(525).jpg,Hypodontia,5,0
C:\lab-hackathon\dataset\Gingivitis\(1589).jpg,Gingivitis,2,0
C:\lab-hackathon\dataset\Hypodontia\(302).JPG,Hypodontia,5,0
C:\lab-hackathon\dataset\Gingivitis\(1491).jpg,Gingivitis,2,0
C:\lab-hackathon\dataset\Tooth Discoloration\augmented\Tooth_Discoloration_0_1346.jpeg,Tooth Discoloration,3,1
C:\lab-hackathon\dataset\Gingivitis\(1736).jpg,Gingivitis,2,0
C:\lab-hackathon\dataset\yolo_bbox\images\train\caries_0_4773.jpeg,Caries,0,0
C:\lab-hackathon\dataset\yolo_bbox\images\train\574.jpg,Tooth Discoloration,3,0
C:\lab-hackathon\dataset\yolo_bbox\images\train\caries_0_4333.jpeg,Caries,0,0
C:\lab-hackathon\dataset\Gingivitis\(1604).jpg,Gingivitis,2,0
C:\lab-hackathon\dataset\Caries\augmented\caries_0_2460.jpeg,Caries,0,1
C:\lab-hackathon\dataset\Tooth Discoloration\augmented\Tooth_Discoloration_0_8607.jpeg,Tooth Discoloration,3,1
C:\lab-hackathon\dataset\Calculus\(267).jpg,Calculus,1,0
C:\lab-hackathon\dataset\Tooth Discoloration\augmented\Tooth_Discoloration_0_7221.jpeg,Tooth Discoloration,3,1
C:\lab-hackathon\dataset\Hypodontia\(492).JPG,Hypodontia,5,0
C:\lab-hackathon\dataset\Calculus\(1201).jpg,Calculus,1,0
C:\lab-hackathon\dataset\Calculus\(52).jpg,Calculus,1,0
C:\lab-hackathon\dataset\Calculus\(1021).jpg,Calculus,1,0
C:\lab-hackathon\dataset\yolo_bbox\images\train\630.jpg,Tooth Discoloration,3,0
C:\lab-hackathon\dataset\Ulcers\augmented\Mouth_Ulcer_0_8846.jpeg,Ulcers,4,1
C:\lab-hackathon\dataset\yolo_bbox\images\train\326.jpg,Ulcers,4,0
C:\lab-hackathon\dataset\Gingivitis\(7).jpg,Gingivitis,2,0
C:\lab-hackathon\dataset\Ulcers\original\111.jpg,Ulcers,4,0
C:\lab-hackathon\dataset\Tooth Discoloration\original\144.jpg,Tooth Discoloration,3,0
C:\lab-hackathon\dataset\Tooth Discoloration\original\95.jpg,Tooth Discoloration,3,0
C:\lab-hackathon\dataset\Caries\augmented\caries_0_6089.jpeg,Caries,0,1
C:\lab-hackathon\dataset\Hypodontia\(1162).JPG,Hypodontia,5,0
C:\lab-hackathon\dataset\Gingivitis\(2093).jpg,Gingivitis,2,0
C:\lab-hackathon\dataset\Calculus\(180).jpg,Calculus,1,0
C:\lab-hackathon\dataset\Calculus\(740).jpg,Calculus,1,0
C:\lab-hackathon\dataset\Gingivitis\(1482).jpg,Gingivitis,2,0
C:\lab-hackathon\dataset\yolo_bbox\images\train\(6).jpg,Gingivitis,2,0
C:\lab-hackathon\dataset\Ulcers\augmented\Mouth_Ulcer_0_6898.jpeg,Ulcers,4,1
C:\lab-hackathon\dataset\Calculus\(291).jpg,Calculus,1,0
C:\lab-hackathon\dataset\Ulcers\augmented\Mouth_Ulcer_0_4609.jpeg,Ulcers,4,1
C:\lab-hackathon\dataset\Gingivitis\(240).jpg,Gingivitis,2,0
C:\lab-hackathon\dataset\Tooth Discoloration\augmented\Tooth_Discoloration_0_9454.jpeg,Tooth Discoloration,3,1
C:\lab-hackathon\dataset\Ulcers\augmented\Mouth_Ulcer_0_5361.jpeg,Ulcers,4,1
C:\lab-hackathon\dataset\Ulcers\augmented\Mouth_Ulcer_0_9170.jpeg,Ulcers,4,1
C:\lab-hackathon\dataset\Ulcers\augmented\Mouth_Ulcer_0_7255.jpeg,Ulcers,4,1
C:\lab-hackathon\dataset\Hypodontia\(1026).JPG,Hypodontia,5,0
C:\lab-hackathon\dataset\Caries\augmented\caries_0_7655.jpeg,Caries,0,1
C:\lab-hackathon\dataset\yolo_bbox\images\train\486.jpg,Tooth Discoloration,3,0
C:\lab-hackathon\dataset\Gingivitis\(1900).jpg,Gingivitis,2,0
C:\lab-hackathon\dataset\yolo_bbox\images\train\caries_0_3485.jpeg,Caries,0,0
C:\lab-hackathon\dataset\Calculus\(162).jpg,Calculus,1,0
C:\lab-hackathon\dataset\Ulcers\augmented\Mouth_Ulcer_0_642.jpeg,Ulcers,4,1
C:\lab-hackathon\dataset\Ulcers\augmented\Mouth_Ulcer_0_6420.jpeg,Ulcers,4,1
C:\lab-hackathon\dataset\Gingivitis\(589).jpg,Gingivitis,2,0
C:\lab-hackathon\dataset\Gingivitis\(1950).jpg,Gingivitis,2,0
C:\lab-hackathon\dataset\Gingivitis\(198).jpg,Gingivitis,2,0
C:\lab-hackathon\dataset\yolo_bbox\images\train\116.jpg,Caries,0,0
C:\lab-hackathon\dataset\Hypodontia\(988).JPG,Hypodontia,5,0
C:\lab-hackathon\dataset\Gingivitis\(1766).jpg,Gingivitis,2,0
C:\lab-hackathon\dataset\Ulcers\augmented\Mouth_Ulcer_0_2405.jpeg,Ulcers,4,1
C:\lab-hackathon\dataset\Calculus\(743).jpg,Calculus,1,0
C:\lab-hackathon\dataset\yolo_bbox\images\train\538.jpg,Tooth Discoloration,3,0
C:\lab-hackathon\dataset\Gingivitis\(2161).jpg,Gingivitis,2,0
C:\lab-hackathon\dataset\Calculus\(1027).jpg,Calculus,1,0
C:\lab-hackathon\dataset\Calculus\(959).jpg,Calculus,1,0
C:\lab-hackathon\dataset\Gingivitis\(1299).jpg,Gingivitis,2,0
C:\lab-hackathon\dataset\Ulcers\augmented\Mouth_Ulcer_0_4584.jpeg,Ulcers,4,1
C:\lab-hackathon\dataset\Gingivitis\(1199).jpg,Gingivitis,2,0
C:\lab-hackathon\dataset\Tooth Discoloration\augmented\Tooth_Discoloration_0_6899.jpeg,Tooth Discoloration,3,1
C:\lab-hackathon\dataset\Hypodontia\(572).JPG,Hypodontia,5,0
C:\lab-hackathon\dataset\Gingivitis\(2153).jpg,Gingivitis,2,0
C:\lab-hackathon\dataset\Ulcers\augmented\Mouth_Ulcer_0_3186.jpeg,Ulcers,4,1
C:\lab-hackathon\dataset\Ulcers\original\6.jpg,Ulcers,4,0
C:\lab-hackathon\dataset\yolo_bbox\images\train\43.jpg,Caries,0,0
C:\lab-hackathon\dataset\Ulcers\augmented\Mouth_Ulcer_0_9762.jpeg,Ulcers,4,1
C:\lab-hackathon\dataset\Gingivitis\(1684).jpg,Gingivitis,2,0
C:\lab-hackathon\dataset\Gingivitis\(1991).jpg,Gingivitis,2,0
C:\lab-hackathon\dataset\Calculus\(795).jpg,Calculus,1,0
C:\lab-hackathon\dataset\yolo_bbox\images\train\547.jpg,Tooth Discoloration,3,0
C:\lab-hackathon\dataset\yolo_bbox\images\train\caries_0_4578.jpeg,Caries,0,0
C:\lab-hackathon\dataset\Ulcers\augmented\Mouth_Ulcer_0_7580.jpeg,Ulcers,4,1
C:\lab-hackathon\dataset\Calculus\(90).jpg,Calculus,1,0
C:\lab-hackathon\dataset\yolo_bbox\images\train\457.jpg,Ulcers,4,0
C:\lab-hackathon\dataset\Ulcers\augmented\Mouth_Ulcer_0_7414.jpeg,Ulcers,4,1
C:\lab-hackathon\dataset\Hypodontia\(474).JPG,Hypodontia,5,0
C:\lab-hackathon\dataset\Gingivitis\(1572).jpg,Gingivitis,2,0
C:\lab-hackathon\dataset\Calculus\(42).jpg,Calculus,1,0
C:\lab-hackathon\dataset\Calculus\(1057).jpg,Calculus,1,0
C:\lab-hackathon\dataset\yolo_bbox\images\train\431.jpg,Ulcers,4,0
C:\lab-hackathon\dataset\yolo_bbox\images\train\154.jpg,Caries,0,0
C:\lab-hackathon\dataset\Caries\augmented\caries_0_8503.jpeg,Caries,0,1
C:\lab-hackathon\dataset\yolo_bbox\images\train\70.jpg,Caries,0,0
C:\lab-hackathon\dataset\Ulcers\augmented\Mouth_Ulcer_0_7917.jpeg,Ulcers,4,1
C:\lab-hackathon\dataset\Gingivitis\(787).jpg,Gingivitis,2,0
C:\lab-hackathon\dataset\Hypodontia\(1004).JPG,Hypodontia,5,0
C:\lab-hackathon\dataset\yolo_bbox\images\train\73.jpg,Caries,0,0
C:\lab-hackathon\dataset\Gingivitis\(233).jpg,Gingivitis,2,0
C:\lab-hackathon\dataset\Gingivitis\(1312).jpg,Gingivitis,2,0
C:\lab-hackathon\dataset\Calculus\(1005).jpg,Calculus,1,0
C:\lab-hackathon\dataset\yolo_bbox\images\train\199.jpg,Caries,0,0
C:\lab-hackathon\dataset\Ulcers\augmented\Mouth_Ulcer_0_1222.jpeg,Ulcers,4,1
C:\lab-hackathon\dataset\Hypodontia\(388).jpg,Hypodontia,5,0
C:\lab-hackathon\dataset\Ulcers\augmented\Mouth_Ulcer_0_3152.jpeg,Ulcers,4,1
C:\lab-hackathon\dataset\Caries\augmented\caries_0_7116.jpeg,Caries,0,1
C:\lab-hackathon\dataset\Gingivitis\(110).jpg,Gingivitis,2,0
C:\lab-hackathon\dataset\Gingivitis\(1512).jpg,Gingivitis,2,0
C:\lab-hackathon\dataset\yolo_bbox\images\train\caries_0_213.jpeg,Caries,0,0
C:\lab-hackathon\dataset\yolo_bbox\images\train\395.jpg,Ulcers,4,0
C:\lab-hackathon\dataset\Caries\augmented\caries_0_986.jpeg,Caries,0,1
C:\lab-hackathon\dataset\yolo_bbox\images\train\caries_0_4772.jpeg,Caries,0,0
C:\lab-hackathon\dataset\Ulcers\original\187.jpg,Ulcers,4,0
C:\lab-hackathon\dataset\Ulcers\original\144.jpg,Ulcers,4,0
C:\lab-hackathon\dataset\Hypodontia\(1050).JPG,Hypodontia,5,0
C:\lab-hackathon\dataset\Tooth Discoloration\augmented\Tooth_Discoloration_0_5755.jpeg,Tooth Discoloration,3,1
C:\lab-hackathon\dataset\Calculus\(767).jpg,Calculus,1,0
C:\lab-hackathon\dataset\Gingivitis\(1575).jpg,Gingivitis,2,0
C:\lab-hackathon\dataset\Gingivitis\(1090).jpg,Gingivitis,2,0
C:\lab-hackathon\dataset\Gingivitis\(1048).jpg,Gingivitis,2,0
C:\lab-hackathon\dataset\Gingivitis\(2159).jpg,Gingivitis,2,0
C:\lab-hackathon\dataset\Gingivitis\(1890).jpg,Gingivitis,2,0
C:\lab-hackathon\dataset\yolo_bbox\images\train\30.jpg,Caries,0,0
C:\lab-hackathon\dataset\Caries\augmented\caries_0_3991.jpeg,Caries,0,1
C:\lab-hackathon\dataset\Calculus\(772).jpg,Calculus,1,0
C:\lab-hackathon\dataset\Hypodontia\(962).jpg,Hypodontia,5,0
C:\lab-hackathon\dataset\Tooth Discoloration\augmented\Tooth_Discoloration_0_1001.jpeg,Tooth Discoloration,3,1
C:\lab-hackathon\dataset\Ulcers\augmented\Mouth_Ulcer_0_7834.jpeg,Ulcers,4,1
C:\lab-hackathon\dataset\Gingivitis\(118).jpg,Gingivitis,2,0
C:\lab-hackathon\dataset\Calculus\(633).jpg,Calculus,1,0
C:\lab-hackathon\dataset\Calculus\(600).jpg,Calculus,1,0
C:\lab-hackathon\dataset\Gingivitis\(1596).jpg,Gingivitis,2,0
C:\lab-hackathon\dataset\yolo_bbox\images\train\caries_0_4544.jpeg,Caries,0,0
C:\lab-hackathon\dataset\Gingivitis\(2087).jpg,Gingivitis,2,0
C:\lab-hackathon\dataset\Ulcers\original\59.jpg,Ulcers,4,0
C:\lab-hackathon\dataset\Tooth Discoloration\original\80.jpg,Tooth Discoloration,3,0
C:\lab-hackathon\dataset\Caries\original\111.jpg,Caries,0,0
C:\lab-hackathon\dataset\Caries\augmented\caries_0_3254.jpeg,Caries,0,1
C:\lab-hackathon\dataset\yolo_bbox\images\train\caries_0_4655.jpeg,Caries,0,0
C:\lab-hackathon\dataset\Gingivitis\(1037).jpg,Gingivitis,2,0
C:\lab-hackathon\dataset\Calculus\(731).jpg,Calculus,1,0
C:\lab-hackathon\dataset\Ulcers\augmented\Mouth_Ulcer_0_4496.jpeg,Ulcers,4,1
C:\lab-hackathon\dataset\Tooth Discoloration\augmented\Tooth_Discoloration_0_1461.jpeg,Tooth Discoloration,3,1
C:\lab-hackathon\dataset\Hypodontia\(81).jpg,Hypodontia,5,0
C:\lab-hackathon\dataset\Hypodontia\(1191).JPG,Hypodontia,5,0
C:\lab-hackathon\dataset\Gingivitis\(13).jpg,Gingivitis,2,0
C:\lab-hackathon\dataset\Tooth Discoloration\augmented\Tooth_Discoloration_0_4172.jpeg,Tooth Discoloration,3,1
C:\lab-hackathon\dataset\Caries\augmented\caries_0_7353.jpeg,Caries,0,1
C:\lab-hackathon\dataset\yolo_bbox\images\train\148.jpg,Caries,0,0
C:\lab-hackathon\dataset\Caries\original\181.jpg,Caries,0,0
C:\lab-hackathon\dataset\yolo_bbox\images\train\160.jpg,Caries,0,0
C:\lab-hackathon\dataset\Ulcers\augmented\Mouth_Ulcer_0_7629.jpeg,Ulcers,4,1
C:\lab-hackathon\dataset\Gingivitis\(158).jpg,Gingivitis,2,0
C:\lab-hackathon\dataset\Caries\augmented\caries_0_6664.jpeg,Caries,0,1
C:\lab-hackathon\dataset\Caries\augmented\caries_0_7889.jpeg,Caries,0,1
C:\lab-hackathon\dataset\Hypodontia\(1132).JPG,Hypodontia,5,0
C:\lab-hackathon\dataset\Tooth Discoloration\original\129.jpg,Tooth Discoloration,3,0
C:\lab-hackathon\dataset\Hypodontia\(756).JPG,Hypodontia,5,0
C:\lab-hackathon\dataset\Calculus\(348).jpg,Calculus,1,0
C:\lab-hackathon\dataset\Tooth Discoloration\augmented\Tooth_Discoloration_0_7744.jpeg,Tooth Discoloration,3,1
C:\lab-hackathon\dataset\Gingivitis\(2316).jpg,Gingivitis,2,0
C:\lab-hackathon\dataset\Ulcers\augmented\Mouth_Ulcer_0_9093.jpeg,Ulcers,4,1
C:\lab-hackathon\dataset\Hypodontia\(162).JPG,Hypodontia,5,0
C:\lab-hackathon\dataset\Calculus\(145).jpg,Calculus,1,0
C:\lab-hackathon\dataset\Calculus\(1218).jpg,Calculus,1,0
C:\lab-hackathon\dataset\Gingivitis\(1326).jpg,Gingivitis,2,0
C:\lab-hackathon\dataset\Calculus\(673).jpg,Calculus,1,0
C:\lab-hackathon\dataset\Gingivitis\(785).jpg,Gingivitis,2,0
C:\lab-hackathon\dataset\Calculus\(126).jpg,Calculus,1,0
C:\lab-hackathon\dataset\Tooth Discoloration\augmented\Tooth_Discoloration_0_5118.jpeg,Tooth Discoloration,3,1
C:\lab-hackathon\dataset\Caries\original\124.jpg,Caries,0,0
C:\lab-hackathon\dataset\yolo_bbox\images\train\328.jpg,Ulcers,4,0
C:\lab-hackathon\dataset\Caries\augmented\caries_0_9202.jpeg,Caries,0,1
C:\lab-hackathon\dataset\Calculus\(1084).jpg,Calculus,1,0
C:\lab-hackathon\dataset\yolo_bbox\images\train\caries_0_5208.jpeg,Caries,0,0
C:\lab-hackathon\dataset\Calculus\(461).jpg,Calculus,1,0
C:\lab-hackathon\dataset\Hypodontia\(1061).JPG,Hypodontia,5,0
C:\lab-hackathon\dataset\Caries\augmented\caries_0_8528.jpeg,Caries,0,1
C:\lab-hackathon\dataset\Gingivitis\(982).jpg,Gingivitis,2,0
C:\lab-hackathon\dataset\yolo_bbox\images\train\caries_0_4886.jpeg,Caries,0,0
C:\lab-hackathon\dataset\Gingivitis\(124).jpg,Gingivitis,2,0
C:\lab-hackathon\dataset\Tooth Discoloration\original\115.jpg,Tooth Discoloration,3,0
C:\lab-hackathon\dataset\Ulcers\augmented\Mouth_Ulcer_0_6945.jpeg,Ulcers,4,1
C:\lab-hackathon\dataset\Ulcers\augmented\Mouth_Ulcer_0_851.jpeg,Ulcers,4,1
C:\lab-hackathon\dataset\Gingivitis\(2041).jpg,Gingivitis,2,0
C:\lab-hackathon\dataset\Tooth Discoloration\augmented\Tooth_Discoloration_0_226.jpeg,Tooth Discoloration,3,1
C:\lab-hackathon\dataset\Ulcers\original\188.jpg,Ulcers,4,0
C:\lab-hackathon\dataset\Gingivitis\(761).jpg,Gingivitis,2,0
C:\lab-hackathon\dataset\yolo_bbox\images\train\244.jpg,Ulcers,4,0
C:\lab-hackathon\dataset\yolo_bbox\images\train\(145).jpg,Gingivitis,2,0
C:\lab-hackathon\dataset\Calculus\(1007).jpg,Calculus,1,0
C:\lab-hackathon\dataset\Gingivitis\(1987).jpg,Gingivitis,2,0
C:\lab-hackathon\dataset\Tooth Discoloration\augmented\Tooth_Discoloration_0_2900.jpeg,Tooth Discoloration,3,1
C:\lab-hackathon\dataset\yolo_bbox\images\train\caries_0_4451.jpeg,Caries,0,0
C:\lab-hackathon\dataset\Ulcers\augmented\Mouth_Ulcer_0_898.jpeg,Ulcers,4,1
C:\lab-hackathon\dataset\Calculus\(1214).jpg,Calculus,1,0
C:\lab-hackathon\dataset\yolo_bbox\images\train\151.jpg,Caries,0,0
C:\lab-hackathon\dataset\Gingivitis\(1760).jpg,Gingivitis,2,0
C:\lab-hackathon\dataset\Ulcers\augmented\Mouth_Ulcer_0_4005.jpeg,Ulcers,4,1
C:\lab-hackathon\dataset\Gingivitis\(536).jpg,Gingivitis,2,0
C:\lab-hackathon\dataset\yolo_bbox\images\train\caries_0_3991.jpeg,Caries,0,0
C:\lab-hackathon\dataset\Ulcers\augmented\Mouth_Ulcer_0_4138.jpeg,Ulcers,4,1
C:\lab-hackathon\dataset\Gingivitis\(165).jpg,Gingivitis,2,0
C:\lab-hackathon\dataset\Gingivitis\(914).jpg,Gingivitis,2,0
C:\lab-hackathon\dataset\Ulcers\augmented\Mouth_Ulcer_0_6456.jpeg,Ulcers,4,1
C:\lab-hackathon\dataset\Ulcers\augmented\Mouth_Ulcer_0_1681.jpeg,Ulcers,4,1
C:\lab-hackathon\dataset\Gingivitis\(1883).jpg,Gingivitis,2,0
C:\lab-hackathon\dataset\Ulcers\augmented\Mouth_Ulcer_0_1212.jpeg,Ulcers,4,1
C:\lab-hackathon\dataset\Hypodontia\(958).jpg,Hypodontia,5,0
C:\lab-hackathon\dataset\yolo_bbox\images\train\(119).jpg,Gingivitis,2,0
C:\lab-hackathon\dataset\Calculus\(720).jpg,Calculus,1,0
C:\lab-hackathon\dataset\Ulcers\original\64.jpg,Ulcers,4,0
C:\lab-hackathon\dataset\Gingivitis\(387).jpg,Gingivitis,2,0
C:\lab-hackathon\dataset\Tooth Discoloration\augmented\Tooth_Discoloration_0_6945.jpeg,Tooth Discoloration,3,1
C:\lab-hackathon\dataset\Gingivitis\(247).jpg,Gingivitis,2,0
C:\lab-hackathon\dataset\Gingivitis\(1424).jpg,Gingivitis,2,0
C:\lab-hackathon\dataset\yolo_bbox\images\train\caries_0_217.jpeg,Caries,0,0
C:\lab-hackathon\dataset\Ulcers\augmented\Mouth_Ulcer_0_8781.jpeg,Ulcers,4,1
C:\lab-hackathon\dataset\Tooth Discoloration\augmented\Tooth_Discoloration_0_8486.jpeg,Tooth Discoloration,3,1
C:\lab-hackathon\dataset\Gingivitis\(1218).jpg,Gingivitis,2,0
C:\lab-hackathon\dataset\yolo_bbox\images\train\caries_0_5181.jpeg,Caries,0,0
C:\lab-hackathon\dataset\Caries\augmented\caries_0_3334.jpeg,Caries,0,1
C:\lab-hackathon\dataset\Gingivitis\(703).jpg,Gingivitis,2,0
C:\lab-hackathon\dataset\Calculus\(1039).jpg,Calculus,1,0
C:\lab-hackathon\dataset\Ulcers\augmented\Mouth_Ulcer_0_6271.jpeg,Ulcers,4,1
C:\lab-hackathon\dataset\Tooth Discoloration\augmented\Tooth_Discoloration_0_1577.jpeg,Tooth Discoloration,3,1
C:\lab-hackathon\dataset\Hypodontia\(130).jpg,Hypodontia,5,0
C:\lab-hackathon\dataset\Hypodontia\(737).JPG,Hypodontia,5,0
C:\lab-hackathon\dataset\Tooth Discoloration\augmented\Tooth_Discoloration_0_423.jpeg,Tooth Discoloration,3,1
C:\lab-hackathon\dataset\Ulcers\augmented\Mouth_Ulcer_0_2113.jpeg,Ulcers,4,1
C:\lab-hackathon\dataset\Tooth Discoloration\augmented\Tooth_Discoloration_0_1437.jpeg,Tooth Discoloration,3,1
C:\lab-hackathon\dataset\Gingivitis\(1246).jpg,Gingivitis,2,0
C:\lab-hackathon\dataset\Gingivitis\(1438).jpg,Gingivitis,2,0
C:\lab-hackathon\dataset\Caries\augmented\caries_0_3878.jpeg,Caries,0,1
C:\lab-hackathon\dataset\Gingivitis\(962).jpg,Gingivitis,2,0
C:\lab-hackathon\dataset\Caries\augmented\caries_0_9126.jpeg,Caries,0,1
C:\lab-hackathon\dataset\yolo_bbox\images\train\442.jpg,Ulcers,4,0
C:\lab-hackathon\dataset\Tooth Discoloration\original\10.jpg,Tooth Discoloration,3,0
C:\lab-hackathon\dataset\Gingivitis\(353).jpg,Gingivitis,2,0
C:\lab-hackathon\dataset\Tooth Discoloration\augmented\Tooth_Discoloration_0_4581.jpeg,Tooth Discoloration,3,1
C:\lab-hackathon\dataset\Gingivitis\(2185).jpg,Gingivitis,2,0
C:\lab-hackathon\dataset\Gingivitis\(807).jpg,Gingivitis,2,0
C:\lab-hackathon\dataset\Caries\original\34.jpg,Caries,0,0
C:\lab-hackathon\dataset\yolo_bbox\images\train\caries_0_4296.jpeg,Caries,0,0
C:\lab-hackathon\dataset\Ulcers\augmented\Mouth_Ulcer_0_9985.jpeg,Ulcers,4,1
C:\lab-hackathon\dataset\Caries\augmented\caries_0_1150.jpeg,Caries,0,1
C:\lab-hackathon\dataset\Calculus\(337).jpg,Calculus,1,0
C:\lab-hackathon\dataset\Gingivitis\(851).jpg,Gingivitis,2,0
C:\lab-hackathon\dataset\Calculus\(135).jpg,Calculus,1,0
C:\lab-hackathon\dataset\Calculus\(973).jpg,Calculus,1,0
C:\lab-hackathon\dataset\Ulcers\augmented\Mouth_Ulcer_0_4481.jpeg,Ulcers,4,1
C:\lab-hackathon\dataset\Caries\augmented\caries_0_2991.jpeg,Caries,0,1
C:\lab-hackathon\dataset\yolo_bbox\images\train\32.jpg,Caries,0,0
C:\lab-hackathon\dataset\Calculus\(173).jpg,Calculus,1,0
C:\lab-hackathon\dataset\Ulcers\augmented\Mouth_Ulcer_0_2159.jpeg,Ulcers,4,1
C:\lab-hackathon\dataset\yolo_bbox\images\train\caries_0_3983.jpeg,Caries,0,0
C:\lab-hackathon\dataset\Gingivitis\(532).jpg,Gingivitis,2,0
C:\lab-hackathon\dataset\yolo_bbox\images\train\207.jpg,Caries,0,0
C:\lab-hackathon\dataset\Caries\augmented\caries_0_5181.jpeg,Caries,0,1
C:\lab-hackathon\dataset\yolo_bbox\images\train\caries_0_3561.jpeg,Caries,0,0
C:\lab-hackathon\dataset\Hypodontia\(33).JPG,Hypodontia,5,0
C:\lab-hackathon\dataset\Ulcers\augmented\Mouth_Ulcer_0_1729.jpeg,Ulcers,4,1
C:\lab-hackathon\dataset\Hypodontia\(259).JPG,Hypodontia,5,0
C:\lab-hackathon\dataset\Gingivitis\(637).jpg,Gingivitis,2,0
C:\lab-hackathon\dataset\Ulcers\augmented\Mouth_Ulcer_0_879.jpeg,Ulcers,4,1
C:\lab-hackathon\dataset\Ulcers\original\66.jpg,Ulcers,4,0
C:\lab-hackathon\dataset\Calculus\(787).jpg,Calculus,1,0
C:\lab-hackathon\dataset\Ulcers\augmented\Mouth_Ulcer_0_7618.jpeg,Ulcers,4,1
C:\lab-hackathon\dataset\Hypodontia\(715).JPG,Hypodontia,5,0
C:\lab-hackathon\dataset\Ulcers\augmented\Mouth_Ulcer_0_5593.jpeg,Ulcers,4,1
C:\lab-hackathon\dataset\Ulcers\augmented\Mouth_Ulcer_0_1107.jpeg,Ulcers,4,1
C:\lab-hackathon\dataset\yolo_bbox\images\train\caries_0_4603.jpeg,Caries,0,0
C:\lab-hackathon\dataset\Ulcers\augmented\Mouth_Ulcer_0_8685.jpeg,Ulcers,4,1
C:\lab-hackathon\dataset\Ulcers\augmented\Mouth_Ulcer_0_3656.jpeg,Ulcers,4,1
C:\lab-hackathon\dataset\yolo_bbox\images\train\342.jpg,Ulcers,4,0
C:\lab-hackathon\dataset\Gingivitis\(1611).jpg,Gingivitis,2,0
C:\lab-hackathon\dataset\Caries\augmented\caries_0_352.jpeg,Caries,0,1
C:\lab-hackathon\dataset\yolo_bbox\images\train\250.jpg,Ulcers,4,0
C:\lab-hackathon\dataset\Calculus\(257).jpg,Calculus,1,0
C:\lab-hackathon\dataset\Gingivitis\(48).jpg,Gingivitis,2,0
C:\lab-hackathon\dataset\Ulcers\augmented\Mouth_Ulcer_0_8102.jpeg,Ulcers,4,1
C:\lab-hackathon\dataset\Gingivitis\(1800).jpg,Gingivitis,2,0
C:\lab-hackathon\dataset\yolo_bbox\images\train\caries_0_355.jpeg,Caries,0,0
C:\lab-hackathon\dataset\Gingivitis\(2021).jpg,Gingivitis,2,0
C:\lab-hackathon\dataset\yolo_bbox\images\train\caries_0_4210.jpeg,Caries,0,0
C:\lab-hackathon\dataset\Ulcers\augmented\Mouth_Ulcer_0_2276.jpeg,Ulcers,4,1
C:\lab-hackathon\dataset\Tooth Discoloration\original\173.jpg,Tooth Discoloration,3,0
C:\lab-hackathon\dataset\Hypodontia\(1111).JPG,Hypodontia,5,0
C:\lab-hackathon\dataset\Gingivitis\(1887).jpg,Gingivitis,2,0
C:\lab-hackathon\dataset\Tooth Discoloration\augmented\Tooth_Discoloration_0_7484.jpeg,Tooth Discoloration,3,1
C:\lab-hackathon\dataset\Calculus\(1015).jpg,Calculus,1,0
C:\lab-hackathon\dataset\Tooth Discoloration\augmented\Tooth_Discoloration_0_9828.jpeg,Tooth Discoloration,3,1
C:\lab-hackathon\dataset\Tooth Discoloration\augmented\Tooth_Discoloration_0_5355.jpeg,Tooth Discoloration,3,1
C:\lab-hackathon\dataset\Gingivitis\(1593).jpg,Gingivitis,2,0
C:\lab-hackathon\dataset\yolo_bbox\images\train\caries_0_308.jpeg,Caries,0,0
C:\lab-hackathon\dataset\yolo_bbox\images\train\caries_0_5091.jpeg,Caries,0,0
C:\lab-hackathon\dataset\Gingivitis\(251).jpg,Gingivitis,2,0
C:\lab-hackathon\dataset\Ulcers\augmented\Mouth_Ulcer_0_537.jpeg,Ulcers,4,1
C:\lab-hackathon\dataset\Caries\augmented\caries_0_1205.jpeg,Caries,0,1
C:\lab-hackathon\dataset\Calculus\(421).jpg,Calculus,1,0
C:\lab-hackathon\dataset\Gingivitis\(1558).jpg,Gingivitis,2,0
C:\lab-hackathon\dataset\Gingivitis\(1515).jpg,Gingivitis,2,0
C:\lab-hackathon\dataset\Calculus\(270).jpg,Calculus,1,0
C:\lab-hackathon\dataset\Caries\augmented\caries_0_4151.jpeg,Caries,0,1
C:\lab-hackathon\dataset\Ulcers\original\152.jpg,Ulcers,4,0
C:\lab-hackathon\dataset\Gingivitis\(1998).jpg,Gingivitis,2,0
C:\lab-hackathon\dataset\Calculus\(811).jpg,Calculus,1,0
C:\lab-hackathon\dataset\Hypodontia\(605).JPG,Hypodontia,5,0
C:\lab-hackathon\dataset\Calculus\(510).jpg,Calculus,1,0
C:\lab-hackathon\dataset\Gingivitis\(648).jpg,Gingivitis,2,0
C:\lab-hackathon\dataset\Caries\augmented\caries_0_7325.jpeg,Caries,0,1
C:\lab-hackathon\dataset\Gingivitis\(72).jpg,Gingivitis,2,0
C:\lab-hackathon\dataset\yolo_bbox\images\train\caries_0_266.jpeg,Caries,0,0
C:\lab-hackathon\dataset\Ulcers\augmented\Mouth_Ulcer_0_4234.jpeg,Ulcers,4,1
C:\lab-hackathon\dataset\Calculus\(1189).jpg,Calculus,1,0
C:\lab-hackathon\dataset\Calculus\(741).jpg,Calculus,1,0
C:\lab-hackathon\dataset\Ulcers\augmented\Mouth_Ulcer_0_9153.jpeg,Ulcers,4,1
C:\lab-hackathon\dataset\Calculus\(648).jpg,Calculus,1,0
C:\lab-hackathon\dataset\yolo_bbox\images\train\91.jpg,Caries,0,0
C:\lab-hackathon\dataset\Caries\augmented\caries_0_3898.jpeg,Caries,0,1
C:\lab-hackathon\dataset\yolo_bbox\images\train\42.jpg,Caries,0,0
C:\lab-hackathon\dataset\Gingivitis\(745).jpg,Gingivitis,2,0
C:\lab-hackathon\dataset\yolo_bbox\images\train\caries_0_153.jpeg,Caries,0,0
C:\lab-hackathon\dataset\Gingivitis\(380).jpg,Gingivitis,2,0
C:\lab-hackathon\dataset\Gingivitis\(788).jpg,Gingivitis,2,0
C:\lab-hackathon\dataset\yolo_bbox\images\train\186.jpg,Caries,0,0
C:\lab-hackathon\dataset\Ulcers\original\42.jpg,Ulcers,4,0
C:\lab-hackathon\dataset\Tooth Discoloration\augmented\Tooth_Discoloration_0_4999.jpeg,Tooth Discoloration,3,1
C:\lab-hackathon\dataset\Hypodontia\(925).JPG,Hypodontia,5,0
C:\lab-hackathon\dataset\Calculus\(726).jpg,Calculus,1,0
C:\lab-hackathon\dataset\Tooth Discoloration\augmented\Tooth_Discoloration_0_3503.jpeg,Tooth Discoloration,3,1
C:\lab-hackathon\dataset\yolo_bbox\images\train\502.jpg,Tooth Discoloration,3,0
C:\lab-hackathon\dataset\Ulcers\augmented\Mouth_Ulcer_0_1900.jpeg,Ulcers,4,1
C:\lab-hackathon\dataset\yolo_bbox\images\train\361.jpg,Ulcers,4,0
C:\lab-hackathon\dataset\Gingivitis\(1089).jpg,Gingivitis,2,0
C:\lab-hackathon\dataset\yolo_bbox\images\train\caries_0_4512.jpeg,Caries,0,0
C:\lab-hackathon\dataset\Calculus\(747).jpg,Calculus,1,0
C:\lab-hackathon\dataset\Caries\augmented\caries_0_827.jpeg,Caries,0,1
C:\lab-hackathon\dataset\Gingivitis\(1852).jpg,Gingivitis,2,0
C:\lab-hackathon\dataset\Caries\augmented\caries_0_9482.jpeg,Caries,0,1
C:\lab-hackathon\dataset\Gingivitis\(797).jpg,Gingivitis,2,0
C:\lab-hackathon\dataset\Tooth Discoloration\augmented\Tooth_Discoloration_0_533.jpeg,Tooth Discoloration,3,1
C:\lab-hackathon\dataset\Gingivitis\(1035).jpg,Gingivitis,2,0
C:\lab-hackathon\dataset\Ulcers\augmented\Mouth_Ulcer_0_493.jpeg,Ulcers,4,1
C:\lab-hackathon\dataset\Gingivitis\(1898).jpg,Gingivitis,2,0
C:\lab-hackathon\dataset\Caries\original\174.jpg,Caries,0,0
C:\lab-hackathon\dataset\Tooth Discoloration\augmented\Tooth_Discoloration_0_1992.jpeg,Tooth Discoloration,3,1
C:\lab-hackathon\dataset\Caries\augmented\caries_0_9451.jpeg,Caries,0,1
C:\lab-hackathon\dataset\Gingivitis\(164).jpg,Gingivitis,2,0
C:\lab-hackathon\dataset\Calculus\(702).jpg,Calculus,1,0
C:\lab-hackathon\dataset\Calculus\(65).jpg,Calculus,1,0
C:\lab-hackathon\dataset\Ulcers\augmented\Mouth_Ulcer_0_135.jpeg,Ulcers,4,1
C:\lab-hackathon\dataset\Tooth Discoloration\augmented\Tooth_Discoloration_0_3368.jpeg,Tooth Discoloration,3,1
C:\lab-hackathon\dataset\Calculus\(171).jpg,Calculus,1,0
C:\lab-hackathon\dataset\Ulcers\augmented\Mouth_Ulcer_0_9764.jpeg,Ulcers,4,1
C:\lab-hackathon\dataset\Calculus\(763).jpg,Calculus,1,0
C:\lab-hackathon\dataset\Calculus\(334).jpg,Calculus,1,0
C:\lab-hackathon\dataset\Ulcers\augmented\Mouth_Ulcer_0_2774.jpeg,Ulcers,4,1
C:\lab-hackathon\dataset\Caries\augmented\caries_0_9793.jpeg,Caries,0,1
C:\lab-hackathon\dataset\Tooth Discoloration\original\68.jpg,Tooth Discoloration,3,0
C:\lab-hackathon\dataset\Caries\augmented\caries_0_768.jpeg,Caries,0,1
C:\lab-hackathon\dataset\Gingivitis\(209).jpg,Gingivitis,2,0
C:\lab-hackathon\dataset\Ulcers\augmented\Mouth_Ulcer_0_1892.jpeg,Ulcers,4,1
C:\lab-hackathon\dataset\Caries\augmented\caries_0_331.jpeg,Caries,0,1
C:\lab-hackathon\dataset\Gingivitis\(1397).jpg,Gingivitis,2,0
C:\lab-hackathon\dataset\Gingivitis\(968).jpg,Gingivitis,2,0
C:\lab-hackathon\dataset\Hypodontia\(346).JPG,Hypodontia,5,0
C:\lab-hackathon\dataset\Caries\augmented\caries_0_5448.jpeg,Caries,0,1
C:\lab-hackathon\dataset\Tooth Discoloration\augmented\Tooth_Discoloration_0_9091.jpeg,Tooth Discoloration,3,1
C:\lab-hackathon\dataset\Gingivitis\(524).jpg,Gingivitis,2,0
C:\lab-hackathon\dataset\Ulcers\augmented\Mouth_Ulcer_0_5068.jpeg,Ulcers,4,1
C:\lab-hackathon\dataset\Gingivitis\(2237).jpg,Gingivitis,2,0
C:\lab-hackathon\dataset\Tooth Discoloration\augmented\Tooth_Discoloration_0_7473.jpeg,Tooth Discoloration,3,1
C:\lab-hackathon\dataset\Calculus\(48).jpg,Calculus,1,0
C:\lab-hackathon\dataset\Ulcers\augmented\Mouth_Ulcer_0_9900.jpeg,Ulcers,4,1
C:\lab-hackathon\dataset\Caries\augmented\caries_0_7259.jpeg,Caries,0,1
C:\lab-hackathon\dataset\Hypodontia\(974).JPG,Hypodontia,5,0
C:\lab-hackathon\dataset\yolo_bbox\images\train\caries_0_4070.jpeg,Caries,0,0
C:\lab-hackathon\dataset\yolo_bbox\images\train\530.jpg,Tooth Discoloration,3,0
C:\lab-hackathon\dataset\Gingivitis\(691).jpg,Gingivitis,2,0
C:\lab-hackathon\dataset\Ulcers\augmented\Mouth_Ulcer_0_9155.jpeg,Ulcers,4,1
C:\lab-hackathon\dataset\yolo_bbox\images\train\259.jpg,Ulcers,4,0
C:\lab-hackathon\dataset\Gingivitis\(103).jpg,Gingivitis,2,0
C:\lab-hackathon\dataset\Tooth Discoloration\augmented\Tooth_Discoloration_0_1153.jpeg,Tooth Discoloration,3,1
C:\lab-hackathon\dataset\Tooth Discoloration\augmented\Tooth_Discoloration_0_9058.jpeg,Tooth Discoloration,3,1
C:\lab-hackathon\dataset\Hypodontia\(86).JPG,Hypodontia,5,0
C:\lab-hackathon\dataset\Caries\augmented\caries_0_2712.jpeg,Caries,0,1
C:\lab-hackathon\dataset\Tooth Discoloration\augmented\Tooth_Discoloration_0_7463.jpeg,Tooth Discoloration,3,1
C:\lab-hackathon\dataset\Calculus\(359).jpg,Calculus,1,0
C:\lab-hackathon\dataset\Hypodontia\(530).jpg,Hypodontia,5,0
C:\lab-hackathon\dataset\Tooth Discoloration\augmented\Tooth_Discoloration_0_1106.jpeg,Tooth Discoloration,3,1
C:\lab-hackathon\dataset\Caries\augmented\caries_0_9795.jpeg,Caries,0,1
C:\lab-hackathon\dataset\Gingivitis\(1251).jpg,Gingivitis,2,0
C:\lab-hackathon\dataset\Caries\augmented\caries_0_2675.jpeg,Caries,0,1
C:\lab-hackathon\dataset\Calculus\(855).jpg,Calculus,1,0
C:\lab-hackathon\dataset\Gingivitis\(265).jpg,Gingivitis,2,0
C:\lab-hackathon\dataset\Caries\augmented\caries_0_2774.jpeg,Caries,0,1
C:\lab-hackathon\dataset\Ulcers\augmented\Mouth_Ulcer_0_6787.jpeg,Ulcers,4,1
C:\lab-hackathon\dataset\Calculus\(602).jpg,Calculus,1,0
C:\lab-hackathon\dataset\Hypodontia\(1060).jpg,Hypodontia,5,0
C:\lab-hackathon\dataset\Tooth Discoloration\augmented\Tooth_Discoloration_0_2007.jpeg,Tooth Discoloration,3,1
C:\lab-hackathon\dataset\yolo_bbox\images\train\caries_0_3316.jpeg,Caries,0,0
C:\lab-hackathon\dataset\Calculus\(984).jpg,Calculus,1,0
C:\lab-hackathon\dataset\Gingivitis\(1267).jpg,Gingivitis,2,0
C:\lab-hackathon\dataset\Caries\augmented\caries_0_69.jpeg,Caries,0,1
C:\lab-hackathon\dataset\Calculus\(942).jpg,Calculus,1,0
C:\lab-hackathon\dataset\yolo_bbox\images\train\caries_0_3601.jpeg,Caries,0,0
C:\lab-hackathon\dataset\Calculus\(546).jpg,Calculus,1,0
C:\lab-hackathon\dataset\Gingivitis\(2127).jpg,Gingivitis,2,0
C:\lab-hackathon\dataset\Calculus\(969).jpg,Calculus,1,0
C:\lab-hackathon\dataset\Tooth Discoloration\augmented\Tooth_Discoloration_0_1413.jpeg,Tooth Discoloration,3,1
C:\lab-hackathon\dataset\Hypodontia\(862).JPG,Hypodontia,5,0
C:\lab-hackathon\dataset\Gingivitis\(2181).jpg,Gingivitis,2,0
C:\lab-hackathon\dataset\Gingivitis\(2315).jpg,Gingivitis,2,0
C:\lab-hackathon\dataset\Ulcers\augmented\Mouth_Ulcer_0_716.jpeg,Ulcers,4,1
C:\lab-hackathon\dataset\Gingivitis\(1758).jpg,Gingivitis,2,0
C:\lab-hackathon\dataset\Ulcers\augmented\Mouth_Ulcer_0_2106.jpeg,Ulcers,4,1
C:\lab-hackathon\dataset\Calculus\(882).jpg,Calculus,1,0
C:\lab-hackathon\dataset\Gingivitis\(1484).jpg,Gingivitis,2,0
C:\lab-hackathon\dataset\Caries\augmented\caries_0_2153.jpeg,Caries,0,1
C:\lab-hackathon\dataset\Ulcers\augmented\Mouth_Ulcer_0_812.jpeg,Ulcers,4,1
C:\lab-hackathon\dataset\Ulcers\augmented\Mouth_Ulcer_0_544.jpeg,Ulcers,4,1
C:\lab-hackathon\dataset\Ulcers\augmented\Mouth_Ulcer_0_9979.jpeg,Ulcers,4,1
C:\lab-hackathon\dataset\yolo_bbox\images\train\598.jpg,Tooth Discoloration,3,0
C:\lab-hackathon\dataset\Gingivitis\(200).jpg,Gingivitis,2,0
C:\lab-hackathon\dataset\Calculus\(680).jpg,Calculus,1,0
C:\lab-hackathon\dataset\Calculus\(624).jpg,Calculus,1,0
C:\lab-hackathon\dataset\Ulcers\augmented\Mouth_Ulcer_0_3653.jpeg,Ulcers,4,1
C:\lab-hackathon\dataset\Gingivitis\(1964).jpg,Gingivitis,2,0
C:\lab-hackathon\dataset\Gingivitis\(1860).jpg,Gingivitis,2,0
C:\lab-hackathon\dataset\Gingivitis\(1194).jpg,Gingivitis,2,0
C:\lab-hackathon\dataset\Gingivitis\(1605).jpg,Gingivitis,2,0
C:\lab-hackathon\dataset\Gingivitis\(334).jpg,Gingivitis,2,0
C:\lab-hackathon\dataset\yolo_bbox\images\train\caries_0_5211.jpeg,Caries,0,0
C:\lab-hackathon\dataset\Hypodontia\(140).JPG,Hypodontia,5,0
C:\lab-hackathon\dataset\Tooth Discoloration\augmented\Tooth_Discoloration_0_137.jpeg,Tooth Discoloration,3,1
C:\lab-hackathon\dataset\Hypodontia\(1159).JPG,Hypodontia,5,0
C:\lab-hackathon\dataset\Calculus\(372).jpg,Calculus,1,0
C:\lab-hackathon\dataset\Gingivitis\(1762).jpg,Gingivitis,2,0
C:\lab-hackathon\dataset\Ulcers\augmented\Mouth_Ulcer_0_6497.jpeg,Ulcers,4,1
C:\lab-hackathon\dataset\yolo_bbox\images\train\caries_0_658.jpeg,Caries,0,0
C:\lab-hackathon\dataset\Tooth Discoloration\augmented\Tooth_Discoloration_0_2188.jpeg,Tooth Discoloration,3,1
C:\lab-hackathon\dataset\Ulcers\augmented\Mouth_Ulcer_0_7462.jpeg,Ulcers,4,1
C:\lab-hackathon\dataset\yolo_bbox\images\train\caries_0_639.jpeg,Caries,0,0
C:\lab-hackathon\dataset\Ulcers\augmented\Mouth_Ulcer_0_7241.jpeg,Ulcers,4,1
C:\lab-hackathon\dataset\Tooth Discoloration\augmented\Tooth_Discoloration_0_5929.jpeg,Tooth Discoloration,3,1
C:\lab-hackathon\dataset\Ulcers\augmented\Mouth_Ulcer_0_1138.jpeg,Ulcers,4,1
C:\lab-hackathon\dataset\Hypodontia\(705).JPG,Hypodontia,5,0
C:\lab-hackathon\dataset\Gingivitis\(1476).jpg,Gingivitis,2,0
C:\lab-hackathon\dataset\Ulcers\augmented\Mouth_Ulcer_0_6344.jpeg,Ulcers,4,1
C:\lab-hackathon\dataset\Tooth Discoloration\augmented\Tooth_Discoloration_0_2593.jpeg,Tooth Discoloration,3,1
C:\lab-hackathon\dataset\yolo_bbox\images\train\caries_0_3420.jpeg,Caries,0,0
C:\lab-hackathon\dataset\Caries\augmented\caries_0_4070.jpeg,Caries,0,1
C:\lab-hackathon\dataset\Ulcers\augmented\Mouth_Ulcer_0_2847.jpeg,Ulcers,4,1
C:\lab-hackathon\dataset\Caries\augmented\caries_0_7920.jpeg,Caries,0,1
C:\lab-hackathon\dataset\Gingivitis\(1554).jpg,Gingivitis,2,0
C:\lab-hackathon\dataset\Ulcers\augmented\Mouth_Ulcer_0_6644.jpeg,Ulcers,4,1
C:\lab-hackathon\dataset\Ulcers\augmented\Mouth_Ulcer_0_5933.jpeg,Ulcers,4,1
C:\lab-hackathon\dataset\Caries\augmented\caries_0_9404.jpeg,Caries,0,1
C:\lab-hackathon\dataset\yolo_bbox\images\train\450.jpg,Ulcers,4,0
C:\lab-hackathon\dataset\Caries\augmented\caries_0_3706.jpeg,Caries,0,1
C:\lab-hackathon\dataset\Calculus\(1059).jpg,Calculus,1,0
C:\lab-hackathon\dataset\Tooth Discoloration\augmented\Tooth_Discoloration_0_1298.jpeg,Tooth Discoloration,3,1
C:\lab-hackathon\dataset\Gingivitis\(647).jpg,Gingivitis,2,0
C:\lab-hackathon\dataset\Ulcers\augmented\Mouth_Ulcer_0_2027.jpeg,Ulcers,4,1
C:\lab-hackathon\dataset\yolo_bbox\images\train\(35).jpg,Gingivitis,2,0
C:\lab-hackathon\dataset\Calculus\(626).jpg,Calculus,1,0
C:\lab-hackathon\dataset\Gingivitis\(473).jpg,Gingivitis,2,0
C:\lab-hackathon\dataset\Gingivitis\(903).jpg,Gingivitis,2,0
C:\lab-hackathon\dataset\Calculus\(1197).jpg,Calculus,1,0
C:\lab-hackathon\dataset\Gingivitis\(1206).jpg,Gingivitis,2,0
C:\lab-hackathon\dataset\yolo_bbox\images\train\374.jpg,Ulcers,4,0
C:\lab-hackathon\dataset\Calculus\(659).jpg,Calculus,1,0
C:\lab-hackathon\dataset\Ulcers\augmented\Mouth_Ulcer_0_1756.jpeg,Ulcers,4,1
C:\lab-hackathon\dataset\yolo_bbox\images\train\(41).jpg,Gingivitis,2,0
C:\lab-hackathon\dataset\yolo_bbox\images\train\534.jpg,Tooth Discoloration,3,0
C:\lab-hackathon\dataset\Gingivitis\(1182).jpg,Gingivitis,2,0
C:\lab-hackathon\dataset\Tooth Discoloration\original\74.jpg,Tooth Discoloration,3,0
C:\lab-hackathon\dataset\Tooth Discoloration\augmented\Tooth_Discoloration_0_3400.jpeg,Tooth Discoloration,3,1
C:\lab-hackathon\dataset\yolo_bbox\images\train\caries_0_4968.jpeg,Caries,0,0
C:\lab-hackathon\dataset\Gingivitis\(46).jpg,Gingivitis,2,0
C:\lab-hackathon\dataset\Hypodontia\(1126).JPG,Hypodontia,5,0
C:\lab-hackathon\dataset\Gingivitis\(1542).jpg,Gingivitis,2,0
C:\lab-hackathon\dataset\Tooth Discoloration\augmented\Tooth_Discoloration_0_9069.jpeg,Tooth Discoloration,3,1
C:\lab-hackathon\dataset\Caries\original\48.jpg,Caries,0,0
C:\lab-hackathon\dataset\Tooth Discoloration\original\101.jpg,Tooth Discoloration,3,0
C:\lab-hackathon\dataset\Hypodontia\(1204).jpg,Hypodontia,5,0
C:\lab-hackathon\dataset\yolo_bbox\images\train\183.jpg,Caries,0,0
C:\lab-hackathon\dataset\Tooth Discoloration\augmented\Tooth_Discoloration_0_5543.jpeg,Tooth Discoloration,3,1
C:\lab-hackathon\dataset\Gingivitis\(1062).jpg,Gingivitis,2,0
C:\lab-hackathon\dataset\Calculus\(813).jpg,Calculus,1,0
C:\lab-hackathon\dataset\Caries\augmented\caries_0_4892.jpeg,Caries,0,1
C:\lab-hackathon\dataset\Gingivitis\(764).jpg,Gingivitis,2,0
C:\lab-hackathon\dataset\Calculus\(18).jpg,Calculus,1,0
C:\lab-hackathon\dataset\Ulcers\augmented\Mouth_Ulcer_0_7923.jpeg,Ulcers,4,1
C:\lab-hackathon\dataset\Hypodontia\(491).JPG,Hypodontia,5,0
C:\lab-hackathon\dataset\Caries\augmented\caries_0_2401.jpeg,Caries,0,1
C:\lab-hackathon\dataset\Ulcers\original\140.jpg,Ulcers,4,0
C:\lab-hackathon\dataset\yolo_bbox\images\train\caries_0_3696.jpeg,Caries,0,0
C:\lab-hackathon\dataset\Caries\augmented\caries_0_6385.jpeg,Caries,0,1
C:\lab-hackathon\dataset\Tooth Discoloration\augmented\Tooth_Discoloration_0_4974.jpeg,Tooth Discoloration,3,1
C:\lab-hackathon\dataset\yolo_bbox\images\train\(117).jpg,Gingivitis,2,0
C:\lab-hackathon\dataset\yolo_bbox\images\train\623.jpg,Tooth Discoloration,3,0
C:\lab-hackathon\dataset\Hypodontia\(872).JPG,Hypodontia,5,0
C:\lab-hackathon\dataset\Ulcers\augmented\Mouth_Ulcer_0_8622.jpeg,Ulcers,4,1
C:\lab-hackathon\dataset\yolo_bbox\images\train\caries_0_240.jpeg,Caries,0,0
C:\lab-hackathon\dataset\Ulcers\augmented\Mouth_Ulcer_0_2588.jpeg,Ulcers,4,1
C:\lab-hackathon\dataset\Hypodontia\(763).JPG,Hypodontia,5,0
C:\lab-hackathon\dataset\yolo_bbox\images\train\303.jpg,Ulcers,4,0
C:\lab-hackathon\dataset\Hypodontia\(1042).jpg,Hypodontia,5,0
C:\lab-hackathon\dataset\Tooth Discoloration\augmented\Tooth_Discoloration_0_8760.jpeg,Tooth Discoloration,3,1
C:\lab-hackathon\dataset\yolo_bbox\images\train\548.jpg,Tooth Discoloration,3,0
C:\lab-hackathon\dataset\Gingivitis\(1100)(1).jpg,Gingivitis,2,0
C:\lab-hackathon\dataset\yolo_bbox\images\train\(120).jpg,Gingivitis,2,0
C:\lab-hackathon\dataset\Gingivitis\(742).jpg,Gingivitis,2,0
C:\lab-hackathon\dataset\Caries\augmented\caries_0_153.jpeg,Caries,0,1
C:\lab-hackathon\dataset\Ulcers\augmented\Mouth_Ulcer_0_7361.jpeg,Ulcers,4,1
C:\lab-hackathon\dataset\Ulcers\augmented\Mouth_Ulcer_0_9074.jpeg,Ulcers,4,1
C:\lab-hackathon\dataset\Calculus\(459).jpg,Calculus,1,0
C:\lab-hackathon\dataset\Gingivitis\(770).jpg,Gingivitis,2,0
C:\lab-hackathon\dataset\Hypodontia\(462).JPG,Hypodontia,5,0
C:\lab-hackathon\dataset\yolo_bbox\images\train\19.jpg,Caries,0,0
C:\lab-hackathon\dataset\Caries\original\150.jpg,Caries,0,0
C:\lab-hackathon\dataset\Caries\augmented\caries_0_2405.jpeg,Caries,0,1
C:\lab-hackathon\dataset\Ulcers\augmented\Mouth_Ulcer_0_488.jpeg,Ulcers,4,1
C:\lab-hackathon\dataset\Caries\augmented\caries_0_4019.jpeg,Caries,0,1
C:\lab-hackathon\dataset\Ulcers\augmented\Mouth_Ulcer_0_1719.jpeg,Ulcers,4,1
C:\lab-hackathon\dataset\Gingivitis\(1781).jpg,Gingivitis,2,0
C:\lab-hackathon\dataset\Gingivitis\(255).jpg,Gingivitis,2,0
C:\lab-hackathon\dataset\Hypodontia\(430).JPG,Hypodontia,5,0
C:\lab-hackathon\dataset\Caries\augmented\caries_0_5120.jpeg,Caries,0,1
C:\lab-hackathon\dataset\Ulcers\original\211.jpg,Ulcers,4,0
C:\lab-hackathon\dataset\Hypodontia\(1080).jpg,Hypodontia,5,0
C:\lab-hackathon\dataset\yolo_bbox\images\train\caries_0_4955.jpeg,Caries,0,0
C:\lab-hackathon\dataset\yolo_bbox\images\train\173.jpg,Caries,0,0
C:\lab-hackathon\dataset\Hypodontia\(713).JPG,Hypodontia,5,0
C:\lab-hackathon\dataset\Ulcers\augmented\Mouth_Ulcer_0_1167.jpeg,Ulcers,4,1
C:\lab-hackathon\dataset\Gingivitis\(570).jpg,Gingivitis,2,0
C:\lab-hackathon\dataset\yolo_bbox\images\train\389.jpg,Ulcers,4,0
C:\lab-hackathon\dataset\Calculus\(14).jpg,Calculus,1,0
C:\lab-hackathon\dataset\Caries\original\170.jpg,Caries,0,0
C:\lab-hackathon\dataset\Caries\augmented\caries_0_2697.jpeg,Caries,0,1
C:\lab-hackathon\dataset\Calculus\(120).jpg,Calculus,1,0
C:\lab-hackathon\dataset\yolo_bbox\images\train\(78).jpg,Gingivitis,2,0
C:\lab-hackathon\dataset\Gingivitis\(6).jpg,Gingivitis,2,0
C:\lab-hackathon\dataset\Ulcers\augmented\Mouth_Ulcer_0_7827.jpeg,Ulcers,4,1
C:\lab-hackathon\dataset\yolo_bbox\images\train\caries_0_5142.jpeg,Caries,0,0
C:\lab-hackathon\dataset\Gingivitis\(1526).jpg,Gingivitis,2,0
C:\lab-hackathon\dataset\Tooth Discoloration\augmented\Tooth_Discoloration_0_7725.jpeg,Tooth Discoloration,3,1
C:\lab-hackathon\dataset\Calculus\(102).jpg,Calculus,1,0
C:\lab-hackathon\dataset\Ulcers\augmented\Mouth_Ulcer_0_8676.jpeg,Ulcers,4,1
C:\lab-hackathon\dataset\Ulcers\augmented\Mouth_Ulcer_0_4837.jpeg,Ulcers,4,1
C:\lab-hackathon\dataset\Calculus\(613).jpg,Calculus,1,0
C:\lab-hackathon\dataset\Tooth Discoloration\augmented\Tooth_Discoloration_0_4445.jpeg,Tooth Discoloration,3,1
C:\lab-hackathon\dataset\Caries\augmented\caries_0_5135.jpeg,Caries,0,1
C:\lab-hackathon\dataset\Gingivitis\(1058).jpg,Gingivitis,2,0
C:\lab-hackathon\dataset\Gingivitis\(804).jpg,Gingivitis,2,0
C:\lab-hackathon\dataset\Tooth Discoloration\augmented\Tooth_Discoloration_0_1219.jpeg,Tooth Discoloration,3,1
C:\lab-hackathon\dataset\Gingivitis\(953).jpg,Gingivitis,2,0
C:\lab-hackathon\dataset\Caries\augmented\caries_0_5960.jpeg,Caries,0,1
C:\lab-hackathon\dataset\Gingivitis\(329).jpg,Gingivitis,2,0
C:\lab-hackathon\dataset\Ulcers\augmented\Mouth_Ulcer_0_4307.jpeg,Ulcers,4,1
C:\lab-hackathon\dataset\Hypodontia\(420).JPG,Hypodontia,5,0
C:\lab-hackathon\dataset\yolo_bbox\images\train\(33).jpg,Gingivitis,2,0
C:\lab-hackathon\dataset\Gingivitis\(729).jpg,Gingivitis,2,0
C:\lab-hackathon\dataset\Caries\augmented\caries_0_8208.jpeg,Caries,0,1
C:\lab-hackathon\dataset\Calculus\(719).jpg,Calculus,1,0
C:\lab-hackathon\dataset\Caries\augmented\caries_0_431.jpeg,Caries,0,1
C:\lab-hackathon\dataset\yolo_bbox\images\train\caries_0_196.jpeg,Caries,0,0
C:\lab-hackathon\dataset\Calculus\(643).jpg,Calculus,1,0
C:\lab-hackathon\dataset\Ulcers\original\60.jpg,Ulcers,4,0
C:\lab-hackathon\dataset\Tooth Discoloration\augmented\Tooth_Discoloration_0_3529.jpeg,Tooth Discoloration,3,1
C:\lab-hackathon\dataset\Hypodontia\(41).JPG,Hypodontia,5,0
C:\lab-hackathon\dataset\Ulcers\augmented\Mouth_Ulcer_0_2815.jpeg,Ulcers,4,1
C:\lab-hackathon\dataset\yolo_bbox\images\train\(181).jpg,Gingivitis,2,0
C:\lab-hackathon\dataset\Hypodontia\(15).JPG,Hypodontia,5,0
C:\lab-hackathon\dataset\Gingivitis\(1788).jpg,Gingivitis,2,0
C:\lab-hackathon\dataset\yolo_bbox\images\train\163.jpg,Caries,0,0
C:\lab-hackathon\dataset\Hypodontia\(44).JPG,Hypodontia,5,0
C:\lab-hackathon\dataset\Caries\augmented\caries_0_4066.jpeg,Caries,0,1
C:\lab-hackathon\dataset\Caries\augmented\caries_0_1424.jpeg,Caries,0,1
C:\lab-hackathon\dataset\Gingivitis\(1213).jpg,Gingivitis,2,0
C:\lab-hackathon\dataset\Ulcers\original\71.jpg,Ulcers,4,0
C:\lab-hackathon\dataset\Hypodontia\(503).JPG,Hypodontia,5,0
C:\lab-hackathon\dataset\Gingivitis\(1746).jpg,Gingivitis,2,0
C:\lab-hackathon\dataset\Gingivitis\(2178).jpg,Gingivitis,2,0
C:\lab-hackathon\dataset\Caries\augmented\caries_0_7640.jpeg,Caries,0,1
C:\lab-hackathon\dataset\yolo_bbox\images\train\152.jpg,Caries,0,0
C:\lab-hackathon\dataset\Ulcers\augmented\Mouth_Ulcer_0_9864.jpeg,Ulcers,4,1
C:\lab-hackathon\dataset\Ulcers\augmented\Mouth_Ulcer_0_5236.jpeg,Ulcers,4,1
C:\lab-hackathon\dataset\Ulcers\augmented\Mouth_Ulcer_0_2158.jpeg,Ulcers,4,1
C:\lab-hackathon\dataset\Gingivitis\(1496).jpg,Gingivitis,2,0
C:\lab-hackathon\dataset\Caries\augmented\caries_0_9672.jpeg,Caries,0,1
C:\lab-hackathon\dataset\Gingivitis\(577).jpg,Gingivitis,2,0
C:\lab-hackathon\dataset\Gingivitis\(475).jpg,Gingivitis,2,0
C:\lab-hackathon\dataset\Hypodontia\(721).JPG,Hypodontia,5,0
C:\lab-hackathon\dataset\yolo_bbox\images\train\(121).jpg,Gingivitis,2,0
C:\lab-hackathon\dataset\yolo_bbox\images\train\caries_0_4541.jpeg,Caries,0,0
C:\lab-hackathon\dataset\Calculus\(564).jpg,Calculus,1,0
C:\lab-hackathon\dataset\Tooth Discoloration\augmented\Tooth_Discoloration_0_9303.jpeg,Tooth Discoloration,3,1
C:\lab-hackathon\dataset\Hypodontia\(335).JPG,Hypodontia,5,0
C:\lab-hackathon\dataset\Tooth Discoloration\augmented\Tooth_Discoloration_0_9.jpeg,Tooth Discoloration,3,1
C:\lab-hackathon\dataset\yolo_bbox\images\train\caries_0_4004.jpeg,Caries,0,0
C:\lab-hackathon\dataset\Gingivitis\(438).jpg,Gingivitis,2,0
C:\lab-hackathon\dataset\Ulcers\augmented\Mouth_Ulcer_0_8460.jpeg,Ulcers,4,1
C:\lab-hackathon\dataset\Caries\augmented\caries_0_7609.jpeg,Caries,0,1
C:\lab-hackathon\dataset\Ulcers\augmented\Mouth_Ulcer_0_3941.jpeg,Ulcers,4,1
C:\lab-hackathon\dataset\Ulcers\augmented\Mouth_Ulcer_0_7005.jpeg,Ulcers,4,1
C:\lab-hackathon\dataset\Gingivitis\(1668).jpg,Gingivitis,2,0
C:\lab-hackathon\dataset\Gingivitis\(21).jpg,Gingivitis,2,0
C:\lab-hackathon\dataset\Caries\augmented\caries_0_7430.jpeg,Caries,0,1
C:\lab-hackathon\dataset\Calculus\(775).jpg,Calculus,1,0
C:\lab-hackathon\dataset\yolo_bbox\images\train\144.jpg,Caries,0,0
C:\lab-hackathon\dataset\Hypodontia\(316).JPG,Hypodontia,5,0
C:\lab-hackathon\dataset\yolo_bbox\images\train\caries_0_257.jpeg,Caries,0,0
C:\lab-hackathon\dataset\Gingivitis\(2294).jpg,Gingivitis,2,0
C:\lab-hackathon\dataset\Hypodontia\(664).jpg,Hypodontia,5,0
C:\lab-hackathon\dataset\Gingivitis\(484).jpg,Gingivitis,2,0
C:\lab-hackathon\dataset\Caries\augmented\caries_0_6371.jpeg,Caries,0,1
C:\lab-hackathon\dataset\Ulcers\augmented\Mouth_Ulcer_0_4446.jpeg,Ulcers,4,1
C:\lab-hackathon\dataset\yolo_bbox\images\train\185.jpg,Caries,0,0
C:\lab-hackathon\dataset\Gingivitis\(394).jpg,Gingivitis,2,0
C:\lab-hackathon\dataset\Hypodontia\(1113).JPG,Hypodontia,5,0
C:\lab-hackathon\dataset\Hypodontia\(1052).JPG,Hypodontia,5,0
C:\lab-hackathon\dataset\yolo_bbox\images\train\628.jpg,Tooth Discoloration,3,0
C:\lab-hackathon\dataset\Gingivitis\(1576).jpg,Gingivitis,2,0
C:\lab-hackathon\dataset\Ulcers\augmented\Mouth_Ulcer_0_3419.jpeg,Ulcers,4,1
C:\lab-hackathon\dataset\yolo_bbox\images\train\caries_0_4899.jpeg,Caries,0,0
C:\lab-hackathon\dataset\Gingivitis\(574).jpg,Gingivitis,2,0
C:\lab-hackathon\dataset\Tooth Discoloration\original\70.jpg,Tooth Discoloration,3,0
C:\lab-hackathon\dataset\Gingivitis\(835).jpg,Gingivitis,2,0
C:\lab-hackathon\dataset\Ulcers\augmented\Mouth_Ulcer_0_2607.jpeg,Ulcers,4,1
C:\lab-hackathon\dataset\Ulcers\augmented\Mouth_Ulcer_0_3931.jpeg,Ulcers,4,1
C:\lab-hackathon\dataset\yolo_bbox\images\train\(37).jpg,Gingivitis,2,0
C:\lab-hackathon\dataset\Ulcers\augmented\Mouth_Ulcer_0_8964.jpeg,Ulcers,4,1
C:\lab-hackathon\dataset\Calculus\(1098).jpg,Calculus,1,0
C:\lab-hackathon\dataset\yolo_bbox\images\train\227.jpg,Ulcers,4,0
C:\lab-hackathon\dataset\Gingivitis\(950).jpg,Gingivitis,2,0
C:\lab-hackathon\dataset\Hypodontia\(693).jpg,Hypodontia,5,0
C:\lab-hackathon\dataset\Caries\augmented\caries_0_3096.jpeg,Caries,0,1
C:\lab-hackathon\dataset\Tooth Discoloration\augmented\Tooth_Discoloration_0_834.jpeg,Tooth Discoloration,3,1
C:\lab-hackathon\dataset\Gingivitis\(2314).jpg,Gingivitis,2,0
C:\lab-hackathon\dataset\Gingivitis\(133).jpg,Gingivitis,2,0
C:\lab-hackathon\dataset\Caries\augmented\caries_0_8433.jpeg,Caries,0,1
C:\lab-hackathon\dataset\Caries\augmented\caries_0_3381.jpeg,Caries,0,1
C:\lab-hackathon\dataset\Gingivitis\(243).jpg,Gingivitis,2,0
C:\lab-hackathon\dataset\Caries\augmented\caries_0_2291.jpeg,Caries,0,1
C:\lab-hackathon\dataset\Calculus\(547).jpg,Calculus,1,0
C:\lab-hackathon\dataset\Tooth Discoloration\augmented\Tooth_Discoloration_0_9618.jpeg,Tooth Discoloration,3,1
C:\lab-hackathon\dataset\Tooth Discoloration\original\13.jpg,Tooth Discoloration,3,0
C:\lab-hackathon\dataset\Caries\augmented\caries_0_4167.jpeg,Caries,0,1
C:\lab-hackathon\dataset\Gingivitis\(2051).jpg,Gingivitis,2,0
C:\lab-hackathon\dataset\Caries\augmented\caries_0_5461.jpeg,Caries,0,1
C:\lab-hackathon\dataset\Gingivitis\(461).jpg,Gingivitis,2,0
C:\lab-hackathon\dataset\Gingivitis\(1743).jpg,Gingivitis,2,0
C:\lab-hackathon\dataset\yolo_bbox\images\train\caries_0_540.jpeg,Caries,0,0
C:\lab-hackathon\dataset\Gingivitis\(1216).jpg,Gingivitis,2,0
C:\lab-hackathon\dataset\yolo_bbox\images\train\83.jpg,Caries,0,0
C:\lab-hackathon\dataset\Gingivitis\(680).jpg,Gingivitis,2,0
C:\lab-hackathon\dataset\Gingivitis\(1748).jpg,Gingivitis,2,0
C:\lab-hackathon\dataset\Caries\augmented\caries_0_4084.jpeg,Caries,0,1
C:\lab-hackathon\dataset\Tooth Discoloration\original\29.jpg,Tooth Discoloration,3,0
C:\lab-hackathon\dataset\Caries\augmented\caries_0_4922.jpeg,Caries,0,1
C:\lab-hackathon\dataset\yolo_bbox\images\train\caries_0_174.jpeg,Caries,0,0
C:\lab-hackathon\dataset\Gingivitis\(1394).jpg,Gingivitis,2,0
C:\lab-hackathon\dataset\Gingivitis\(369).jpg,Gingivitis,2,0
C:\lab-hackathon\dataset\Gingivitis\(1373).jpg,Gingivitis,2,0
C:\lab-hackathon\dataset\Gingivitis\(65).jpg,Gingivitis,2,0
C:\lab-hackathon\dataset\yolo_bbox\images\train\225.jpg,Ulcers,4,0
C:\lab-hackathon\dataset\Calculus\(294).jpg,Calculus,1,0
C:\lab-hackathon\dataset\Gingivitis\(1254).jpg,Gingivitis,2,0
C:\lab-hackathon\dataset\yolo_bbox\images\train\caries_0_5054.jpeg,Caries,0,0
C:\lab-hackathon\dataset\Hypodontia\(345).JPG,Hypodontia,5,0
C:\lab-hackathon\dataset\Gingivitis\(456).jpg,Gingivitis,2,0
C:\lab-hackathon\dataset\Ulcers\augmented\Mouth_Ulcer_0_1709.jpeg,Ulcers,4,1
C:\lab-hackathon\dataset\Gingivitis\(1590).jpg,Gingivitis,2,0
C:\lab-hackathon\dataset\Gingivitis\(449).jpg,Gingivitis,2,0
C:\lab-hackathon\dataset\Ulcers\original\25.jpg,Ulcers,4,0
C:\lab-hackathon\dataset\Caries\augmented\caries_0_3493.jpeg,Caries,0,1
C:\lab-hackathon\dataset\yolo_bbox\images\train\caries_0_4472.jpeg,Caries,0,0
C:\lab-hackathon\dataset\Ulcers\augmented\Mouth_Ulcer_0_2155.jpeg,Ulcers,4,1
C:\lab-hackathon\dataset\yolo_bbox\images\train\caries_0_83.jpeg,Caries,0,0
C:\lab-hackathon\dataset\yolo_bbox\images\train\caries_0_3999.jpeg,Caries,0,0
C:\lab-hackathon\dataset\Gingivitis\(1400).jpg,Gingivitis,2,0
C:\lab-hackathon\dataset\Calculus\(402).jpg,Calculus,1,0
C:\lab-hackathon\dataset\Hypodontia\(1241).jpg,Hypodontia,5,0
C:\lab-hackathon\dataset\yolo_bbox\images\train\(164).jpg,Gingivitis,2,0
C:\lab-hackathon\dataset\Tooth Discoloration\augmented\Tooth_Discoloration_0_8698.jpeg,Tooth Discoloration,3,1
C:\lab-hackathon\dataset\Caries\augmented\caries_0_5420.jpeg,Caries,0,1
C:\lab-hackathon\dataset\Caries\augmented\caries_0_7097.jpeg,Caries,0,1
C:\lab-hackathon\dataset\Ulcers\augmented\Mouth_Ulcer_0_1293.jpeg,Ulcers,4,1
C:\lab-hackathon\dataset\Tooth Discoloration\augmented\Tooth_Discoloration_0_1075.jpeg,Tooth Discoloration,3,1
C:\lab-hackathon\dataset\Caries\augmented\caries_0_4026.jpeg,Caries,0,1
C:\lab-hackathon\dataset\Caries\augmented\caries_0_2483.jpeg,Caries,0,1
C:\lab-hackathon\dataset\Caries\augmented\caries_0_6345.jpeg,Caries,0,1
C:\lab-hackathon\dataset\Tooth Discoloration\augmented\Tooth_Discoloration_0_8507.jpeg,Tooth Discoloration,3,1
C:\lab-hackathon\dataset\yolo_bbox\images\train\411.jpg,Ulcers,4,0
C:\lab-hackathon\dataset\Caries\augmented\caries_0_2026.jpeg,Caries,0,1
C:\lab-hackathon\dataset\Ulcers\augmented\Mouth_Ulcer_0_7940.jpeg,Ulcers,4,1
C:\lab-hackathon\dataset\yolo_bbox\images\train\194.jpg,Caries,0,0
C:\lab-hackathon\dataset\Hypodontia\(114).JPG,Hypodontia,5,0
C:\lab-hackathon\dataset\Caries\augmented\caries_0_8999.jpeg,Caries,0,1
C:\lab-hackathon\dataset\yolo_bbox\images\train\576.jpg,Tooth Discoloration,3,0
C:\lab-hackathon\dataset\Gingivitis\(1318).jpg,Gingivitis,2,0
C:\lab-hackathon\dataset\Gingivitis\(1036).jpg,Gingivitis,2,0
C:\lab-hackathon\dataset\Calculus\(964).jpg,Calculus,1,0
C:\lab-hackathon\dataset\Ulcers\original\131.jpg,Ulcers,4,0
C:\lab-hackathon\dataset\Caries\augmented\caries_0_8111.jpeg,Caries,0,1
C:\lab-hackathon\dataset\Calculus\(382).jpg,Calculus,1,0
C:\lab-hackathon\dataset\yolo_bbox\images\train\caries_0_3719.jpeg,Caries,0,0
C:\lab-hackathon\dataset\yolo_bbox\images\train\65.jpg,Caries,0,0
C:\lab-hackathon\dataset\yolo_bbox\images\train\639.jpg,Tooth Discoloration,3,0
C:\lab-hackathon\dataset\Calculus\(17).jpg,Calculus,1,0
C:\lab-hackathon\dataset\Ulcers\augmented\Mouth_Ulcer_0_5251.jpeg,Ulcers,4,1
C:\lab-hackathon\dataset\Gingivitis\(2325).jpg,Gingivitis,2,0
C:\lab-hackathon\dataset\yolo_bbox\images\train\474.jpg,Tooth Discoloration,3,0
C:\lab-hackathon\dataset\Gingivitis\(1938).jpg,Gingivitis,2,0
C:\lab-hackathon\dataset\yolo_bbox\images\train\563.jpg,Tooth Discoloration,3,0
C:\lab-hackathon\dataset\Gingivitis\(1710).jpg,Gingivitis,2,0
C:\lab-hackathon\dataset\Ulcers\augmented\Mouth_Ulcer_0_895.jpeg,Ulcers,4,1
C:\lab-hackathon\dataset\yolo_bbox\images\train\(115).jpg,Gingivitis,2,0
C:\lab-hackathon\dataset\Ulcers\augmented\Mouth_Ulcer_0_7422.jpeg,Ulcers,4,1
C:\lab-hackathon\dataset\yolo_bbox\images\train\52.jpg,Caries,0,0
C:\lab-hackathon\dataset\Ulcers\augmented\Mouth_Ulcer_0_846.jpeg,Ulcers,4,1
C:\lab-hackathon\dataset\Ulcers\original\39.jpg,Ulcers,4,0
C:\lab-hackathon\dataset\Calculus\(1129).jpg,Calculus,1,0
C:\lab-hackathon\dataset\Calculus\(1112).jpg,Calculus,1,0
C:\lab-hackathon\dataset\Hypodontia\(248).jpg,Hypodontia,5,0
C:\lab-hackathon\dataset\Ulcers\original\168.jpg,Ulcers,4,0
C:\lab-hackathon\dataset\Hypodontia\(973).JPG,Hypodontia,5,0
C:\lab-hackathon\dataset\Tooth Discoloration\augmented\Tooth_Discoloration_0_1452.jpeg,Tooth Discoloration,3,1
C:\lab-hackathon\dataset\Ulcers\augmented\Mouth_Ulcer_0_576.jpeg,Ulcers,4,1
C:\lab-hackathon\dataset\Gingivitis\(450).jpg,Gingivitis,2,0
C:\lab-hackathon\dataset\Gingivitis\(1503).jpg,Gingivitis,2,0
C:\lab-hackathon\dataset\yolo_bbox\images\train\200.jpg,Caries,0,0
C:\lab-hackathon\dataset\Hypodontia\(816).jpg,Hypodontia,5,0
C:\lab-hackathon\dataset\Ulcers\augmented\Mouth_Ulcer_0_9030.jpeg,Ulcers,4,1
C:\lab-hackathon\dataset\yolo_bbox\images\train\caries_0_3790.jpeg,Caries,0,0
C:\lab-hackathon\dataset\yolo_bbox\images\train\caries_0_210.jpeg,Caries,0,0
C:\lab-hackathon\dataset\Calculus\(111).jpg,Calculus,1,0
C:\lab-hackathon\dataset\Gingivitis\(1692).jpg,Gingivitis,2,0
C:\lab-hackathon\dataset\Gingivitis\(231).jpg,Gingivitis,2,0
C:\lab-hackathon\dataset\Ulcers\augmented\Mouth_Ulcer_0_9622.jpeg,Ulcers,4,1
C:\lab-hackathon\dataset\yolo_bbox\images\train\312.jpg,Ulcers,4,0
C:\lab-hackathon\dataset\yolo_bbox\images\train\602.jpg,Tooth Discoloration,3,0
C:\lab-hackathon\dataset\Tooth Discoloration\original\114.jpg,Tooth Discoloration,3,0
C:\lab-hackathon\dataset\Caries\augmented\caries_0_9967.jpeg,Caries,0,1
C:\lab-hackathon\dataset\Caries\augmented\caries_0_1259.jpeg,Caries,0,1
C:\lab-hackathon\dataset\Gingivitis\(1565).jpg,Gingivitis,2,0
C:\lab-hackathon\dataset\yolo_bbox\images\train\caries_0_243.jpeg,Caries,0,0
C:\lab-hackathon\dataset\Caries\augmented\caries_0_1109.jpeg,Caries,0,1
C:\lab-hackathon\dataset\Calculus\(45).jpg,Calculus,1,0
C:\lab-hackathon\dataset\Calculus\(284).jpg,Calculus,1,0
C:\lab-hackathon\dataset\Caries\augmented\caries_0_5794.jpeg,Caries,0,1
C:\lab-hackathon\dataset\Gingivitis\(92).jpg,Gingivitis,2,0
C:\lab-hackathon\dataset\Gingivitis\(1630).jpg,Gingivitis,2,0
C:\lab-hackathon\dataset\Gingivitis\(553).jpg,Gingivitis,2,0
C:\lab-hackathon\dataset\Gingivitis\(19).jpg,Gingivitis,2,0
C:\lab-hackathon\dataset\Hypodontia\(1087).JPG,Hypodontia,5,0
C:\lab-hackathon\dataset\Gingivitis\(1506).jpg,Gingivitis,2,0
C:\lab-hackathon\dataset\Caries\original\193.jpg,Caries,0,0
C:\lab-hackathon\dataset\Gingivitis\(836).jpg,Gingivitis,2,0
C:\lab-hackathon\dataset\Tooth Discoloration\augmented\Tooth_Discoloration_0_9220.jpeg,Tooth Discoloration,3,1
C:\lab-hackathon\dataset\Ulcers\augmented\Mouth_Ulcer_0_3402.jpeg,Ulcers,4,1
C:\lab-hackathon\dataset\Calculus\(261).jpg,Calculus,1,0
C:\lab-hackathon\dataset\Gingivitis\(1210).jpg,Gingivitis,2,0
C:\lab-hackathon\dataset\yolo_bbox\images\train\caries_0_278.jpeg,Caries,0,0
C:\lab-hackathon\dataset\Gingivitis\(1021).jpg,Gingivitis,2,0
C:\lab-hackathon\dataset\Gingivitis\(1893).jpg,Gingivitis,2,0
C:\lab-hackathon\dataset\Gingivitis\(2326).jpg,Gingivitis,2,0
C:\lab-hackathon\dataset\yolo_bbox\images\train\382.jpg,Ulcers,4,0
C:\lab-hackathon\dataset\Gingivitis\(820).jpg,Gingivitis,2,0
C:\lab-hackathon\dataset\Caries\augmented\caries_0_1288.jpeg,Caries,0,1
C:\lab-hackathon\dataset\Caries\augmented\caries_0_1220.jpeg,Caries,0,1
C:\lab-hackathon\dataset\Tooth Discoloration\augmented\Tooth_Discoloration_0_4331.jpeg,Tooth Discoloration,3,1
C:\lab-hackathon\dataset\yolo_bbox\images\train\caries_0_4531.jpeg,Caries,0,0
C:\lab-hackathon\dataset\Ulcers\augmented\Mouth_Ulcer_0_1147.jpeg,Ulcers,4,1
C:\lab-hackathon\dataset\Calculus\(1118).jpg,Calculus,1,0
C:\lab-hackathon\dataset\Ulcers\augmented\Mouth_Ulcer_0_2510.jpeg,Ulcers,4,1
C:\lab-hackathon\dataset\Caries\augmented\caries_0_3639.jpeg,Caries,0,1
C:\lab-hackathon\dataset\Tooth Discoloration\augmented\Tooth_Discoloration_0_6860.jpeg,Tooth Discoloration,3,1
C:\lab-hackathon\dataset\Hypodontia\(607).JPG,Hypodontia,5,0
C:\lab-hackathon\dataset\Gingivitis\(947).jpg,Gingivitis,2,0
C:\lab-hackathon\dataset\yolo_bbox\images\train\caries_0_3977.jpeg,Caries,0,0
C:\lab-hackathon\dataset\Gingivitis\(1525).jpg,Gingivitis,2,0
C:\lab-hackathon\dataset\Ulcers\augmented\Mouth_Ulcer_0_6079.jpeg,Ulcers,4,1
C:\lab-hackathon\dataset\Ulcers\augmented\Mouth_Ulcer_0_655.jpeg,Ulcers,4,1
C:\lab-hackathon\dataset\Caries\augmented\caries_0_8176.jpeg,Caries,0,1
C:\lab-hackathon\dataset\Ulcers\augmented\Mouth_Ulcer_0_1532.jpeg,Ulcers,4,1
C:\lab-hackathon\dataset\Tooth Discoloration\augmented\Tooth_Discoloration_0_9636.jpeg,Tooth Discoloration,3,1
C:\lab-hackathon\dataset\yolo_bbox\images\train\(81).jpg,Gingivitis,2,0
C:\lab-hackathon\dataset\Tooth Discoloration\augmented\Tooth_Discoloration_0_6587.jpeg,Tooth Discoloration,3,1
C:\lab-hackathon\dataset\Gingivitis\(1712).jpg,Gingivitis,2,0
C:\lab-hackathon\dataset\Tooth Discoloration\augmented\Tooth_Discoloration_0_4733.jpeg,Tooth Discoloration,3,1
C:\lab-hackathon\dataset\Gingivitis\(205).jpg,Gingivitis,2,0
C:\lab-hackathon\dataset\yolo_bbox\images\train\367.jpg,Ulcers,4,0
C:\lab-hackathon\dataset\Ulcers\augmented\Mouth_Ulcer_0_1569.jpeg,Ulcers,4,1
C:\lab-hackathon\dataset\Ulcers\augmented\Mouth_Ulcer_0_4523.jpeg,Ulcers,4,1
C:\lab-hackathon\dataset\Ulcers\original\61.jpg,Ulcers,4,0
C:\lab-hackathon\dataset\Gingivitis\(1350).jpg,Gingivitis,2,0
C:\lab-hackathon\dataset\Gingivitis\(1280).jpg,Gingivitis,2,0
C:\lab-hackathon\dataset\Calculus\(1243).jpg,Calculus,1,0
C:\lab-hackathon\dataset\Hypodontia\(350).JPG,Hypodontia,5,0
C:\lab-hackathon\dataset\Calculus\(553).jpg,Calculus,1,0
C:\lab-hackathon\dataset\Gingivitis\(63).jpg,Gingivitis,2,0
C:\lab-hackathon\dataset\yolo_bbox\images\train\101.jpg,Caries,0,0
C:\lab-hackathon\dataset\yolo_bbox\images\train\(189).jpg,Gingivitis,2,0
C:\lab-hackathon\dataset\Gingivitis\(660).jpg,Gingivitis,2,0
C:\lab-hackathon\dataset\Gingivitis\(1610).jpg,Gingivitis,2,0
C:\lab-hackathon\dataset\yolo_bbox\images\train\caries_0_3390.jpeg,Caries,0,0
C:\lab-hackathon\dataset\Ulcers\augmented\Mouth_Ulcer_0_7759.jpeg,Ulcers,4,1
C:\lab-hackathon\dataset\Calculus\(1276).jpg,Calculus,1,0
C:\lab-hackathon\dataset\Hypodontia\(292).JPG,Hypodontia,5,0
C:\lab-hackathon\dataset\Ulcers\augmented\Mouth_Ulcer_0_8800.jpeg,Ulcers,4,1
C:\lab-hackathon\dataset\Caries\augmented\caries_0_2145.jpeg,Caries,0,1
C:\lab-hackathon\dataset\Gingivitis\(980).jpg,Gingivitis,2,0
C:\lab-hackathon\dataset\Hypodontia\(55).JPG,Hypodontia,5,0
C:\lab-hackathon\dataset\Ulcers\augmented\Mouth_Ulcer_0_8230.jpeg,Ulcers,4,1
C:\lab-hackathon\dataset\Caries\augmented\caries_0_6332.jpeg,Caries,0,1
C:\lab-hackathon\dataset\yolo_bbox\images\train\caries_0_4598.jpeg,Caries,0,0
C:\lab-hackathon\dataset\Gingivitis\(151).jpg,Gingivitis,2,0
C:\lab-hackathon\dataset\Gingivitis\(182).jpg,Gingivitis,2,0
C:\lab-hackathon\dataset\Caries\augmented\caries_0_2378.jpeg,Caries,0,1
C:\lab-hackathon\dataset\Gingivitis\(270).jpg,Gingivitis,2,0
C:\lab-hackathon\dataset\Gingivitis\(847).jpg,Gingivitis,2,0
C:\lab-hackathon\dataset\Ulcers\augmented\Mouth_Ulcer_0_1551.jpeg,Ulcers,4,1
C:\lab-hackathon\dataset\Gingivitis\(625).jpg,Gingivitis,2,0
C:\lab-hackathon\dataset\yolo_bbox\images\train\(188).jpg,Gingivitis,2,0
C:\lab-hackathon\dataset\Ulcers\original\75.jpg,Ulcers,4,0
C:\lab-hackathon\dataset\Ulcers\augmented\Mouth_Ulcer_0_4595.jpeg,Ulcers,4,1
C:\lab-hackathon\dataset\Ulcers\augmented\Mouth_Ulcer_0_923.jpeg,Ulcers,4,1
C:\lab-hackathon\dataset\Ulcers\augmented\Mouth_Ulcer_0_7071.jpeg,Ulcers,4,1
C:\lab-hackathon\dataset\Ulcers\augmented\Mouth_Ulcer_0_9728.jpeg,Ulcers,4,1
C:\lab-hackathon\dataset\Tooth Discoloration\original\69.jpg,Tooth Discoloration,3,0
C:\lab-hackathon\dataset\Caries\augmented\caries_0_2530.jpeg,Caries,0,1
C:\lab-hackathon\dataset\Tooth Discoloration\augmented\Tooth_Discoloration_0_4207.jpeg,Tooth Discoloration,3,1
C:\lab-hackathon\dataset\Gingivitis\(419).jpg,Gingivitis,2,0
C:\lab-hackathon\dataset\Gingivitis\(292).jpg,Gingivitis,2,0
C:\lab-hackathon\dataset\yolo_bbox\images\train\caries_0_390.jpeg,Ulcers,4,0
C:\lab-hackathon\dataset\yolo_bbox\images\train\caries_0_4964.jpeg,Caries,0,0
C:\lab-hackathon\dataset\Calculus\(517).jpg,Calculus,1,0
C:\lab-hackathon\dataset\Tooth Discoloration\augmented\Tooth_Discoloration_0_2925.jpeg,Tooth Discoloration,3,1
C:\lab-hackathon\dataset\Calculus\(622).jpg,Calculus,1,0
C:\lab-hackathon\dataset\Calculus\(273).jpg,Calculus,1,0
C:\lab-hackathon\dataset\Tooth Discoloration\augmented\Tooth_Discoloration_0_1543.jpeg,Tooth Discoloration,3,1
C:\lab-hackathon\dataset\yolo_bbox\images\train\caries_0_685.jpeg,Caries,0,0
C:\lab-hackathon\dataset\Calculus\(677).jpg,Calculus,1,0
C:\lab-hackathon\dataset\yolo_bbox\images\train\(10).jpg,Gingivitis,2,0
C:\lab-hackathon\dataset\Gingivitis\(1753).jpg,Gingivitis,2,0
C:\lab-hackathon\dataset\Gingivitis\(1144).jpg,Gingivitis,2,0
C:\lab-hackathon\dataset\Gingivitis\(1097).jpg,Gingivitis,2,0
C:\lab-hackathon\dataset\Ulcers\augmented\Mouth_Ulcer_0_102.jpeg,Ulcers,4,1
C:\lab-hackathon\dataset\yolo_bbox\images\train\caries_0_3446.jpeg,Caries,0,0
C:\lab-hackathon\dataset\yolo_bbox\images\train\103.jpg,Caries,0,0
C:\lab-hackathon\dataset\yolo_bbox\images\train\caries_0_3838.jpeg,Caries,0,0
C:\lab-hackathon\dataset\Ulcers\augmented\Mouth_Ulcer_0_2067.jpeg,Ulcers,4,1
C:\lab-hackathon\dataset\Gingivitis\(603).jpg,Gingivitis,2,0
C:\lab-hackathon\dataset\Gingivitis\(1767).jpg,Gingivitis,2,0
C:\lab-hackathon\dataset\Calculus\(275).jpg,Calculus,1,0
C:\lab-hackathon\dataset\Tooth Discoloration\augmented\Tooth_Discoloration_0_6396.jpeg,Tooth Discoloration,3,1
C:\lab-hackathon\dataset\Hypodontia\(982).JPG,Hypodontia,5,0
C:\lab-hackathon\dataset\Calculus\(1248).jpg,Calculus,1,0
C:\lab-hackathon\dataset\Calculus\(1115).jpg,Calculus,1,0
C:\lab-hackathon\dataset\Calculus\(418).jpg,Calculus,1,0
C:\lab-hackathon\dataset\Tooth Discoloration\augmented\Tooth_Discoloration_0_4320.jpeg,Tooth Discoloration,3,1
C:\lab-hackathon\dataset\Tooth Discoloration\augmented\Tooth_Discoloration_0_7466.jpeg,Tooth Discoloration,3,1
C:\lab-hackathon\dataset\Caries\augmented\caries_0_7832.jpeg,Caries,0,1
C:\lab-hackathon\dataset\yolo_bbox\images\train\479.jpg,Tooth Discoloration,3,0
C:\lab-hackathon\dataset\yolo_bbox\images\train\218.jpg,Caries,0,0
C:\lab-hackathon\dataset\Ulcers\augmented\Mouth_Ulcer_0_6654.jpeg,Ulcers,4,1
C:\lab-hackathon\dataset\Hypodontia\(1134).JPG,Hypodontia,5,0
C:\lab-hackathon\dataset\Ulcers\augmented\Mouth_Ulcer_0_481.jpeg,Ulcers,4,1
C:\lab-hackathon\dataset\Gingivitis\(1485).jpg,Gingivitis,2,0
C:\lab-hackathon\dataset\Gingivitis\(2232).jpg,Gingivitis,2,0
C:\lab-hackathon\dataset\Hypodontia\(99).JPG,Hypodontia,5,0
C:\lab-hackathon\dataset\Gingivitis\(1779).jpg,Gingivitis,2,0
C:\lab-hackathon\dataset\Caries\augmented\caries_0_9542.jpeg,Caries,0,1
C:\lab-hackathon\dataset\Calculus\(724).jpg,Calculus,1,0
C:\lab-hackathon\dataset\Ulcers\augmented\Mouth_Ulcer_0_2020.jpeg,Ulcers,4,1
C:\lab-hackathon\dataset\Caries\augmented\caries_0_1008.jpeg,Caries,0,1
C:\lab-hackathon\dataset\Hypodontia\(383).jpg,Hypodontia,5,0
C:\lab-hackathon\dataset\Hypodontia\(1240).jpg,Hypodontia,5,0
C:\lab-hackathon\dataset\Gingivitis\(354).jpg,Gingivitis,2,0
C:\lab-hackathon\dataset\Ulcers\augmented\Mouth_Ulcer_0_4931.jpeg,Ulcers,4,1
C:\lab-hackathon\dataset\Caries\augmented\caries_0_7204.jpeg,Caries,0,1
C:\lab-hackathon\dataset\Gingivitis\(2130).jpg,Gingivitis,2,0
C:\lab-hackathon\dataset\Ulcers\augmented\Mouth_Ulcer_0_7532.jpeg,Ulcers,4,1
C:\lab-hackathon\dataset\Calculus\(805).jpg,Calculus,1,0
C:\lab-hackathon\dataset\Gingivitis\(1378).jpg,Gingivitis,2,0
C:\lab-hackathon\dataset\Ulcers\augmented\Mouth_Ulcer_0_660.jpeg,Ulcers,4,1
C:\lab-hackathon\dataset\Ulcers\original\105.jpg,Ulcers,4,0
C:\lab-hackathon\dataset\Calculus\(623).jpg,Calculus,1,0
C:\lab-hackathon\dataset\Gingivitis\(61).jpg,Gingivitis,2,0
C:\lab-hackathon\dataset\Ulcers\original\225.jpg,Ulcers,4,0
C:\lab-hackathon\dataset\Gingivitis\(1101).jpg,Gingivitis,2,0
C:\lab-hackathon\dataset\Gingivitis\(2000).jpg,Gingivitis,2,0
C:\lab-hackathon\dataset\Gingivitis\(2255).jpg,Gingivitis,2,0
C:\lab-hackathon\dataset\Ulcers\augmented\Mouth_Ulcer_0_1266.jpeg,Ulcers,4,1
C:\lab-hackathon\dataset\Calculus\(365).jpg,Calculus,1,0
C:\lab-hackathon\dataset\Calculus\(499).jpg,Calculus,1,0
C:\lab-hackathon\dataset\Tooth Discoloration\augmented\Tooth_Discoloration_0_3663.jpeg,Tooth Discoloration,3,1
C:\lab-hackathon\dataset\Gingivitis\(1257).jpg,Gingivitis,2,0
C:\lab-hackathon\dataset\yolo_bbox\images\train\caries_0_4824.jpeg,Caries,0,0
C:\lab-hackathon\dataset\Caries\original\192.jpg,Caries,0,0
C:\lab-hackathon\dataset\Ulcers\augmented\Mouth_Ulcer_0_2409.jpeg,Ulcers,4,1
C:\lab-hackathon\dataset\Gingivitis\(22).jpg,Gingivitis,2,0
C:\lab-hackathon\dataset\yolo_bbox\images\train\355.jpg,Ulcers,4,0
C:\lab-hackathon\dataset\Hypodontia\(848).JPG,Hypodontia,5,0
C:\lab-hackathon\dataset\Caries\augmented\caries_0_432.jpeg,Caries,0,1
C:\lab-hackathon\dataset\Hypodontia\(1002).JPG,Hypodontia,5,0
C:\lab-hackathon\dataset\yolo_bbox\images\train\caries_0_4402.jpeg,Caries,0,0
C:\lab-hackathon\dataset\Gingivitis\(1321).jpg,Gingivitis,2,0
C:\lab-hackathon\dataset\Ulcers\augmented\Mouth_Ulcer_0_7874.jpeg,Ulcers,4,1
C:\lab-hackathon\dataset\Tooth Discoloration\augmented\Tooth_Discoloration_0_4681.jpeg,Tooth Discoloration,3,1
C:\lab-hackathon\dataset\Gingivitis\(286).jpg,Gingivitis,2,0
C:\lab-hackathon\dataset\yolo_bbox\images\train\210.jpg,Caries,0,0
C:\lab-hackathon\dataset\Tooth Discoloration\augmented\Tooth_Discoloration_0_9334.jpeg,Tooth Discoloration,3,1
C:\lab-hackathon\dataset\Tooth Discoloration\augmented\Tooth_Discoloration_0_196.jpeg,Tooth Discoloration,3,1
C:\lab-hackathon\dataset\Gingivitis\(706).jpg,Gingivitis,2,0
C:\lab-hackathon\dataset\Gingivitis\(1799).jpg,Gingivitis,2,0
C:\lab-hackathon\dataset\yolo_bbox\images\train\(127).jpg,Gingivitis,2,0
C:\lab-hackathon\dataset\yolo_bbox\images\train\146.jpg,Caries,0,0
C:\lab-hackathon\dataset\Caries\augmented\caries_0_6696.jpeg,Caries,0,1
C:\lab-hackathon\dataset\Hypodontia\(1243).JPG,Hypodontia,5,0
C:\lab-hackathon\dataset\Tooth Discoloration\augmented\Tooth_Discoloration_0_3757.jpeg,Tooth Discoloration,3,1
C:\lab-hackathon\dataset\Caries\original\205.jpg,Caries,0,0
C:\lab-hackathon\dataset\yolo_bbox\images\train\caries_0_4400.jpeg,Caries,0,0
C:\lab-hackathon\dataset\yolo_bbox\images\train\485.jpg,Tooth Discoloration,3,0
C:\lab-hackathon\dataset\yolo_bbox\images\train\caries_0_4084.jpeg,Caries,0,0
C:\lab-hackathon\dataset\Calculus\(1239).jpg,Calculus,1,0
C:\lab-hackathon\dataset\Hypodontia\(10).JPG,Hypodontia,5,0
C:\lab-hackathon\dataset\yolo_bbox\images\train\465.jpg,Tooth Discoloration,3,0
C:\lab-hackathon\dataset\yolo_bbox\images\train\149.jpg,Caries,0,0
C:\lab-hackathon\dataset\Caries\original\207.jpg,Caries,0,0
C:\lab-hackathon\dataset\yolo_bbox\images\train\214.jpg,Caries,0,0
C:\lab-hackathon\dataset\Caries\augmented\caries_0_7285.jpeg,Caries,0,1
C:\lab-hackathon\dataset\yolo_bbox\images\train\caries_0_4009.jpeg,Caries,0,0
C:\lab-hackathon\dataset\Caries\augmented\caries_0_5807.jpeg,Caries,0,1
C:\lab-hackathon\dataset\Calculus\(545).jpg,Calculus,1,0
C:\lab-hackathon\dataset\Gingivitis\(1734).jpg,Gingivitis,2,0
C:\lab-hackathon\dataset\yolo_bbox\images\train\18.jpg,Caries,0,0
C:\lab-hackathon\dataset\Gingivitis\(1110)(1).jpg,Gingivitis,2,0
C:\lab-hackathon\dataset\yolo_bbox\images\train\caries_0_4982.jpeg,Caries,0,0
C:\lab-hackathon\dataset\Caries\augmented\caries_0_9052.jpeg,Caries,0,1
C:\lab-hackathon\dataset\Tooth Discoloration\augmented\Tooth_Discoloration_0_9945.jpeg,Tooth Discoloration,3,1
C:\lab-hackathon\dataset\yolo_bbox\images\train\315.jpg,Ulcers,4,0
C:\lab-hackathon\dataset\yolo_bbox\images\train\(74).jpg,Gingivitis,2,0
C:\lab-hackathon\dataset\Ulcers\augmented\Mouth_Ulcer_0_5348.jpeg,Ulcers,4,1
C:\lab-hackathon\dataset\Calculus\(46).jpg,Calculus,1,0
C:\lab-hackathon\dataset\Ulcers\augmented\Mouth_Ulcer_0_4274.jpeg,Ulcers,4,1
C:\lab-hackathon\dataset\Ulcers\augmented\Mouth_Ulcer_0_884.jpeg,Ulcers,4,1
C:\lab-hackathon\dataset\Ulcers\augmented\Mouth_Ulcer_0_2259.jpeg,Ulcers,4,1
C:\lab-hackathon\dataset\Hypodontia\(263).jpg,Hypodontia,5,0
C:\lab-hackathon\dataset\Tooth Discoloration\augmented\Tooth_Discoloration_0_1987.jpeg,Tooth Discoloration,3,1
C:\lab-hackathon\dataset\Hypodontia\(28).JPG,Hypodontia,5,0
C:\lab-hackathon\dataset\Gingivitis\(1202).jpg,Gingivitis,2,0
C:\lab-hackathon\dataset\Hypodontia\(735).JPG,Hypodontia,5,0
C:\lab-hackathon\dataset\Tooth Discoloration\augmented\Tooth_Discoloration_0_7545.jpeg,Tooth Discoloration,3,1
C:\lab-hackathon\dataset\Ulcers\augmented\Mouth_Ulcer_0_3580.jpeg,Ulcers,4,1
C:\lab-hackathon\dataset\Ulcers\augmented\Mouth_Ulcer_0_1829.jpeg,Ulcers,4,1
C:\lab-hackathon\dataset\Tooth Discoloration\augmented\Tooth_Discoloration_0_9683.jpeg,Tooth Discoloration,3,1
C:\lab-hackathon\dataset\Caries\augmented\caries_0_7673.jpeg,Caries,0,1
C:\lab-hackathon\dataset\Caries\augmented\caries_0_3341.jpeg,Caries,0,1
C:\lab-hackathon\dataset\Calculus\(1045).jpg,Calculus,1,0
C:\lab-hackathon\dataset\yolo_bbox\images\train\caries_0_4749.jpeg,Caries,0,0
C:\lab-hackathon\dataset\Hypodontia\(884).JPG,Hypodontia,5,0
C:\lab-hackathon\dataset\Gingivitis\(2240).jpg,Gingivitis,2,0
C:\lab-hackathon\dataset\yolo_bbox\images\train\caries_0_281.jpeg,Caries,0,0
C:\lab-hackathon\dataset\Gingivitis\(2152).jpg,Gingivitis,2,0
C:\lab-hackathon\dataset\yolo_bbox\images\train\15.jpg,Caries,0,0
C:\lab-hackathon\dataset\Calculus\(468).jpg,Calculus,1,0
C:\lab-hackathon\dataset\Ulcers\augmented\Mouth_Ulcer_0_1020.jpeg,Ulcers,4,1
C:\lab-hackathon\dataset\Calculus\(844).jpg,Calculus,1,0
C:\lab-hackathon\dataset\Hypodontia\(106).jpg,Hypodontia,5,0
C:\lab-hackathon\dataset\Tooth Discoloration\augmented\Tooth_Discoloration_0_5987.jpeg,Tooth Discoloration,3,1
C:\lab-hackathon\dataset\Calculus\(414).jpg,Calculus,1,0
C:\lab-hackathon\dataset\Ulcers\augmented\Mouth_Ulcer_0_4558.jpeg,Ulcers,4,1
C:\lab-hackathon\dataset\Hypodontia\(1076).JPG,Hypodontia,5,0
C:\lab-hackathon\dataset\Gingivitis\(1348).jpg,Gingivitis,2,0
C:\lab-hackathon\dataset\Hypodontia\(190).JPG,Hypodontia,5,0
C:\lab-hackathon\dataset\Calculus\(1080).jpg,Calculus,1,0
C:\lab-hackathon\dataset\Calculus\(231).jpg,Calculus,1,0
C:\lab-hackathon\dataset\Gingivitis\(1885).jpg,Gingivitis,2,0
C:\lab-hackathon\dataset\Gingivitis\(1117)(1).jpg,Gingivitis,2,0
C:\lab-hackathon\dataset\Gingivitis\(2036).jpg,Gingivitis,2,0
C:\lab-hackathon\dataset\Ulcers\augmented\Mouth_Ulcer_0_9703.jpeg,Ulcers,4,1
C:\lab-hackathon\dataset\yolo_bbox\images\train\165.jpg,Caries,0,0
C:\lab-hackathon\dataset\Gingivitis\(860).jpg,Gingivitis,2,0
C:\lab-hackathon\dataset\Gingivitis\(749).jpg,Gingivitis,2,0
C:\lab-hackathon\dataset\yolo_bbox\images\train\23.jpg,Caries,0,0
C:\lab-hackathon\dataset\Caries\augmented\caries_0_7021.jpeg,Caries,0,1
C:\lab-hackathon\dataset\yolo_bbox\images\train\418.jpg,Ulcers,4,0
C:\lab-hackathon\dataset\yolo_bbox\images\train\323.jpg,Ulcers,4,0
C:\lab-hackathon\dataset\Tooth Discoloration\original\1.jpg,Tooth Discoloration,3,0
C:\lab-hackathon\dataset\Ulcers\augmented\Mouth_Ulcer_0_5228.jpeg,Ulcers,4,1
C:\lab-hackathon\dataset\Calculus\(556).jpg,Calculus,1,0
C:\lab-hackathon\dataset\yolo_bbox\images\train\caries_0_424.jpeg,Caries,0,0
C:\lab-hackathon\dataset\Gingivitis\(2170).jpg,Gingivitis,2,0
C:\lab-hackathon\dataset\Gingivitis\(930).jpg,Gingivitis,2,0
C:\lab-hackathon\dataset\Ulcers\augmented\Mouth_Ulcer_0_9202.jpeg,Ulcers,4,1
C:\lab-hackathon\dataset\Gingivitis\(2200).jpg,Gingivitis,2,0
C:\lab-hackathon\dataset\Calculus\(1010).jpg,Calculus,1,0
C:\lab-hackathon\dataset\yolo_bbox\images\train\caries_0_3272.jpeg,Caries,0,0
C:\lab-hackathon\dataset\Hypodontia\(753).JPG,Hypodontia,5,0
C:\lab-hackathon\dataset\Gingivitis\(1009).jpg,Gingivitis,2,0
C:\lab-hackathon\dataset\Caries\augmented\caries_0_7984.jpeg,Caries,0,1
C:\lab-hackathon\dataset\Tooth Discoloration\augmented\Tooth_Discoloration_0_8661.jpeg,Tooth Discoloration,3,1
C:\lab-hackathon\dataset\Calculus\(1164).jpg,Calculus,1,0
C:\lab-hackathon\dataset\Calculus\(127).jpg,Calculus,1,0
C:\lab-hackathon\dataset\Ulcers\augmented\Mouth_Ulcer_0_756.jpeg,Ulcers,4,1
C:\lab-hackathon\dataset\Caries\augmented\caries_0_5994.jpeg,Caries,0,1
C:\lab-hackathon\dataset\yolo_bbox\images\train\caries_0_562.jpeg,Caries,0,0
C:\lab-hackathon\dataset\Ulcers\augmented\Mouth_Ulcer_0_7939.jpeg,Ulcers,4,1
C:\lab-hackathon\dataset\Tooth Discoloration\augmented\Tooth_Discoloration_0_2516.jpeg,Tooth Discoloration,3,1
C:\lab-hackathon\dataset\Caries\original\23.jpg,Caries,0,0
C:\lab-hackathon\dataset\Ulcers\augmented\Mouth_Ulcer_0_4099.jpeg,Ulcers,4,1
C:\lab-hackathon\dataset\Tooth Discoloration\original\33.jpg,Tooth Discoloration,3,0
C:\lab-hackathon\dataset\Tooth Discoloration\augmented\Tooth_Discoloration_0_9413.jpeg,Tooth Discoloration,3,1
C:\lab-hackathon\dataset\Gingivitis\(1388).jpg,Gingivitis,2,0
C:\lab-hackathon\dataset\yolo_bbox\images\train\321.jpg,Ulcers,4,0
C:\lab-hackathon\dataset\Calculus\(340).jpg,Calculus,1,0
C:\lab-hackathon\dataset\Calculus\(1075).jpg,Calculus,1,0
C:\lab-hackathon\dataset\Tooth Discoloration\augmented\Tooth_Discoloration_0_757.jpeg,Tooth Discoloration,3,1
C:\lab-hackathon\dataset\Tooth Discoloration\augmented\Tooth_Discoloration_0_9747.jpeg,Tooth Discoloration,3,1
C:\lab-hackathon\dataset\Hypodontia\(891).JPG,Hypodontia,5,0
C:\lab-hackathon\dataset\Caries\augmented\caries_0_911.jpeg,Caries,0,1
C:\lab-hackathon\dataset\Gingivitis\(107).jpg,Gingivitis,2,0
C:\lab-hackathon\dataset\Hypodontia\(286).JPG,Hypodontia,5,0
C:\lab-hackathon\dataset\Tooth Discoloration\augmented\Tooth_Discoloration_0_7005.jpeg,Tooth Discoloration,3,1
C:\lab-hackathon\dataset\yolo_bbox\images\train\caries_0_3349.jpeg,Caries,0,0
C:\lab-hackathon\dataset\Ulcers\augmented\Mouth_Ulcer_0_920.jpeg,Ulcers,4,1
C:\lab-hackathon\dataset\Tooth Discoloration\augmented\Tooth_Discoloration_0_2636.jpeg,Tooth Discoloration,3,1
C:\lab-hackathon\dataset\Tooth Discoloration\augmented\Tooth_Discoloration_0_8235.jpeg,Tooth Discoloration,3,1
C:\lab-hackathon\dataset\yolo_bbox\images\train\caries_0_5006.jpeg,Caries,0,0
C:\lab-hackathon\dataset\Tooth Discoloration\augmented\Tooth_Discoloration_0_136.jpeg,Tooth Discoloration,3,1
C:\lab-hackathon\dataset\Gingivitis\(2190).jpg,Gingivitis,2,0
C:\lab-hackathon\dataset\Hypodontia\(716).JPG,Hypodontia,5,0
C:\lab-hackathon\dataset\yolo_bbox\images\train\(215).jpg,Gingivitis,2,0
C:\lab-hackathon\dataset\Ulcers\augmented\Mouth_Ulcer_0_8413.jpeg,Ulcers,4,1
C:\lab-hackathon\dataset\Tooth Discoloration\augmented\Tooth_Discoloration_0_2092.jpeg,Tooth Discoloration,3,1
C:\lab-hackathon\dataset\Ulcers\augmented\Mouth_Ulcer_0_3792.jpeg,Ulcers,4,1
C:\lab-hackathon\dataset\Calculus\(689).jpg,Calculus,1,0
C:\lab-hackathon\dataset\Hypodontia\(1173).JPG,Hypodontia,5,0
C:\lab-hackathon\dataset\Gingivitis\(274).jpg,Gingivitis,2,0
C:\lab-hackathon\dataset\yolo_bbox\images\train\436.jpg,Ulcers,4,0
C:\lab-hackathon\dataset\Tooth Discoloration\augmented\Tooth_Discoloration_0_5643.jpeg,Tooth Discoloration,3,1
C:\lab-hackathon\dataset\Gingivitis\(1546).jpg,Gingivitis,2,0
C:\lab-hackathon\dataset\Ulcers\augmented\Mouth_Ulcer_0_3878.jpeg,Ulcers,4,1
C:\lab-hackathon\dataset\Hypodontia\(36).JPG,Hypodontia,5,0
C:\lab-hackathon\dataset\Tooth Discoloration\original\127.jpg,Tooth Discoloration,3,0
C:\lab-hackathon\dataset\yolo_bbox\images\train\67.jpg,Caries,0,0
C:\lab-hackathon\dataset\yolo_bbox\images\train\466.jpg,Tooth Discoloration,3,0
C:\lab-hackathon\dataset\Gingivitis\(1517).jpg,Gingivitis,2,0
C:\lab-hackathon\dataset\Gingivitis\(776).jpg,Gingivitis,2,0
C:\lab-hackathon\dataset\Tooth Discoloration\augmented\Tooth_Discoloration_0_4036.jpeg,Tooth Discoloration,3,1
C:\lab-hackathon\dataset\Calculus\(193).jpg,Calculus,1,0
C:\lab-hackathon\dataset\Hypodontia\(620).JPG,Hypodontia,5,0
C:\lab-hackathon\dataset\yolo_bbox\images\train\caries_0_558.jpeg,Caries,0,0
C:\lab-hackathon\dataset\Tooth Discoloration\original\26.jpg,Tooth Discoloration,3,0
C:\lab-hackathon\dataset\Caries\augmented\caries_0_4599.jpeg,Caries,0,1
C:\lab-hackathon\dataset\Calculus\(1168).jpg,Calculus,1,0
C:\lab-hackathon\dataset\Tooth Discoloration\augmented\Tooth_Discoloration_0_716.jpeg,Tooth Discoloration,3,1
C:\lab-hackathon\dataset\Calculus\(815).jpg,Calculus,1,0
C:\lab-hackathon\dataset\Gingivitis\(929).jpg,Gingivitis,2,0
C:\lab-hackathon\dataset\Caries\augmented\caries_0_7265.jpeg,Caries,0,1
C:\lab-hackathon\dataset\Ulcers\augmented\Mouth_Ulcer_0_2439.jpeg,Ulcers,4,1
C:\lab-hackathon\dataset\Caries\augmented\caries_0_1901.jpeg,Caries,0,1
C:\lab-hackathon\dataset\yolo_bbox\images\train\112.jpg,Caries,0,0
C:\lab-hackathon\dataset\yolo_bbox\images\train\514.jpg,Tooth Discoloration,3,0
C:\lab-hackathon\dataset\Ulcers\augmented\Mouth_Ulcer_0_1519.jpeg,Ulcers,4,1
C:\lab-hackathon\dataset\Tooth Discoloration\augmented\Tooth_Discoloration_0_5803.jpeg,Tooth Discoloration,3,1
C:\lab-hackathon\dataset\yolo_bbox\images\train\(11).jpg,Gingivitis,2,0
C:\lab-hackathon\dataset\Ulcers\augmented\Mouth_Ulcer_0_2844.jpeg,Ulcers,4,1
C:\lab-hackathon\dataset\Gingivitis\(1200).jpg,Gingivitis,2,0
C:\lab-hackathon\dataset\Gingivitis\(894).jpg,Gingivitis,2,0
C:\lab-hackathon\dataset\Calculus\(27).jpg,Calculus,1,0
C:\lab-hackathon\dataset\Caries\augmented\caries_0_6496.jpeg,Caries,0,1
C:\lab-hackathon\dataset\Gingivitis\(1932).jpg,Gingivitis,2,0
C:\lab-hackathon\dataset\yolo_bbox\images\train\454.jpg,Ulcers,4,0
C:\lab-hackathon\dataset\Caries\augmented\caries_0_3977.jpeg,Caries,0,1
C:\lab-hackathon\dataset\Calculus\(896).jpg,Calculus,1,0
C:\lab-hackathon\dataset\Caries\augmented\caries_0_7038.jpeg,Caries,0,1
C:\lab-hackathon\dataset\Caries\augmented\caries_0_4232.jpeg,Caries,0,1
C:\lab-hackathon\dataset\Gingivitis\(1548).jpg,Gingivitis,2,0
C:\lab-hackathon\dataset\Hypodontia\(1224).jpg,Hypodontia,5,0
C:\lab-hackathon\dataset\Gingivitis\(1968).jpg,Gingivitis,2,0
C:\lab-hackathon\dataset\Hypodontia\(320).JPG,Hypodontia,5,0
C:\lab-hackathon\dataset\Ulcers\augmented\Mouth_Ulcer_0_5939.jpeg,Ulcers,4,1
C:\lab-hackathon\dataset\Gingivitis\(1347).jpg,Gingivitis,2,0
C:\lab-hackathon\dataset\Hypodontia\(426).JPG,Hypodontia,5,0
C:\lab-hackathon\dataset\yolo_bbox\images\train\614.jpg,Tooth Discoloration,3,0
C:\lab-hackathon\dataset\Gingivitis\(2274).jpg,Gingivitis,2,0
C:\lab-hackathon\dataset\Gingivitis\(1309).jpg,Gingivitis,2,0
C:\lab-hackathon\dataset\Ulcers\augmented\Mouth_Ulcer_0_7840.jpeg,Ulcers,4,1
C:\lab-hackathon\dataset\yolo_bbox\images\train\217.jpg,Caries,0,0
C:\lab-hackathon\dataset\yolo_bbox\images\train\caries_0_5050.jpeg,Caries,0,0
C:\lab-hackathon\dataset\Calculus\(1232).jpg,Calculus,1,0
C:\lab-hackathon\dataset\Calculus\(19).jpg,Calculus,1,0
C:\lab-hackathon\dataset\Caries\augmented\caries_0_848.jpeg,Caries,0,1
C:\lab-hackathon\dataset\Caries\augmented\caries_0_6986.jpeg,Caries,0,1
C:\lab-hackathon\dataset\Gingivitis\(2046).jpg,Gingivitis,2,0
C:\lab-hackathon\dataset\Caries\augmented\caries_0_2598.jpeg,Caries,0,1
C:\lab-hackathon\dataset\Hypodontia\(868).JPG,Hypodontia,5,0
C:\lab-hackathon\dataset\yolo_bbox\images\train\caries_0_4917.jpeg,Caries,0,0
C:\lab-hackathon\dataset\Hypodontia\(178).JPG,Hypodontia,5,0
C:\lab-hackathon\dataset\yolo_bbox\images\train\caries_0_3613.jpeg,Caries,0,0
C:\lab-hackathon\dataset\yolo_bbox\images\train\638.jpg,Tooth Discoloration,3,0
C:\lab-hackathon\dataset\yolo_bbox\images\train\421.jpg,Ulcers,4,0
C:\lab-hackathon\dataset\Caries\augmented\caries_0_8435.jpeg,Caries,0,1
C:\lab-hackathon\dataset\yolo_bbox\images\train\509.jpg,Tooth Discoloration,3,0
C:\lab-hackathon\dataset\Ulcers\augmented\Mouth_Ulcer_0_5797.jpeg,Ulcers,4,1
C:\lab-hackathon\dataset\Tooth Discoloration\augmented\Tooth_Discoloration_0_6889.jpeg,Tooth Discoloration,3,1
C:\lab-hackathon\dataset\Calculus\(620).jpg,Calculus,1,0
C:\lab-hackathon\dataset\Ulcers\augmented\Mouth_Ulcer_0_9574.jpeg,Ulcers,4,1
C:\lab-hackathon\dataset\Gingivitis\(44).jpg,Gingivitis,2,0
C:\lab-hackathon\dataset\Gingivitis\(2095).jpg,Gingivitis,2,0
C:\lab-hackathon\dataset\Gingivitis\(2247).jpg,Gingivitis,2,0
C:\lab-hackathon\dataset\Ulcers\augmented\Mouth_Ulcer_0_1315.jpeg,Ulcers,4,1
C:\lab-hackathon\dataset\yolo_bbox\images\train\232.jpg,Ulcers,4,0
C:\lab-hackathon\dataset\Caries\augmented\caries_0_4248.jpeg,Caries,0,1
C:\lab-hackathon\dataset\Ulcers\augmented\Mouth_Ulcer_0_8028.jpeg,Ulcers,4,1
C:\lab-hackathon\dataset\yolo_bbox\images\train\298.jpg,Ulcers,4,0
C:\lab-hackathon\dataset\Calculus\(1130).jpg,Calculus,1,0
C:\lab-hackathon\dataset\Tooth Discoloration\augmented\Tooth_Discoloration_0_3102.jpeg,Tooth Discoloration,3,1
C:\lab-hackathon\dataset\Gingivitis\(845).jpg,Gingivitis,2,0
C:\lab-hackathon\dataset\Gingivitis\(430).jpg,Gingivitis,2,0
C:\lab-hackathon\dataset\Hypodontia\(629).JPG,Hypodontia,5,0
C:\lab-hackathon\dataset\Calculus\(760).jpg,Calculus,1,0
C:\lab-hackathon\dataset\Tooth Discoloration\augmented\Tooth_Discoloration_0_5496.jpeg,Tooth Discoloration,3,1
C:\lab-hackathon\dataset\Caries\original\40.jpg,Caries,0,0
C:\lab-hackathon\dataset\Ulcers\original\148.jpg,Ulcers,4,0
C:\lab-hackathon\dataset\Gingivitis\(2287).jpg,Gingivitis,2,0
C:\lab-hackathon\dataset\Caries\augmented\caries_0_2565.jpeg,Caries,0,1
C:\lab-hackathon\dataset\Calculus\(518).jpg,Calculus,1,0
C:\lab-hackathon\dataset\Calculus\(374).jpg,Calculus,1,0
C:\lab-hackathon\dataset\Caries\augmented\caries_0_5527.jpeg,Caries,0,1
C:\lab-hackathon\dataset\Calculus\(808).jpg,Calculus,1,0
C:\lab-hackathon\dataset\Gingivitis\(1346).jpg,Gingivitis,2,0
C:\lab-hackathon\dataset\Calculus\(846).jpg,Calculus,1,0
C:\lab-hackathon\dataset\Gingivitis\(170).jpg,Gingivitis,2,0
C:\lab-hackathon\dataset\yolo_bbox\images\train\264.jpg,Ulcers,4,0
C:\lab-hackathon\dataset\Caries\augmented\caries_0_6778.jpeg,Caries,0,1
C:\lab-hackathon\dataset\Ulcers\augmented\Mouth_Ulcer_0_5798.jpeg,Ulcers,4,1
C:\lab-hackathon\dataset\yolo_bbox\images\train\caries_0_4580.jpeg,Caries,0,0
C:\lab-hackathon\dataset\Calculus\(1105).jpg,Calculus,1,0
C:\lab-hackathon\dataset\Ulcers\augmented\Mouth_Ulcer_0_7332.jpeg,Ulcers,4,1
C:\lab-hackathon\dataset\Caries\augmented\caries_0_5329.jpeg,Caries,0,1
C:\lab-hackathon\dataset\Gingivitis\(1279).jpg,Gingivitis,2,0
C:\lab-hackathon\dataset\Gingivitis\(41).jpg,Gingivitis,2,0
C:\lab-hackathon\dataset\yolo_bbox\images\train\156.jpg,Caries,0,0
C:\lab-hackathon\dataset\Hypodontia\(94).JPG,Hypodontia,5,0
C:\lab-hackathon\dataset\Tooth Discoloration\original\35.jpg,Tooth Discoloration,3,0
C:\lab-hackathon\dataset\Tooth Discoloration\augmented\Tooth_Discoloration_0_2128.jpeg,Tooth Discoloration,3,1
C:\lab-hackathon\dataset\Gingivitis\(1349).jpg,Gingivitis,2,0
C:\lab-hackathon\dataset\yolo_bbox\images\train\caries_0_4249.jpeg,Caries,0,0
C:\lab-hackathon\dataset\Caries\augmented\caries_0_8454.jpeg,Caries,0,1
C:\lab-hackathon\dataset\Gingivitis\(1415).jpg,Gingivitis,2,0
C:\lab-hackathon\dataset\Hypodontia\(154).JPG,Hypodontia,5,0
C:\lab-hackathon\dataset\Calculus\(175).jpg,Calculus,1,0
C:\lab-hackathon\dataset\Tooth Discoloration\augmented\Tooth_Discoloration_0_3568.jpeg,Tooth Discoloration,3,1
C:\lab-hackathon\dataset\Hypodontia\(674).jpg,Hypodontia,5,0
C:\lab-hackathon\dataset\Ulcers\augmented\Mouth_Ulcer_0_1300.jpeg,Ulcers,4,1
C:\lab-hackathon\dataset\Caries\original\41.jpg,Caries,0,0
C:\lab-hackathon\dataset\Caries\augmented\caries_0_765.jpeg,Caries,0,1
C:\lab-hackathon\dataset\Gingivitis\(1773).jpg,Gingivitis,2,0
C:\lab-hackathon\dataset\yolo_bbox\images\train\174.jpg,Caries,0,0
C:\lab-hackathon\dataset\Calculus\(494).jpg,Calculus,1,0
C:\lab-hackathon\dataset\yolo_bbox\images\train\127.jpg,Caries,0,0
C:\lab-hackathon\dataset\Gingivitis\(825).jpg,Gingivitis,2,0
C:\lab-hackathon\dataset\Hypodontia\(418).JPG,Hypodontia,5,0
C:\lab-hackathon\dataset\Gingivitis\(1435).jpg,Gingivitis,2,0
C:\lab-hackathon\dataset\Tooth Discoloration\original\67.jpg,Tooth Discoloration,3,0
C:\lab-hackathon\dataset\Ulcers\augmented\Mouth_Ulcer_0_1290.jpeg,Ulcers,4,1
C:\lab-hackathon\dataset\Tooth Discoloration\augmented\Tooth_Discoloration_0_9287.jpeg,Tooth Discoloration,3,1
C:\lab-hackathon\dataset\Gingivitis\(1776).jpg,Gingivitis,2,0
C:\lab-hackathon\dataset\Calculus\(572).jpg,Calculus,1,0
C:\lab-hackathon\dataset\yolo_bbox\images\train\(185).jpg,Gingivitis,2,0
C:\lab-hackathon\dataset\Hypodontia\(58).JPG,Hypodontia,5,0
C:\lab-hackathon\dataset\Hypodontia\(1165).JPG,Hypodontia,5,0
C:\lab-hackathon\dataset\Gingivitis\(1140).jpg,Gingivitis,2,0
C:\lab-hackathon\dataset\Hypodontia\(854).JPG,Hypodontia,5,0
C:\lab-hackathon\dataset\Ulcers\augmented\Mouth_Ulcer_0_4578.jpeg,Ulcers,4,1
C:\lab-hackathon\dataset\Caries\augmented\caries_0_3749.jpeg,Caries,0,1
C:\lab-hackathon\dataset\yolo_bbox\images\train\(165).jpg,Gingivitis,2,0
C:\lab-hackathon\dataset\Hypodontia\(214).JPG,Hypodontia,5,0
C:\lab-hackathon\dataset\Caries\augmented\caries_0_8556.jpeg,Caries,0,1
C:\lab-hackathon\dataset\Caries\augmented\caries_0_7334.jpeg,Caries,0,1
C:\lab-hackathon\dataset\Calculus\(755).jpg,Calculus,1,0
C:\lab-hackathon\dataset\Ulcers\augmented\Mouth_Ulcer_0_2414.jpeg,Ulcers,4,1
C:\lab-hackathon\dataset\Ulcers\augmented\Mouth_Ulcer_0_95.jpeg,Ulcers,4,1
C:\lab-hackathon\dataset\Ulcers\augmented\Mouth_Ulcer_0_5463.jpeg,Ulcers,4,1
C:\lab-hackathon\dataset\yolo_bbox\images\train\(156).jpg,Gingivitis,2,0
C:\lab-hackathon\dataset\Calculus\(862).jpg,Calculus,1,0
C:\lab-hackathon\dataset\Hypodontia\(1035).JPG,Hypodontia,5,0
C:\lab-hackathon\dataset\Gingivitis\(1858).jpg,Gingivitis,2,0
C:\lab-hackathon\dataset\yolo_bbox\images\train\caries_0_46.jpeg,Caries,0,0
C:\lab-hackathon\dataset\Ulcers\augmented\Mouth_Ulcer_0_982.jpeg,Ulcers,4,1
C:\lab-hackathon\dataset\Hypodontia\(697).JPG,Hypodontia,5,0
C:\lab-hackathon\dataset\Gingivitis\(267).jpg,Gingivitis,2,0
C:\lab-hackathon\dataset\Ulcers\augmented\Mouth_Ulcer_0_5067.jpeg,Ulcers,4,1
C:\lab-hackathon\dataset\Ulcers\original\1.jpg,Ulcers,4,0
C:\lab-hackathon\dataset\Hypodontia\(110).jpg,Hypodontia,5,0
C:\lab-hackathon\dataset\Gingivitis\(1697).jpg,Gingivitis,2,0
C:\lab-hackathon\dataset\Caries\augmented\caries_0_5191.jpeg,Caries,0,1
C:\lab-hackathon\dataset\Ulcers\augmented\Mouth_Ulcer_0_425.jpeg,Ulcers,4,1
C:\lab-hackathon\dataset\Tooth Discoloration\augmented\Tooth_Discoloration_0_8479.jpeg,Tooth Discoloration,3,1
C:\lab-hackathon\dataset\yolo_bbox\images\train\586.jpg,Tooth Discoloration,3,0
C:\lab-hackathon\dataset\Gingivitis\(2151).jpg,Gingivitis,2,0
C:\lab-hackathon\dataset\Gingivitis\(1794).jpg,Gingivitis,2,0
C:\lab-hackathon\dataset\Gingivitis\(1586).jpg,Gingivitis,2,0
C:\lab-hackathon\dataset\Calculus\(199).jpg,Calculus,1,0
C:\lab-hackathon\dataset\Caries\original\189.jpg,Caries,0,0
C:\lab-hackathon\dataset\Tooth Discoloration\augmented\Tooth_Discoloration_0_4850.jpeg,Tooth Discoloration,3,1
C:\lab-hackathon\dataset\Hypodontia\(570).JPG,Hypodontia,5,0
C:\lab-hackathon\dataset\Caries\augmented\caries_0_5713.jpeg,Caries,0,1
C:\lab-hackathon\dataset\yolo_bbox\images\train\caries_0_3871.jpeg,Caries,0,0
C:\lab-hackathon\dataset\Hypodontia\(221).JPG,Hypodontia,5,0
C:\lab-hackathon\dataset\Hypodontia\(787).jpg,Hypodontia,5,0
C:\lab-hackathon\dataset\yolo_bbox\images\train\506.jpg,Tooth Discoloration,3,0
C:\lab-hackathon\dataset\Tooth Discoloration\augmented\Tooth_Discoloration_0_2705.jpeg,Tooth Discoloration,3,1
C:\lab-hackathon\dataset\Tooth Discoloration\augmented\Tooth_Discoloration_0_5392.jpeg,Tooth Discoloration,3,1
C:\lab-hackathon\dataset\Caries\original\33.jpg,Caries,0,0
C:\lab-hackathon\dataset\Calculus\(315).jpg,Calculus,1,0
C:\lab-hackathon\dataset\Caries\augmented\caries_0_9140.jpeg,Caries,0,1
C:\lab-hackathon\dataset\Caries\augmented\caries_0_3427.jpeg,Caries,0,1
C:\lab-hackathon\dataset\Tooth Discoloration\augmented\Tooth_Discoloration_0_1779.jpeg,Tooth Discoloration,3,1
C:\lab-hackathon\dataset\Gingivitis\(1040).jpg,Gingivitis,2,0
C:\lab-hackathon\dataset\Gingivitis\(1984).jpg,Gingivitis,2,0
C:\lab-hackathon\dataset\Tooth Discoloration\augmented\Tooth_Discoloration_0_1686.jpeg,Tooth Discoloration,3,1
C:\lab-hackathon\dataset\yolo_bbox\images\train\caries_0_3577.jpeg,Caries,0,0
C:\lab-hackathon\dataset\Ulcers\augmented\Mouth_Ulcer_0_5763.jpeg,Ulcers,4,1
C:\lab-hackathon\dataset\Tooth Discoloration\original\120.jpg,Tooth Discoloration,3,0
C:\lab-hackathon\dataset\Caries\augmented\caries_0_2352.jpeg,Caries,0,1
C:\lab-hackathon\dataset\yolo_bbox\images\train\caries_0_3881.jpeg,Caries,0,0
C:\lab-hackathon\dataset\Ulcers\augmented\Mouth_Ulcer_0_2727.jpeg,Ulcers,4,1
C:\lab-hackathon\dataset\Gingivitis\(499).jpg,Gingivitis,2,0
C:\lab-hackathon\dataset\yolo_bbox\images\train\(147).jpg,Gingivitis,2,0
C:\lab-hackathon\dataset\Ulcers\augmented\Mouth_Ulcer_0_9008.jpeg,Ulcers,4,1
C:\lab-hackathon\dataset\Gingivitis\(278).jpg,Gingivitis,2,0
C:\lab-hackathon\dataset\Ulcers\augmented\Mouth_Ulcer_0_360.jpeg,Ulcers,4,1
C:\lab-hackathon\dataset\yolo_bbox\images\train\caries_0_4405.jpeg,Caries,0,0
C:\lab-hackathon\dataset\Gingivitis\(304).jpg,Gingivitis,2,0
C:\lab-hackathon\dataset\yolo_bbox\images\train\247.jpg,Ulcers,4,0
C:\lab-hackathon\dataset\yolo_bbox\images\train\155.jpg,Caries,0,0
C:\lab-hackathon\dataset\Ulcers\augmented\Mouth_Ulcer_0_2537.jpeg,Ulcers,4,1
C:\lab-hackathon\dataset\Gingivitis\(1146).jpg,Gingivitis,2,0
C:\lab-hackathon\dataset\Hypodontia\(667).jpg,Hypodontia,5,0
C:\lab-hackathon\dataset\yolo_bbox\images\train\319.jpg,Ulcers,4,0
C:\lab-hackathon\dataset\Ulcers\augmented\Mouth_Ulcer_0_9679.jpeg,Ulcers,4,1
C:\lab-hackathon\dataset\Calculus\(271).jpg,Calculus,1,0
C:\lab-hackathon\dataset\Caries\augmented\caries_0_2570.jpeg,Caries,0,1
C:\lab-hackathon\dataset\yolo_bbox\images\train\(126).jpg,Gingivitis,2,0
C:\lab-hackathon\dataset\Caries\augmented\caries_0_6235.jpeg,Caries,0,1
C:\lab-hackathon\dataset\Gingivitis\(220).jpg,Gingivitis,2,0
C:\lab-hackathon\dataset\Ulcers\original\164.jpg,Ulcers,4,0
C:\lab-hackathon\dataset\Caries\augmented\caries_0_5597.jpeg,Caries,0,1
C:\lab-hackathon\dataset\Gingivitis\(990).jpg,Gingivitis,2,0
C:\lab-hackathon\dataset\Hypodontia\(785).JPG,Hypodontia,5,0
C:\lab-hackathon\dataset\Gingivitis\(460).jpg,Gingivitis,2,0
C:\lab-hackathon\dataset\Ulcers\augmented\Mouth_Ulcer_0_5749.jpeg,Ulcers,4,1
C:\lab-hackathon\dataset\yolo_bbox\images\train\201.jpg,Caries,0,0
C:\lab-hackathon\dataset\Caries\augmented\caries_0_8994.jpeg,Caries,0,1
C:\lab-hackathon\dataset\Caries\augmented\caries_0_5973.jpeg,Caries,0,1
C:\lab-hackathon\dataset\Tooth Discoloration\augmented\Tooth_Discoloration_0_9494.jpeg,Tooth Discoloration,3,1
C:\lab-hackathon\dataset\Ulcers\augmented\Mouth_Ulcer_0_627.jpeg,Ulcers,4,1
C:\lab-hackathon\dataset\Tooth Discoloration\original\163.jpg,Tooth Discoloration,3,0
C:\lab-hackathon\dataset\Tooth Discoloration\original\126.jpg,Tooth Discoloration,3,0
C:\lab-hackathon\dataset\Ulcers\augmented\Mouth_Ulcer_0_5056.jpeg,Ulcers,4,1
C:\lab-hackathon\dataset\Calculus\(144).jpg,Calculus,1,0
C:\lab-hackathon\dataset\Caries\augmented\caries_0_8691.jpeg,Caries,0,1
C:\lab-hackathon\dataset\Gingivitis\(129).jpg,Gingivitis,2,0
C:\lab-hackathon\dataset\Tooth Discoloration\augmented\Tooth_Discoloration_0_5696.jpeg,Tooth Discoloration,3,1
C:\lab-hackathon\dataset\Gingivitis\(173).jpg,Gingivitis,2,0
C:\lab-hackathon\dataset\Calculus\(1263).jpg,Calculus,1,0
C:\lab-hackathon\dataset\Tooth Discoloration\original\128.jpg,Tooth Discoloration,3,0
C:\lab-hackathon\dataset\yolo_bbox\images\train\caries_0_3652.jpeg,Caries,0,0
C:\lab-hackathon\dataset\Ulcers\augmented\Mouth_Ulcer_0_595.jpeg,Ulcers,4,1
C:\lab-hackathon\dataset\Caries\augmented\caries_0_1014.jpeg,Caries,0,1
C:\lab-hackathon\dataset\Tooth Discoloration\augmented\Tooth_Discoloration_0_4093.jpeg,Tooth Discoloration,3,1
C:\lab-hackathon\dataset\Calculus\(470).jpg,Calculus,1,0
C:\lab-hackathon\dataset\Ulcers\augmented\Mouth_Ulcer_0_6601.jpeg,Ulcers,4,1
C:\lab-hackathon\dataset\yolo_bbox\images\train\caries_0_684.jpeg,Caries,0,0
C:\lab-hackathon\dataset\Calculus\(1228).jpg,Calculus,1,0
C:\lab-hackathon\dataset\yolo_bbox\images\train\205.jpg,Caries,0,0
C:\lab-hackathon\dataset\Hypodontia\(13).JPG,Hypodontia,5,0
C:\lab-hackathon\dataset\Ulcers\augmented\Mouth_Ulcer_0_623.jpeg,Ulcers,4,1
C:\lab-hackathon\dataset\Gingivitis\(32).jpg,Gingivitis,2,0
C:\lab-hackathon\dataset\yolo_bbox\images\train\caries_0_3944.jpeg,Caries,0,0
C:\lab-hackathon\dataset\Gingivitis\(1170).jpg,Gingivitis,2,0
C:\lab-hackathon\dataset\Gingivitis\(1959).jpg,Gingivitis,2,0
C:\lab-hackathon\dataset\Caries\augmented\caries_0_4487.jpeg,Caries,0,1
C:\lab-hackathon\dataset\Calculus\(504).jpg,Calculus,1,0
C:\lab-hackathon\dataset\Caries\augmented\caries_0_624.jpeg,Caries,0,1
C:\lab-hackathon\dataset\Gingivitis\(1079).jpg,Gingivitis,2,0
C:\lab-hackathon\dataset\Gingivitis\(1109)(1).jpg,Gingivitis,2,0
C:\lab-hackathon\dataset\Tooth Discoloration\original\158.jpg,Tooth Discoloration,3,0
C:\lab-hackathon\dataset\yolo_bbox\images\train\89.jpg,Caries,0,0
C:\lab-hackathon\dataset\yolo_bbox\images\train\caries_0_448.jpeg,Caries,0,0
C:\lab-hackathon\dataset\Caries\augmented\caries_0_9091.jpeg,Caries,0,1
C:\lab-hackathon\dataset\yolo_bbox\images\train\620.jpg,Tooth Discoloration,3,0
C:\lab-hackathon\dataset\Tooth Discoloration\augmented\Tooth_Discoloration_0_2875.jpeg,Tooth Discoloration,3,1
C:\lab-hackathon\dataset\Gingivitis\(2310).jpg,Gingivitis,2,0
C:\lab-hackathon\dataset\Ulcers\augmented\Mouth_Ulcer_0_7755.jpeg,Ulcers,4,1
C:\lab-hackathon\dataset\Tooth Discoloration\augmented\Tooth_Discoloration_0_7946.jpeg,Tooth Discoloration,3,1
C:\lab-hackathon\dataset\Caries\original\81.jpg,Caries,0,0
C:\lab-hackathon\dataset\yolo_bbox\images\train\(113).jpg,Gingivitis,2,0
C:\lab-hackathon\dataset\Ulcers\augmented\Mouth_Ulcer_0_8284.jpeg,Ulcers,4,1
C:\lab-hackathon\dataset\Calculus\(836).jpg,Calculus,1,0
C:\lab-hackathon\dataset\Ulcers\original\133.jpg,Ulcers,4,0
C:\lab-hackathon\dataset\Hypodontia\(851).JPG,Hypodontia,5,0
C:\lab-hackathon\dataset\Caries\augmented\caries_0_7744.jpeg,Caries,0,1
C:\lab-hackathon\dataset\Calculus\(742).jpg,Calculus,1,0
C:\lab-hackathon\dataset\Gingivitis\(428).jpg,Gingivitis,2,0
C:\lab-hackathon\dataset\Gingivitis\(2090).jpg,Gingivitis,2,0
C:\lab-hackathon\dataset\Caries\augmented\caries_0_2502.jpeg,Caries,0,1
C:\lab-hackathon\dataset\Gingivitis\(1536).jpg,Gingivitis,2,0
C:\lab-hackathon\dataset\Hypodontia\(368).JPG,Hypodontia,5,0
C:\lab-hackathon\dataset\Gingivitis\(276).jpg,Gingivitis,2,0
C:\lab-hackathon\dataset\Ulcers\augmented\Mouth_Ulcer_0_5261.jpeg,Ulcers,4,1
C:\lab-hackathon\dataset\yolo_bbox\images\train\284.jpg,Ulcers,4,0
C:\lab-hackathon\dataset\Caries\augmented\caries_0_628.jpeg,Caries,0,1
C:\lab-hackathon\dataset\yolo_bbox\images\train\caries_0_3771.jpeg,Caries,0,0
C:\lab-hackathon\dataset\Calculus\(1040).jpg,Calculus,1,0
C:\lab-hackathon\dataset\Caries\augmented\caries_0_6349.jpeg,Caries,0,1
C:\lab-hackathon\dataset\Ulcers\augmented\Mouth_Ulcer_0_2177.jpeg,Ulcers,4,1
C:\lab-hackathon\dataset\Gingivitis\(1117).jpg,Gingivitis,2,0
C:\lab-hackathon\dataset\yolo_bbox\images\train\(154).jpg,Gingivitis,2,0
C:\lab-hackathon\dataset\yolo_bbox\images\train\(136).jpg,Gingivitis,2,0
C:\lab-hackathon\dataset\Gingivitis\(300).jpg,Gingivitis,2,0
C:\lab-hackathon\dataset\Gingivitis\(1928).jpg,Gingivitis,2,0
C:\lab-hackathon\dataset\Gingivitis\(1514).jpg,Gingivitis,2,0
C:\lab-hackathon\dataset\Caries\original\52.jpg,Caries,0,0
C:\lab-hackathon\dataset\Calculus\(189).jpg,Calculus,1,0
C:\lab-hackathon\dataset\Tooth Discoloration\augmented\Tooth_Discoloration_0_9203.jpeg,Tooth Discoloration,3,1
C:\lab-hackathon\dataset\Gingivitis\(1497).jpg,Gingivitis,2,0
C:\lab-hackathon\dataset\Calculus\(206).jpg,Calculus,1,0
C:\lab-hackathon\dataset\Gingivitis\(1406).jpg,Gingivitis,2,0
C:\lab-hackathon\dataset\Tooth Discoloration\augmented\Tooth_Discoloration_0_8224.jpeg,Tooth Discoloration,3,1
C:\lab-hackathon\dataset\Calculus\(237).jpg,Calculus,1,0
C:\lab-hackathon\dataset\Hypodontia\(689).jpg,Hypodontia,5,0
C:\lab-hackathon\dataset\Ulcers\augmented\Mouth_Ulcer_0_5005.jpeg,Ulcers,4,1
C:\lab-hackathon\dataset\Hypodontia\(1223).jpg,Hypodontia,5,0
C:\lab-hackathon\dataset\Hypodontia\(882).JPG,Hypodontia,5,0
C:\lab-hackathon\dataset\Ulcers\augmented\Mouth_Ulcer_0_4737.jpeg,Ulcers,4,1
C:\lab-hackathon\dataset\Calculus\(1198).jpg,Calculus,1,0
C:\lab-hackathon\dataset\Gingivitis\(1826).jpg,Gingivitis,2,0
C:\lab-hackathon\dataset\Ulcers\augmented\Mouth_Ulcer_0_6368.jpeg,Ulcers,4,1
C:\lab-hackathon\dataset\Gingivitis\(974).jpg,Gingivitis,2,0
C:\lab-hackathon\dataset\Calculus\(768).jpg,Calculus,1,0
C:\lab-hackathon\dataset\Gingivitis\(375).jpg,Gingivitis,2,0
C:\lab-hackathon\dataset\Gingivitis\(1265).jpg,Gingivitis,2,0
C:\lab-hackathon\dataset\yolo_bbox\images\train\136.jpg,Caries,0,0
C:\lab-hackathon\dataset\Calculus\(9).jpg,Calculus,1,0
C:\lab-hackathon\dataset\Caries\original\167.jpg,Caries,0,0
C:\lab-hackathon\dataset\Caries\augmented\caries_0_9071.jpeg,Caries,0,1
C:\lab-hackathon\dataset\Gingivitis\(2206).jpg,Gingivitis,2,0
C:\lab-hackathon\dataset\Hypodontia\(591).JPG,Hypodontia,5,0
C:\lab-hackathon\dataset\Calculus\(825).jpg,Calculus,1,0
C:\lab-hackathon\dataset\Caries\augmented\caries_0_9059.jpeg,Caries,0,1
C:\lab-hackathon\dataset\Hypodontia\(986).JPG,Hypodontia,5,0
C:\lab-hackathon\dataset\yolo_bbox\images\train\27.jpg,Caries,0,0
C:\lab-hackathon\dataset\Tooth Discoloration\augmented\Tooth_Discoloration_0_5992.jpeg,Tooth Discoloration,3,1
C:\lab-hackathon\dataset\Gingivitis\(1307).jpg,Gingivitis,2,0
C:\lab-hackathon\dataset\Gingivitis\(1402).jpg,Gingivitis,2,0
C:\lab-hackathon\dataset\Gingivitis\(889).jpg,Gingivitis,2,0
C:\lab-hackathon\dataset\yolo_bbox\images\train\caries_0_567.jpeg,Caries,0,0
C:\lab-hackathon\dataset\yolo_bbox\images\train\(43).jpg,Gingivitis,2,0
C:\lab-hackathon\dataset\Hypodontia\(815).JPG,Hypodontia,5,0
C:\lab-hackathon\dataset\Caries\augmented\caries_0_8487.jpeg,Caries,0,1
C:\lab-hackathon\dataset\Tooth Discoloration\augmented\Tooth_Discoloration_0_6006.jpeg,Tooth Discoloration,3,1
C:\lab-hackathon\dataset\Gingivitis\(1679).jpg,Gingivitis,2,0
C:\lab-hackathon\dataset\Tooth Discoloration\augmented\Tooth_Discoloration_0_7476.jpeg,Tooth Discoloration,3,1
C:\lab-hackathon\dataset\Gingivitis\(912).jpg,Gingivitis,2,0
C:\lab-hackathon\dataset\Hypodontia\(78).JPG,Hypodontia,5,0
C:\lab-hackathon\dataset\yolo_bbox\images\train\caries_0_3624.jpeg,Caries,0,0
C:\lab-hackathon\dataset\yolo_bbox\images\train\(141).jpg,Gingivitis,2,0
C:\lab-hackathon\dataset\Caries\augmented\caries_0_2086.jpeg,Caries,0,1
C:\lab-hackathon\dataset\Gingivitis\(1187).jpg,Gingivitis,2,0
C:\lab-hackathon\dataset\yolo_bbox\images\train\(25).jpg,Gingivitis,2,0
C:\lab-hackathon\dataset\yolo_bbox\images\train\caries_0_3292.jpeg,Caries,0,0
C:\lab-hackathon\dataset\Ulcers\augmented\Mouth_Ulcer_0_2238.jpeg,Ulcers,4,1
C:\lab-hackathon\dataset\Hypodontia\(804).jpg,Hypodontia,5,0
C:\lab-hackathon\dataset\Caries\augmented\caries_0_4926.jpeg,Caries,0,1
C:\lab-hackathon\dataset\yolo_bbox\images\train\239.jpg,Ulcers,4,0
C:\lab-hackathon\dataset\yolo_bbox\images\train\caries_0_5019.jpeg,Caries,0,0
C:\lab-hackathon\dataset\Calculus\(1107).jpg,Calculus,1,0
C:\lab-hackathon\dataset\Tooth Discoloration\augmented\Tooth_Discoloration_0_1776.jpeg,Tooth Discoloration,3,1
C:\lab-hackathon\dataset\Gingivitis\(1008).jpg,Gingivitis,2,0
C:\lab-hackathon\dataset\Hypodontia\(836).JPG,Hypodontia,5,0
C:\lab-hackathon\dataset\Tooth Discoloration\augmented\Tooth_Discoloration_0_5431.jpeg,Tooth Discoloration,3,1
C:\lab-hackathon\dataset\Ulcers\augmented\Mouth_Ulcer_0_3767.jpeg,Ulcers,4,1
C:\lab-hackathon\dataset\Gingivitis\(814).jpg,Gingivitis,2,0
C:\lab-hackathon\dataset\yolo_bbox\images\train\473.jpg,Tooth Discoloration,3,0
C:\lab-hackathon\dataset\Ulcers\augmented\Mouth_Ulcer_0_3690.jpeg,Ulcers,4,1
C:\lab-hackathon\dataset\Gingivitis\(906).jpg,Gingivitis,2,0
C:\lab-hackathon\dataset\Ulcers\augmented\Mouth_Ulcer_0_4664.jpeg,Ulcers,4,1
C:\lab-hackathon\dataset\Ulcers\augmented\Mouth_Ulcer_0_3791.jpeg,Ulcers,4,1
C:\lab-hackathon\dataset\Ulcers\augmented\Mouth_Ulcer_0_147.jpeg,Ulcers,4,1
C:\lab-hackathon\dataset\yolo_bbox\images\train\(192).jpg,Gingivitis,2,0
C:\lab-hackathon\dataset\Hypodontia\(457).JPG,Hypodontia,5,0
C:\lab-hackathon\dataset\Tooth Discoloration\augmented\Tooth_Discoloration_0_7573.jpeg,Tooth Discoloration,3,1
C:\lab-hackathon\dataset\yolo_bbox\images\train\3.jpg,Caries,0,0
C:\lab-hackathon\dataset\Tooth Discoloration\augmented\Tooth_Discoloration_0_1318.jpeg,Tooth Discoloration,3,1
C:\lab-hackathon\dataset\Tooth Discoloration\augmented\Tooth_Discoloration_0_8756.jpeg,Tooth Discoloration,3,1
C:\lab-hackathon\dataset\Ulcers\original\193.jpg,Ulcers,4,0
C:\lab-hackathon\dataset\Tooth Discoloration\augmented\Tooth_Discoloration_0_427.jpeg,Tooth Discoloration,3,1
C:\lab-hackathon\dataset\Tooth Discoloration\augmented\Tooth_Discoloration_0_4776.jpeg,Tooth Discoloration,3,1
C:\lab-hackathon\dataset\Ulcers\augmented\Mouth_Ulcer_0_1838.jpeg,Ulcers,4,1
C:\lab-hackathon\dataset\yolo_bbox\images\train\caries_0_4427.jpeg,Caries,0,0
C:\lab-hackathon\dataset\Hypodontia\(150).JPG,Hypodontia,5,0
C:\lab-hackathon\dataset\Tooth Discoloration\augmented\Tooth_Discoloration_0_6671.jpeg,Tooth Discoloration,3,1
C:\lab-hackathon\dataset\Calculus\(1279).jpg,Calculus,1,0
C:\lab-hackathon\dataset\yolo_bbox\images\train\601.jpg,Tooth Discoloration,3,0
C:\lab-hackathon\dataset\yolo_bbox\images\train\345.jpg,Ulcers,4,0
C:\lab-hackathon\dataset\yolo_bbox\images\train\260.jpg,Ulcers,4,0
C:\lab-hackathon\dataset\Tooth Discoloration\augmented\Tooth_Discoloration_0_7314.jpeg,Tooth Discoloration,3,1
C:\lab-hackathon\dataset\yolo_bbox\images\train\caries_0_4635.jpeg,Caries,0,0
C:\lab-hackathon\dataset\Gingivitis\(157).jpg,Gingivitis,2,0
C:\lab-hackathon\dataset\Calculus\(1220).jpg,Calculus,1,0
C:\lab-hackathon\dataset\Gingivitis\(167).jpg,Gingivitis,2,0
C:\lab-hackathon\dataset\Hypodontia\(899).JPG,Hypodontia,5,0
C:\lab-hackathon\dataset\yolo_bbox\images\train\293.jpg,Ulcers,4,0
C:\lab-hackathon\dataset\yolo_bbox\images\train\caries_0_670.jpeg,Caries,0,0
C:\lab-hackathon\dataset\Tooth Discoloration\augmented\Tooth_Discoloration_0_2.jpeg,Tooth Discoloration,3,1
C:\lab-hackathon\dataset\yolo_bbox\images\train\caries_0_4460.jpeg,Caries,0,0
C:\lab-hackathon\dataset\Gingivitis\(1046).jpg,Gingivitis,2,0
C:\lab-hackathon\dataset\Ulcers\augmented\Mouth_Ulcer_0_7342.jpeg,Ulcers,4,1
C:\lab-hackathon\dataset\Gingivitis\(1609).jpg,Gingivitis,2,0
C:\lab-hackathon\dataset\Gingivitis\(1196).jpg,Gingivitis,2,0
C:\lab-hackathon\dataset\Gingivitis\(474).jpg,Gingivitis,2,0
C:\lab-hackathon\dataset\Hypodontia\(540).jpg,Hypodontia,5,0
C:\lab-hackathon\dataset\Gingivitis\(1398).jpg,Gingivitis,2,0
C:\lab-hackathon\dataset\Calculus\(260).jpg,Calculus,1,0
C:\lab-hackathon\dataset\Hypodontia\(148).JPG,Hypodontia,5,0
C:\lab-hackathon\dataset\Tooth Discoloration\augmented\Tooth_Discoloration_0_6565.jpeg,Tooth Discoloration,3,1
C:\lab-hackathon\dataset\Caries\original\60.jpg,Caries,0,0
C:\lab-hackathon\dataset\Hypodontia\(579).JPG,Hypodontia,5,0
C:\lab-hackathon\dataset\Tooth Discoloration\augmented\Tooth_Discoloration_0_377.jpeg,Tooth Discoloration,3,1
C:\lab-hackathon\dataset\yolo_bbox\images\train\caries_0_3604.jpeg,Caries,0,0
C:\lab-hackathon\dataset\Calculus\(1053).jpg,Calculus,1,0
C:\lab-hackathon\dataset\Gingivitis\(1456).jpg,Gingivitis,2,0
C:\lab-hackathon\dataset\Ulcers\augmented\Mouth_Ulcer_0_8767.jpeg,Ulcers,4,1
C:\lab-hackathon\dataset\Tooth Discoloration\augmented\Tooth_Discoloration_0_2659.jpeg,Tooth Discoloration,3,1
C:\lab-hackathon\dataset\Ulcers\original\253.jpg,Ulcers,4,0
C:\lab-hackathon\dataset\Calculus\(638).jpg,Calculus,1,0
C:\lab-hackathon\dataset\Gingivitis\(1225).jpg,Gingivitis,2,0
C:\lab-hackathon\dataset\Gingivitis\(1360).jpg,Gingivitis,2,0
C:\lab-hackathon\dataset\Gingivitis\(2276).jpg,Gingivitis,2,0
C:\lab-hackathon\dataset\Hypodontia\(688).jpg,Hypodontia,5,0
C:\lab-hackathon\dataset\Gingivitis\(477).jpg,Gingivitis,2,0
C:\lab-hackathon\dataset\Gingivitis\(3).jpg,Gingivitis,2,0
C:\lab-hackathon\dataset\yolo_bbox\images\train\(59).jpg,Gingivitis,2,0
C:\lab-hackathon\dataset\Ulcers\augmented\Mouth_Ulcer_0_8300.jpeg,Ulcers,4,1
C:\lab-hackathon\dataset\Hypodontia\(1135).JPG,Hypodontia,5,0
C:\lab-hackathon\dataset\Gingivitis\(193).jpg,Gingivitis,2,0
C:\lab-hackathon\dataset\yolo_bbox\images\train\caries_0_5146.jpeg,Caries,0,0
C:\lab-hackathon\dataset\Calculus\(519).jpg,Calculus,1,0
C:\lab-hackathon\dataset\Hypodontia\(92).jpg,Hypodontia,5,0
C:\lab-hackathon\dataset\Caries\original\129.jpg,Caries,0,0
C:\lab-hackathon\dataset\Calculus\(61).jpg,Calculus,1,0
C:\lab-hackathon\dataset\Caries\original\15.jpg,Caries,0,0
C:\lab-hackathon\dataset\Tooth Discoloration\augmented\Tooth_Discoloration_0_9260.jpeg,Tooth Discoloration,3,1
C:\lab-hackathon\dataset\Tooth Discoloration\augmented\Tooth_Discoloration_0_6387.jpeg,Tooth Discoloration,3,1
C:\lab-hackathon\dataset\Tooth Discoloration\augmented\Tooth_Discoloration_0_6325.jpeg,Tooth Discoloration,3,1
C:\lab-hackathon\dataset\yolo_bbox\images\train\caries_0_3451.jpeg,Caries,0,0
C:\lab-hackathon\dataset\Hypodontia\(408).jpg,Hypodontia,5,0
C:\lab-hackathon\dataset\Gingivitis\(177).jpg,Gingivitis,2,0
C:\lab-hackathon\dataset\yolo_bbox\images\train\caries_0_4378.jpeg,Caries,0,0
C:\lab-hackathon\dataset\Calculus\(313).jpg,Calculus,1,0
C:\lab-hackathon\dataset\Calculus\(238).jpg,Calculus,1,0
C:\lab-hackathon\dataset\Ulcers\augmented\Mouth_Ulcer_0_7608.jpeg,Ulcers,4,1
C:\lab-hackathon\dataset\Gingivitis\(700).jpg,Gingivitis,2,0
C:\lab-hackathon\dataset\Gingivitis\(2180).jpg,Gingivitis,2,0
C:\lab-hackathon\dataset\Gingivitis\(1240).jpg,Gingivitis,2,0
C:\lab-hackathon\dataset\Hypodontia\(284).JPG,Hypodontia,5,0
C:\lab-hackathon\dataset\Gingivitis\(531).jpg,Gingivitis,2,0
C:\lab-hackathon\dataset\Gingivitis\(936).jpg,Gingivitis,2,0
C:\lab-hackathon\dataset\Gingivitis\(2300).jpg,Gingivitis,2,0
C:\lab-hackathon\dataset\Hypodontia\(113).jpg,Hypodontia,5,0
C:\lab-hackathon\dataset\Calculus\(838).jpg,Calculus,1,0
C:\lab-hackathon\dataset\Tooth Discoloration\augmented\Tooth_Discoloration_0_1857.jpeg,Tooth Discoloration,3,1
C:\lab-hackathon\dataset\Gingivitis\(1840).jpg,Gingivitis,2,0
C:\lab-hackathon\dataset\Gingivitis\(884).jpg,Gingivitis,2,0
C:\lab-hackathon\dataset\yolo_bbox\images\train\caries_0_3782.jpeg,Caries,0,0
C:\lab-hackathon\dataset\Gingivitis\(1862).jpg,Gingivitis,2,0
C:\lab-hackathon\dataset\Tooth Discoloration\augmented\Tooth_Discoloration_0_2803.jpeg,Tooth Discoloration,3,1
C:\lab-hackathon\dataset\Gingivitis\(1976).jpg,Gingivitis,2,0
C:\lab-hackathon\dataset\Gingivitis\(698).jpg,Gingivitis,2,0
C:\lab-hackathon\dataset\Gingivitis\(1709).jpg,Gingivitis,2,0
C:\lab-hackathon\dataset\Gingivitis\(1513).jpg,Gingivitis,2,0
C:\lab-hackathon\dataset\Gingivitis\(2197).jpg,Gingivitis,2,0
C:\lab-hackathon\dataset\Gingivitis\(459).jpg,Gingivitis,2,0
C:\lab-hackathon\dataset\Tooth Discoloration\augmented\Tooth_Discoloration_0_2638.jpeg,Tooth Discoloration,3,1
C:\lab-hackathon\dataset\Tooth Discoloration\augmented\Tooth_Discoloration_0_405.jpeg,Tooth Discoloration,3,1
C:\lab-hackathon\dataset\Calculus\(216).jpg,Calculus,1,0
C:\lab-hackathon\dataset\Hypodontia\(546).jpg,Hypodontia,5,0
C:\lab-hackathon\dataset\Hypodontia\(272).jpg,Hypodontia,5,0
C:\lab-hackathon\dataset\yolo_bbox\images\train\(132).jpg,Gingivitis,2,0
C:\lab-hackathon\dataset\yolo_bbox\images\train\523.jpg,Tooth Discoloration,3,0
C:\lab-hackathon\dataset\Gingivitis\(733).jpg,Gingivitis,2,0
C:\lab-hackathon\dataset\yolo_bbox\images\train\544.jpg,Tooth Discoloration,3,0
C:\lab-hackathon\dataset\Ulcers\augmented\Mouth_Ulcer_0_2931.jpeg,Ulcers,4,1
C:\lab-hackathon\dataset\Calculus\(684).jpg,Calculus,1,0
C:\lab-hackathon\dataset\Caries\augmented\caries_0_8286.jpeg,Caries,0,1
C:\lab-hackathon\dataset\yolo_bbox\images\train\275.jpg,Ulcers,4,0
C:\lab-hackathon\dataset\Tooth Discoloration\augmented\Tooth_Discoloration_0_7478.jpeg,Tooth Discoloration,3,1
C:\lab-hackathon\dataset\Ulcers\augmented\Mouth_Ulcer_0_8530.jpeg,Ulcers,4,1
C:\lab-hackathon\dataset\yolo_bbox\images\train\caries_0_4286.jpeg,Caries,0,0
C:\lab-hackathon\dataset\Ulcers\original\166.jpg,Ulcers,4,0
C:\lab-hackathon\dataset\yolo_bbox\images\train\128.jpg,Caries,0,0
C:\lab-hackathon\dataset\Ulcers\augmented\Mouth_Ulcer_0_7075.jpeg,Ulcers,4,1
C:\lab-hackathon\dataset\Caries\augmented\caries_0_3849.jpeg,Caries,0,1
C:\lab-hackathon\dataset\Ulcers\augmented\Mouth_Ulcer_0_3899.jpeg,Ulcers,4,1
C:\lab-hackathon\dataset\Tooth Discoloration\augmented\Tooth_Discoloration_0_1031.jpeg,Tooth Discoloration,3,1
C:\lab-hackathon\dataset\Ulcers\augmented\Mouth_Ulcer_0_3988.jpeg,Ulcers,4,1
C:\lab-hackathon\dataset\Gingivitis\(1054).jpg,Gingivitis,2,0
C:\lab-hackathon\dataset\Gingivitis\(2202).jpg,Gingivitis,2,0
C:\lab-hackathon\dataset\Ulcers\original\88.jpg,Ulcers,4,0
C:\lab-hackathon\dataset\Ulcers\augmented\Mouth_Ulcer_0_622.jpeg,Ulcers,4,1
C:\lab-hackathon\dataset\yolo_bbox\images\train\caries_0_4763.jpeg,Caries,0,0
C:\lab-hackathon\dataset\Caries\augmented\caries_0_9468.jpeg,Caries,0,1
C:\lab-hackathon\dataset\Caries\augmented\caries_0_8512.jpeg,Caries,0,1
C:\lab-hackathon\dataset\yolo_bbox\images\train\caries_0_86.jpeg,Caries,0,0
C:\lab-hackathon\dataset\Gingivitis\(146).jpg,Gingivitis,2,0
C:\lab-hackathon\dataset\Ulcers\augmented\Mouth_Ulcer_0_6122.jpeg,Ulcers,4,1
C:\lab-hackathon\dataset\yolo_bbox\images\train\caries_0_5194.jpeg,Caries,0,0
C:\lab-hackathon\dataset\Ulcers\augmented\Mouth_Ulcer_0_6569.jpeg,Ulcers,4,1
C:\lab-hackathon\dataset\Hypodontia\(101).JPG,Hypodontia,5,0
C:\lab-hackathon\dataset\Gingivitis\(1825).jpg,Gingivitis,2,0
C:\lab-hackathon\dataset\Hypodontia\(436).JPG,Hypodontia,5,0
C:\lab-hackathon\dataset\Caries\augmented\caries_0_3721.jpeg,Caries,0,1
C:\lab-hackathon\dataset\Gingivitis\(1197).jpg,Gingivitis,2,0
C:\lab-hackathon\dataset\Calculus\(645).jpg,Calculus,1,0
C:\lab-hackathon\dataset\Hypodontia\(1014).JPG,Hypodontia,5,0
C:\lab-hackathon\dataset\yolo_bbox\images\train\46.jpg,Caries,0,0
C:\lab-hackathon\dataset\Gingivitis\(379).jpg,Gingivitis,2,0
C:\lab-hackathon\dataset\Ulcers\augmented\Mouth_Ulcer_0_8834.jpeg,Ulcers,4,1
C:\lab-hackathon\dataset\Gingivitis\(2167).jpg,Gingivitis,2,0
C:\lab-hackathon\dataset\yolo_bbox\images\train\caries_0_3299.jpeg,Caries,0,0
C:\lab-hackathon\dataset\Hypodontia\(677).jpg,Hypodontia,5,0
C:\lab-hackathon\dataset\Gingivitis\(1728).jpg,Gingivitis,2,0
C:\lab-hackathon\dataset\Tooth Discoloration\augmented\Tooth_Discoloration_0_7074.jpeg,Tooth Discoloration,3,1
C:\lab-hackathon\dataset\Ulcers\original\123.jpg,Ulcers,4,0
C:\lab-hackathon\dataset\Ulcers\augmented\Mouth_Ulcer_0_7611.jpeg,Ulcers,4,1
C:\lab-hackathon\dataset\Tooth Discoloration\original\174.jpg,Tooth Discoloration,3,0
C:\lab-hackathon\dataset\Calculus\(454).jpg,Calculus,1,0
C:\lab-hackathon\dataset\Ulcers\augmented\Mouth_Ulcer_0_6860.jpeg,Ulcers,4,1
C:\lab-hackathon\dataset\yolo_bbox\images\train\caries_0_4945.jpeg,Caries,0,0
C:\lab-hackathon\dataset\yolo_bbox\images\train\249.jpg,Ulcers,4,0
C:\lab-hackathon\dataset\Calculus\(124).jpg,Calculus,1,0
C:\lab-hackathon\dataset\Calculus\(868).jpg,Calculus,1,0
C:\lab-hackathon\dataset\Gingivitis\(552).jpg,Gingivitis,2,0
C:\lab-hackathon\dataset\Ulcers\augmented\Mouth_Ulcer_0_4331.jpeg,Ulcers,4,1
C:\lab-hackathon\dataset\Gingivitis\(1996).jpg,Gingivitis,2,0
C:\lab-hackathon\dataset\Caries\augmented\caries_0_8189.jpeg,Caries,0,1
C:\lab-hackathon\dataset\Ulcers\original\204.jpg,Ulcers,4,0
C:\lab-hackathon\dataset\Caries\augmented\caries_0_3771.jpeg,Caries,0,1
C:\lab-hackathon\dataset\Gingivitis\(246).jpg,Gingivitis,2,0
C:\lab-hackathon\dataset\Tooth Discoloration\augmented\Tooth_Discoloration_0_1637.jpeg,Tooth Discoloration,3,1
C:\lab-hackathon\dataset\Tooth Discoloration\augmented\Tooth_Discoloration_0_7245.jpeg,Tooth Discoloration,3,1
C:\lab-hackathon\dataset\Tooth Discoloration\augmented\Tooth_Discoloration_0_1535.jpeg,Tooth Discoloration,3,1
C:\lab-hackathon\dataset\Hypodontia\(967).jpg,Hypodontia,5,0
C:\lab-hackathon\dataset\Hypodontia\(1206).JPG,Hypodontia,5,0
C:\lab-hackathon\dataset\Caries\augmented\caries_0_9598.jpeg,Caries,0,1
C:\lab-hackathon\dataset\Tooth Discoloration\augmented\Tooth_Discoloration_0_9216.jpeg,Tooth Discoloration,3,1
C:\lab-hackathon\dataset\Ulcers\augmented\Mouth_Ulcer_0_6688.jpeg,Ulcers,4,1
C:\lab-hackathon\dataset\Tooth Discoloration\augmented\Tooth_Discoloration_0_4599.jpeg,Tooth Discoloration,3,1
C:\lab-hackathon\dataset\Caries\augmented\caries_0_5006.jpeg,Caries,0,1
C:\lab-hackathon\dataset\Gingivitis\(1931).jpg,Gingivitis,2,0
C:\lab-hackathon\dataset\Tooth Discoloration\augmented\Tooth_Discoloration_0_365.jpeg,Tooth Discoloration,3,1
C:\lab-hackathon\dataset\Ulcers\original\63.jpg,Ulcers,4,0
C:\lab-hackathon\dataset\yolo_bbox\images\train\90.jpg,Caries,0,0
C:\lab-hackathon\dataset\Caries\augmented\caries_0_1444.jpeg,Caries,0,1
C:\lab-hackathon\dataset\Gingivitis\(1057).jpg,Gingivitis,2,0
C:\lab-hackathon\dataset\yolo_bbox\images\train\278.jpg,Ulcers,4,0
C:\lab-hackathon\dataset\Calculus\(352).jpg,Calculus,1,0
C:\lab-hackathon\dataset\Gingivitis\(296).jpg,Gingivitis,2,0
C:\lab-hackathon\dataset\Tooth Discoloration\augmented\Tooth_Discoloration_0_36.jpeg,Tooth Discoloration,3,1
C:\lab-hackathon\dataset\Gingivitis\(1000).JPG,Gingivitis,2,0
C:\lab-hackathon\dataset\Hypodontia\(1071).jpg,Hypodontia,5,0
C:\lab-hackathon\dataset\Tooth Discoloration\augmented\Tooth_Discoloration_0_7395.jpeg,Tooth Discoloration,3,1
C:\lab-hackathon\dataset\Gingivitis\(1396).jpg,Gingivitis,2,0
C:\lab-hackathon\dataset\Gingivitis\(1217).jpg,Gingivitis,2,0
C:\lab-hackathon\dataset\Caries\augmented\caries_0_7743.jpeg,Caries,0,1
C:\lab-hackathon\dataset\Gingivitis\(1793).jpg,Gingivitis,2,0
C:\lab-hackathon\dataset\Gingivitis\(1168).jpg,Gingivitis,2,0
C:\lab-hackathon\dataset\Tooth Discoloration\augmented\Tooth_Discoloration_0_5028.jpeg,Tooth Discoloration,3,1
C:\lab-hackathon\dataset\Gingivitis\(1408).jpg,Gingivitis,2,0
C:\lab-hackathon\dataset\Calculus\(331).jpg,Calculus,1,0
C:\lab-hackathon\dataset\Gingivitis\(1994).jpg,Gingivitis,2,0
C:\lab-hackathon\dataset\Ulcers\augmented\Mouth_Ulcer_0_170.jpeg,Ulcers,4,1
C:\lab-hackathon\dataset\Gingivitis\(2162).jpg,Gingivitis,2,0
C:\lab-hackathon\dataset\Gingivitis\(740).JPG,Gingivitis,2,0
C:\lab-hackathon\dataset\Gingivitis\(307).jpg,Gingivitis,2,0
C:\lab-hackathon\dataset\yolo_bbox\images\train\632.jpg,Tooth Discoloration,3,0
C:\lab-hackathon\dataset\Ulcers\augmented\Mouth_Ulcer_0_4441.jpeg,Ulcers,4,1
C:\lab-hackathon\dataset\Gingivitis\(1351).jpg,Gingivitis,2,0
C:\lab-hackathon\dataset\Gingivitis\(1828).jpg,Gingivitis,2,0
C:\lab-hackathon\dataset\Hypodontia\(580).JPG,Hypodontia,5,0
C:\lab-hackathon\dataset\Hypodontia\(1220).jpg,Hypodontia,5,0
C:\lab-hackathon\dataset\Hypodontia\(262).jpg,Hypodontia,5,0
C:\lab-hackathon\dataset\yolo_bbox\images\train\272.jpg,Ulcers,4,0
C:\lab-hackathon\dataset\Calculus\(692).jpg,Calculus,1,0
C:\lab-hackathon\dataset\Hypodontia\(813).jpg,Hypodontia,5,0
C:\lab-hackathon\dataset\Calculus\(905).jpg,Calculus,1,0
C:\lab-hackathon\dataset\Ulcers\original\161.jpg,Ulcers,4,0
C:\lab-hackathon\dataset\Ulcers\augmented\Mouth_Ulcer_0_1416.jpeg,Ulcers,4,1
C:\lab-hackathon\dataset\Tooth Discoloration\augmented\Tooth_Discoloration_0_165.jpeg,Tooth Discoloration,3,1
C:\lab-hackathon\dataset\Gingivitis\(1012).jpg,Gingivitis,2,0
C:\lab-hackathon\dataset\Ulcers\original\258.jpg,Ulcers,4,0
C:\lab-hackathon\dataset\Tooth Discoloration\augmented\Tooth_Discoloration_0_5465.jpeg,Tooth Discoloration,3,1
C:\lab-hackathon\dataset\yolo_bbox\images\train\581.jpg,Tooth Discoloration,3,0
C:\lab-hackathon\dataset\Gingivitis\(898).jpg,Gingivitis,2,0
C:\lab-hackathon\dataset\Gingivitis\(349).jpg,Gingivitis,2,0
C:\lab-hackathon\dataset\Hypodontia\(551).jpg,Hypodontia,5,0
C:\lab-hackathon\dataset\Calculus\(824).jpg,Calculus,1,0
C:\lab-hackathon\dataset\Ulcers\original\95.jpg,Ulcers,4,0
C:\lab-hackathon\dataset\Hypodontia\(422).JPG,Hypodontia,5,0
C:\lab-hackathon\dataset\yolo_bbox\images\train\10.jpg,Caries,0,0
C:\lab-hackathon\dataset\Tooth Discoloration\augmented\Tooth_Discoloration_0_2670.jpeg,Tooth Discoloration,3,1
C:\lab-hackathon\dataset\Caries\augmented\caries_0_3461.jpeg,Caries,0,1
C:\lab-hackathon\dataset\Ulcers\augmented\Mouth_Ulcer_0_8659.jpeg,Ulcers,4,1
C:\lab-hackathon\dataset\Gingivitis\(111).jpg,Gingivitis,2,0
C:\lab-hackathon\dataset\Calculus\(528).jpg,Calculus,1,0
C:\lab-hackathon\dataset\Hypodontia\(1044).JPG,Hypodontia,5,0
C:\lab-hackathon\dataset\Tooth Discoloration\augmented\Tooth_Discoloration_0_9275.jpeg,Tooth Discoloration,3,1
C:\lab-hackathon\dataset\Gingivitis\(152).jpg,Gingivitis,2,0
C:\lab-hackathon\dataset\Caries\augmented\caries_0_6991.jpeg,Caries,0,1
C:\lab-hackathon\dataset\Ulcers\augmented\Mouth_Ulcer_0_2749.jpeg,Ulcers,4,1
C:\lab-hackathon\dataset\Gingivitis\(1732).jpg,Gingivitis,2,0
C:\lab-hackathon\dataset\Calculus\(1152).jpg,Calculus,1,0
C:\lab-hackathon\dataset\Hypodontia\(1166).JPG,Hypodontia,5,0
C:\lab-hackathon\dataset\Gingivitis\(2154).jpg,Gingivitis,2,0
C:\lab-hackathon\dataset\Ulcers\augmented\Mouth_Ulcer_0_5249.jpeg,Ulcers,4,1
C:\lab-hackathon\dataset\Caries\augmented\caries_0_5354.jpeg,Caries,0,1
C:\lab-hackathon\dataset\yolo_bbox\images\train\caries_0_36.jpeg,Caries,0,0
C:\lab-hackathon\dataset\Tooth Discoloration\augmented\Tooth_Discoloration_0_4738.jpeg,Tooth Discoloration,3,1
C:\lab-hackathon\dataset\yolo_bbox\images\train\caries_0_4890.jpeg,Caries,0,0
C:\lab-hackathon\dataset\Hypodontia\(53).JPG,Hypodontia,5,0
C:\lab-hackathon\dataset\Gingivitis\(1754).jpg,Gingivitis,2,0
C:\lab-hackathon\dataset\Hypodontia\(1114).JPG,Hypodontia,5,0
C:\lab-hackathon\dataset\Tooth Discoloration\augmented\Tooth_Discoloration_0_6588.jpeg,Tooth Discoloration,3,1
C:\lab-hackathon\dataset\yolo_bbox\images\train\(40).jpg,Gingivitis,2,0
C:\lab-hackathon\dataset\Calculus\(104).jpg,Calculus,1,0
C:\lab-hackathon\dataset\Ulcers\augmented\Mouth_Ulcer_0_6799.jpeg,Ulcers,4,1
C:\lab-hackathon\dataset\Tooth Discoloration\augmented\Tooth_Discoloration_0_4213.jpeg,Tooth Discoloration,3,1
C:\lab-hackathon\dataset\Hypodontia\(612).JPG,Hypodontia,5,0
C:\lab-hackathon\dataset\Calculus\(1058).jpg,Calculus,1,0
C:\lab-hackathon\dataset\Hypodontia\(1001).JPG,Hypodontia,5,0
C:\lab-hackathon\dataset\yolo_bbox\images\train\caries_0_3467.jpeg,Caries,0,0
C:\lab-hackathon\dataset\yolo_bbox\images\train\(111).jpg,Gingivitis,2,0
C:\lab-hackathon\dataset\Caries\augmented\caries_0_3528.jpeg,Caries,0,1
C:\lab-hackathon\dataset\yolo_bbox\images\train\(122).jpg,Gingivitis,2,0
C:\lab-hackathon\dataset\Gingivitis\(282).jpg,Gingivitis,2,0
C:\lab-hackathon\dataset\Caries\augmented\caries_0_1287.jpeg,Caries,0,1
C:\lab-hackathon\dataset\Calculus\(721).jpg,Calculus,1,0
C:\lab-hackathon\dataset\Tooth Discoloration\augmented\Tooth_Discoloration_0_188.jpeg,Tooth Discoloration,3,1
C:\lab-hackathon\dataset\yolo_bbox\images\train\(53).jpg,Gingivitis,2,0
C:\lab-hackathon\dataset\Gingivitis\(1594).jpg,Gingivitis,2,0
C:\lab-hackathon\dataset\Caries\augmented\caries_0_4652.jpeg,Caries,0,1
C:\lab-hackathon\dataset\yolo_bbox\images\train\358.jpg,Ulcers,4,0
C:\lab-hackathon\dataset\Tooth Discoloration\augmented\Tooth_Discoloration_0_4761.jpeg,Tooth Discoloration,3,1
C:\lab-hackathon\dataset\Tooth Discoloration\augmented\Tooth_Discoloration_0_6740.jpeg,Tooth Discoloration,3,1
C:\lab-hackathon\dataset\Caries\augmented\caries_0_6887.jpeg,Caries,0,1
C:\lab-hackathon\dataset\yolo_bbox\images\train\(17).jpg,Gingivitis,2,0
C:\lab-hackathon\dataset\Ulcers\augmented\Mouth_Ulcer_0_119.jpeg,Ulcers,4,1
C:\lab-hackathon\dataset\Ulcers\augmented\Mouth_Ulcer_0_4198.jpeg,Ulcers,4,1
C:\lab-hackathon\dataset\Calculus\(1156).jpg,Calculus,1,0
C:\lab-hackathon\dataset\Gingivitis\(2067).jpg,Gingivitis,2,0
C:\lab-hackathon\dataset\Ulcers\original\134.jpg,Ulcers,4,0
C:\lab-hackathon\dataset\Caries\augmented\caries_0_8742.jpeg,Caries,0,1
C:\lab-hackathon\dataset\yolo_bbox\images\train\365.jpg,Ulcers,4,0
C:\lab-hackathon\dataset\Ulcers\augmented\Mouth_Ulcer_0_1274.jpeg,Ulcers,4,1
C:\lab-hackathon\dataset\yolo_bbox\images\train\228.jpg,Ulcers,4,0
C:\lab-hackathon\dataset\Ulcers\augmented\Mouth_Ulcer_0_4074.jpeg,Ulcers,4,1
C:\lab-hackathon\dataset\Calculus\(985).jpg,Calculus,1,0
C:\lab-hackathon\dataset\Calculus\(981).jpg,Calculus,1,0
C:\lab-hackathon\dataset\Gingivitis\(849).jpg,Gingivitis,2,0
C:\lab-hackathon\dataset\Ulcers\augmented\Mouth_Ulcer_0_9559.jpeg,Ulcers,4,1
C:\lab-hackathon\dataset\yolo_bbox\images\train\314.jpg,Ulcers,4,0
C:\lab-hackathon\dataset\Gingivitis\(638).jpg,Gingivitis,2,0
C:\lab-hackathon\dataset\Ulcers\augmented\Mouth_Ulcer_0_3565.jpeg,Ulcers,4,1
C:\lab-hackathon\dataset\Calculus\(826).jpg,Calculus,1,0
C:\lab-hackathon\dataset\yolo_bbox\images\train\(2).jpg,Gingivitis,2,0
C:\lab-hackathon\dataset\Ulcers\original\4.jpg,Ulcers,4,0
C:\lab-hackathon\dataset\Caries\original\217.jpg,Caries,0,0
C:\lab-hackathon\dataset\yolo_bbox\images\train\caries_0_5049.jpeg,Caries,0,0
C:\lab-hackathon\dataset\Gingivitis\(1387).jpg,Gingivitis,2,0
C:\lab-hackathon\dataset\Gingivitis\(1795).jpg,Gingivitis,2,0
C:\lab-hackathon\dataset\Caries\augmented\caries_0_6350.jpeg,Caries,0,1
C:\lab-hackathon\dataset\Calculus\(526).jpg,Calculus,1,0
C:\lab-hackathon\dataset\Gingivitis\(580).jpg,Gingivitis,2,0
C:\lab-hackathon\dataset\Tooth Discoloration\augmented\Tooth_Discoloration_0_9512.jpeg,Tooth Discoloration,3,1
C:\lab-hackathon\dataset\yolo_bbox\images\train\198.jpg,Caries,0,0
C:\lab-hackathon\dataset\Ulcers\augmented\Mouth_Ulcer_0_8857.jpeg,Ulcers,4,1
C:\lab-hackathon\dataset\Hypodontia\(461).JPG,Hypodontia,5,0
C:\lab-hackathon\dataset\yolo_bbox\images\train\604.jpg,Tooth Discoloration,3,0
C:\lab-hackathon\dataset\yolo_bbox\images\train\caries_0_4758.jpeg,Ulcers,4,0
C:\lab-hackathon\dataset\Gingivitis\(74).jpg,Gingivitis,2,0
C:\lab-hackathon\dataset\Hypodontia\(691).jpg,Hypodontia,5,0
C:\lab-hackathon\dataset\Caries\augmented\caries_0_5872.jpeg,Caries,0,1
C:\lab-hackathon\dataset\Hypodontia\(303).JPG,Hypodontia,5,0
C:\lab-hackathon\dataset\Hypodontia\(1008).JPG,Hypodontia,5,0
C:\lab-hackathon\dataset\Ulcers\augmented\Mouth_Ulcer_0_7273.jpeg,Ulcers,4,1
C:\lab-hackathon\dataset\Gingivitis\(1449).jpg,Gingivitis,2,0
C:\lab-hackathon\dataset\yolo_bbox\images\train\408.jpg,Ulcers,4,0
C:\lab-hackathon\dataset\Calculus\(375).jpg,Calculus,1,0
C:\lab-hackathon\dataset\yolo_bbox\images\train\(157).jpg,Gingivitis,2,0
C:\lab-hackathon\dataset\Tooth Discoloration\augmented\Tooth_Discoloration_0_3481.jpeg,Tooth Discoloration,3,1
C:\lab-hackathon\dataset\Ulcers\augmented\Mouth_Ulcer_0_5215.jpeg,Ulcers,4,1
C:\lab-hackathon\dataset\Hypodontia\(796).JPG,Hypodontia,5,0
C:\lab-hackathon\dataset\Caries\augmented\caries_0_6228.jpeg,Caries,0,1
C:\lab-hackathon\dataset\Hypodontia\(91).JPG,Hypodontia,5,0
C:\lab-hackathon\dataset\Ulcers\augmented\Mouth_Ulcer_0_317.jpeg,Ulcers,4,1
C:\lab-hackathon\dataset\Ulcers\original\7.jpg,Ulcers,4,0
C:\lab-hackathon\dataset\Calculus\(412).jpg,Calculus,1,0
C:\lab-hackathon\dataset\Ulcers\augmented\Mouth_Ulcer_0_4165.jpeg,Ulcers,4,1
C:\lab-hackathon\dataset\Ulcers\original\173.jpg,Ulcers,4,0
C:\lab-hackathon\dataset\yolo_bbox\images\train\(65).jpg,Gingivitis,2,0
C:\lab-hackathon\dataset\Caries\augmented\caries_0_8465.jpeg,Caries,0,1
C:\lab-hackathon\dataset\yolo_bbox\images\train\caries_0_4026.jpeg,Caries,0,0
C:\lab-hackathon\dataset\Ulcers\augmented\Mouth_Ulcer_0_5989.jpeg,Ulcers,4,1
C:\lab-hackathon\dataset\Tooth Discoloration\augmented\Tooth_Discoloration_0_322.jpeg,Tooth Discoloration,3,1
C:\lab-hackathon\dataset\Hypodontia\(800).jpg,Hypodontia,5,0
C:\lab-hackathon\dataset\Gingivitis\(792).jpg,Gingivitis,2,0
C:\lab-hackathon\dataset\Gingivitis\(439).jpg,Gingivitis,2,0
C:\lab-hackathon\dataset\yolo_bbox\images\train\caries_0_4344.jpeg,Caries,0,0
C:\lab-hackathon\dataset\Gingivitis\(98).jpg,Gingivitis,2,0
C:\lab-hackathon\dataset\Gingivitis\(1366).jpg,Gingivitis,2,0
C:\lab-hackathon\dataset\Tooth Discoloration\augmented\Tooth_Discoloration_0_7952.jpeg,Tooth Discoloration,3,1
C:\lab-hackathon\dataset\Ulcers\augmented\Mouth_Ulcer_0_6763.jpeg,Ulcers,4,1
C:\lab-hackathon\dataset\Tooth Discoloration\augmented\Tooth_Discoloration_0_3305.jpeg,Tooth Discoloration,3,1
C:\lab-hackathon\dataset\Gingivitis\(1608).jpg,Gingivitis,2,0
C:\lab-hackathon\dataset\Caries\augmented\caries_0_6761.jpeg,Caries,0,1
C:\lab-hackathon\dataset\Gingivitis\(1635).jpg,Gingivitis,2,0
C:\lab-hackathon\dataset\yolo_bbox\images\train\(51).jpg,Gingivitis,2,0
C:\lab-hackathon\dataset\Hypodontia\(394).jpg,Hypodontia,5,0
C:\lab-hackathon\dataset\Caries\augmented\caries_0_540.jpeg,Caries,0,1
C:\lab-hackathon\dataset\Tooth Discoloration\augmented\Tooth_Discoloration_0_7209.jpeg,Tooth Discoloration,3,1
C:\lab-hackathon\dataset\yolo_bbox\images\train\1.jpg,Caries,0,0
C:\lab-hackathon\dataset\Gingivitis\(1142).jpg,Gingivitis,2,0
C:\lab-hackathon\dataset\Hypodontia\(206).JPG,Hypodontia,5,0
C:\lab-hackathon\dataset\Tooth Discoloration\augmented\Tooth_Discoloration_0_815.jpeg,Tooth Discoloration,3,1
C:\lab-hackathon\dataset\Gingivitis\(1957).jpg,Gingivitis,2,0
C:\lab-hackathon\dataset\Tooth Discoloration\augmented\Tooth_Discoloration_0_6479.jpeg,Tooth Discoloration,3,1
C:\lab-hackathon\dataset\Ulcers\original\151.jpg,Ulcers,4,0
C:\lab-hackathon\dataset\yolo_bbox\images\train\caries_0_3345.jpeg,Caries,0,0
C:\lab-hackathon\dataset\Gingivitis\(297).jpg,Gingivitis,2,0
C:\lab-hackathon\dataset\Tooth Discoloration\augmented\Tooth_Discoloration_0_4308.jpeg,Tooth Discoloration,3,1
C:\lab-hackathon\dataset\Tooth Discoloration\augmented\Tooth_Discoloration_0_200.jpeg,Tooth Discoloration,3,1
C:\lab-hackathon\dataset\Calculus\(386).jpg,Calculus,1,0
C:\lab-hackathon\dataset\Ulcers\augmented\Mouth_Ulcer_0_7705.jpeg,Ulcers,4,1
C:\lab-hackathon\dataset\Gingivitis\(1287).jpg,Gingivitis,2,0
C:\lab-hackathon\dataset\Hypodontia\(384).jpg,Hypodontia,5,0
C:\lab-hackathon\dataset\Caries\augmented\caries_0_2335.jpeg,Caries,0,1
C:\lab-hackathon\dataset\Caries\augmented\caries_0_6525.jpeg,Caries,0,1
C:\lab-hackathon\dataset\Tooth Discoloration\augmented\Tooth_Discoloration_0_4742.jpeg,Tooth Discoloration,3,1
C:\lab-hackathon\dataset\Calculus\(750).jpg,Calculus,1,0
C:\lab-hackathon\dataset\Gingivitis\(1113).jpg,Gingivitis,2,0
C:\lab-hackathon\dataset\Gingivitis\(2157).jpg,Gingivitis,2,0
C:\lab-hackathon\dataset\Caries\original\54.jpg,Caries,0,0
C:\lab-hackathon\dataset\Caries\original\183.jpg,Caries,0,0
C:\lab-hackathon\dataset\Hypodontia\(537).JPG,Hypodontia,5,0
C:\lab-hackathon\dataset\Ulcers\original\259.jpg,Ulcers,4,0
C:\lab-hackathon\dataset\Caries\augmented\caries_0_4293.jpeg,Caries,0,1
C:\lab-hackathon\dataset\Ulcers\augmented\Mouth_Ulcer_0_9214.jpeg,Ulcers,4,1
C:\lab-hackathon\dataset\Gingivitis\(27).jpg,Gingivitis,2,0
C:\lab-hackathon\dataset\yolo_bbox\images\train\caries_0_170.jpeg,Caries,0,0
C:\lab-hackathon\dataset\Gingivitis\(1297).jpg,Gingivitis,2,0
C:\lab-hackathon\dataset\Calculus\(1117).jpg,Calculus,1,0
C:\lab-hackathon\dataset\Calculus\(73).jpg,Calculus,1,0
C:\lab-hackathon\dataset\Tooth Discoloration\augmented\Tooth_Discoloration_0_3195.jpeg,Tooth Discoloration,3,1
C:\lab-hackathon\dataset\Ulcers\augmented\Mouth_Ulcer_0_5799.jpeg,Ulcers,4,1
C:\lab-hackathon\dataset\Gingivitis\(2224).jpg,Gingivitis,2,0
C:\lab-hackathon\dataset\Calculus\(200).jpg,Calculus,1,0
C:\lab-hackathon\dataset\Hypodontia\(826).JPG,Hypodontia,5,0
C:\lab-hackathon\dataset\yolo_bbox\images\train\414.jpg,Ulcers,4,0
C:\lab-hackathon\dataset\Ulcers\augmented\Mouth_Ulcer_0_779.jpeg,Ulcers,4,1
C:\lab-hackathon\dataset\Caries\original\179.jpg,Caries,0,0
C:\lab-hackathon\dataset\Tooth Discoloration\augmented\Tooth_Discoloration_0_3703.jpeg,Tooth Discoloration,3,1
C:\lab-hackathon\dataset\Caries\augmented\caries_0_929.jpeg,Caries,0,1
C:\lab-hackathon\dataset\Tooth Discoloration\augmented\Tooth_Discoloration_0_2979.jpeg,Tooth Discoloration,3,1
C:\lab-hackathon\dataset\Caries\augmented\caries_0_5028.jpeg,Caries,0,1
C:\lab-hackathon\dataset\Caries\original\37.jpg,Caries,0,0
C:\lab-hackathon\dataset\yolo_bbox\images\train\(7).jpg,Gingivitis,2,0
C:\lab-hackathon\dataset\Gingivitis\(1121).jpg,Gingivitis,2,0
C:\lab-hackathon\dataset\Hypodontia\(168).JPG,Hypodontia,5,0
C:\lab-hackathon\dataset\Calculus\(289).jpg,Calculus,1,0
C:\lab-hackathon\dataset\Calculus\(272).jpg,Calculus,1,0
C:\lab-hackathon\dataset\Ulcers\augmented\Mouth_Ulcer_0_3465.jpeg,Ulcers,4,1
C:\lab-hackathon\dataset\yolo_bbox\images\train\569.jpg,Tooth Discoloration,3,0
C:\lab-hackathon\dataset\Ulcers\augmented\Mouth_Ulcer_0_2946.jpeg,Ulcers,4,1
C:\lab-hackathon\dataset\Caries\augmented\caries_0_1535.jpeg,Caries,0,1
C:\lab-hackathon\dataset\Ulcers\augmented\Mouth_Ulcer_0_5076.jpeg,Ulcers,4,1
C:\lab-hackathon\dataset\Gingivitis\(1478).jpg,Gingivitis,2,0
C:\lab-hackathon\dataset\Caries\augmented\caries_0_1240.jpeg,Caries,0,1
C:\lab-hackathon\dataset\Tooth Discoloration\original\159.jpg,Tooth Discoloration,3,0
C:\lab-hackathon\dataset\Hypodontia\(964).jpg,Hypodontia,5,0
C:\lab-hackathon\dataset\Ulcers\augmented\Mouth_Ulcer_0_4540.jpeg,Ulcers,4,1
C:\lab-hackathon\dataset\Caries\original\16.jpg,Caries,0,0
C:\lab-hackathon\dataset\Gingivitis\(1471).jpg,Gingivitis,2,0
C:\lab-hackathon\dataset\Hypodontia\(858).JPG,Hypodontia,5,0
C:\lab-hackathon\dataset\Tooth Discoloration\augmented\Tooth_Discoloration_0_5499.jpeg,Tooth Discoloration,3,1
C:\lab-hackathon\dataset\yolo_bbox\images\train\caries_0_497.jpeg,Caries,0,0
C:\lab-hackathon\dataset\Calculus\(437).jpg,Calculus,1,0
C:\lab-hackathon\dataset\Gingivitis\(852).jpg,Gingivitis,2,0
C:\lab-hackathon\dataset\Tooth Discoloration\original\161.jpg,Tooth Discoloration,3,0
C:\lab-hackathon\dataset\yolo_bbox\images\train\558.jpg,Tooth Discoloration,3,0
C:\lab-hackathon\dataset\Hypodontia\(245).jpg,Hypodontia,5,0
C:\lab-hackathon\dataset\yolo_bbox\images\train\caries_0_84.jpeg,Caries,0,0
C:\lab-hackathon\dataset\Ulcers\augmented\Mouth_Ulcer_0_1366.jpeg,Ulcers,4,1
C:\lab-hackathon\dataset\Gingivitis\(1504).jpg,Gingivitis,2,0
C:\lab-hackathon\dataset\yolo_bbox\images\train\caries_0_5218.jpeg,Caries,0,0
C:\lab-hackathon\dataset\Caries\augmented\caries_0_6479.jpeg,Caries,0,1
C:\lab-hackathon\dataset\Calculus\(184).jpg,Calculus,1,0
C:\lab-hackathon\dataset\yolo_bbox\images\train\caries_0_4057.jpeg,Caries,0,0
C:\lab-hackathon\dataset\Calculus\(149).jpg,Calculus,1,0
C:\lab-hackathon\dataset\Gingivitis\(780).jpg,Gingivitis,2,0
C:\lab-hackathon\dataset\Caries\augmented\caries_0_3647.jpeg,Caries,0,1
C:\lab-hackathon\dataset\Gingivitis\(1446).jpg,Gingivitis,2,0
C:\lab-hackathon\dataset\Gingivitis\(1922).jpg,Gingivitis,2,0
C:\lab-hackathon\dataset\Tooth Discoloration\augmented\Tooth_Discoloration_0_9560.jpeg,Tooth Discoloration,3,1
C:\lab-hackathon\dataset\Tooth Discoloration\augmented\Tooth_Discoloration_0_2865.jpeg,Tooth Discoloration,3,1
C:\lab-hackathon\dataset\Gingivitis\(955).jpg,Gingivitis,2,0
C:\lab-hackathon\dataset\Tooth Discoloration\original\96.jpg,Tooth Discoloration,3,0
C:\lab-hackathon\dataset\Caries\augmented\caries_0_993.jpeg,Caries,0,1
C:\lab-hackathon\dataset\Calculus\(769).jpg,Calculus,1,0
C:\lab-hackathon\dataset\Caries\augmented\caries_0_9157.jpeg,Caries,0,1
C:\lab-hackathon\dataset\Ulcers\augmented\Mouth_Ulcer_0_4106.jpeg,Ulcers,4,1
C:\lab-hackathon\dataset\Tooth Discoloration\augmented\Tooth_Discoloration_0_1253.jpeg,Tooth Discoloration,3,1
C:\lab-hackathon\dataset\Hypodontia\(184).JPG,Hypodontia,5,0
C:\lab-hackathon\dataset\Tooth Discoloration\original\57.jpg,Tooth Discoloration,3,0
C:\lab-hackathon\dataset\Calculus\(138).jpg,Calculus,1,0
C:\lab-hackathon\dataset\yolo_bbox\images\train\(86).jpg,Gingivitis,2,0
C:\lab-hackathon\dataset\Hypodontia\(440).JPG,Hypodontia,5,0
C:\lab-hackathon\dataset\yolo_bbox\images\train\caries_0_432.jpeg,Caries,0,0
C:\lab-hackathon\dataset\yolo_bbox\images\train\caries_0_4748.jpeg,Caries,0,0
C:\lab-hackathon\dataset\Caries\augmented\caries_0_896.jpeg,Caries,0,1
C:\lab-hackathon\dataset\Gingivitis\(254).jpg,Gingivitis,2,0
C:\lab-hackathon\dataset\yolo_bbox\images\train\16.jpg,Caries,0,0
C:\lab-hackathon\dataset\Gingivitis\(1919).jpg,Gingivitis,2,0
C:\lab-hackathon\dataset\Hypodontia\(1158).JPG,Hypodontia,5,0
C:\lab-hackathon\dataset\Hypodontia\(1079).jpg,Hypodontia,5,0
C:\lab-hackathon\dataset\Caries\augmented\caries_0_8468.jpeg,Caries,0,1
C:\lab-hackathon\dataset\Caries\original\39.jpg,Caries,0,0
C:\lab-hackathon\dataset\Hypodontia\(989).JPG,Hypodontia,5,0
C:\lab-hackathon\dataset\Calculus\(1163).jpg,Calculus,1,0
C:\lab-hackathon\dataset\Gingivitis\(576).jpg,Gingivitis,2,0
C:\lab-hackathon\dataset\Caries\augmented\caries_0_1061.jpeg,Caries,0,1
C:\lab-hackathon\dataset\Gingivitis\(2270).jpg,Gingivitis,2,0
C:\lab-hackathon\dataset\Tooth Discoloration\augmented\Tooth_Discoloration_0_7178.jpeg,Tooth Discoloration,3,1
C:\lab-hackathon\dataset\Hypodontia\(401).jpg,Hypodontia,5,0
C:\lab-hackathon\dataset\yolo_bbox\images\train\caries_0_98.jpeg,Caries,0,0
C:\lab-hackathon\dataset\Calculus\(736).jpg,Calculus,1,0
C:\lab-hackathon\dataset\yolo_bbox\images\train\209.jpg,Caries,0,0
C:\lab-hackathon\dataset\Gingivitis\(1765).jpg,Gingivitis,2,0
C:\lab-hackathon\dataset\Hypodontia\(1199).jpg,Hypodontia,5,0
C:\lab-hackathon\dataset\yolo_bbox\images\train\208.jpg,Caries,0,0
C:\lab-hackathon\dataset\Ulcers\augmented\Mouth_Ulcer_0_6573.jpeg,Ulcers,4,1
C:\lab-hackathon\dataset\yolo_bbox\images\train\334.jpg,Ulcers,4,0
C:\lab-hackathon\dataset\Caries\original\182.jpg,Caries,0,0
C:\lab-hackathon\dataset\Ulcers\augmented\Mouth_Ulcer_0_1545.jpeg,Ulcers,4,1
C:\lab-hackathon\dataset\yolo_bbox\images\train\caries_0_19.jpeg,Caries,0,0
C:\lab-hackathon\dataset\Hypodontia\(1046).JPG,Hypodontia,5,0
C:\lab-hackathon\dataset\Caries\augmented\caries_0_9321.jpeg,Caries,0,1
C:\lab-hackathon\dataset\Gingivitis\(1282).jpg,Gingivitis,2,0
C:\lab-hackathon\dataset\Hypodontia\(444).JPG,Hypodontia,5,0
C:\lab-hackathon\dataset\Ulcers\augmented\Mouth_Ulcer_0_5167.jpeg,Ulcers,4,1
C:\lab-hackathon\dataset\yolo_bbox\images\train\(209).jpg,Gingivitis,2,0
C:\lab-hackathon\dataset\yolo_bbox\images\train\caries_0_118.jpeg,Caries,0,0
C:\lab-hackathon\dataset\Tooth Discoloration\augmented\Tooth_Discoloration_0_5136.jpeg,Tooth Discoloration,3,1
C:\lab-hackathon\dataset\yolo_bbox\images\train\481.jpg,Tooth Discoloration,3,0
C:\lab-hackathon\dataset\Calculus\(1017).jpg,Calculus,1,0
C:\lab-hackathon\dataset\Tooth Discoloration\augmented\Tooth_Discoloration_0_8855.jpeg,Tooth Discoloration,3,1
C:\lab-hackathon\dataset\Gingivitis\(1407).jpg,Gingivitis,2,0
C:\lab-hackathon\dataset\Hypodontia\(342).JPG,Hypodontia,5,0
C:\lab-hackathon\dataset\yolo_bbox\images\train\caries_0_3598.jpeg,Caries,0,0
C:\lab-hackathon\dataset\Hypodontia\(125).jpg,Hypodontia,5,0
C:\lab-hackathon\dataset\Caries\augmented\caries_0_8283.jpeg,Caries,0,1
C:\lab-hackathon\dataset\Gingivitis\(2022).jpg,Gingivitis,2,0
C:\lab-hackathon\dataset\Hypodontia\(389).jpg,Hypodontia,5,0
C:\lab-hackathon\dataset\Calculus\(950).jpg,Calculus,1,0
C:\lab-hackathon\dataset\yolo_bbox\images\train\caries_0_209.jpeg,Ulcers,4,0
C:\lab-hackathon\dataset\Hypodontia\(254).JPG,Hypodontia,5,0
C:\lab-hackathon\dataset\Gingivitis\(2003).jpg,Gingivitis,2,0
C:\lab-hackathon\dataset\Caries\original\121.jpg,Caries,0,0
C:\lab-hackathon\dataset\Hypodontia\(797).jpg,Hypodontia,5,0
C:\lab-hackathon\dataset\yolo_bbox\images\train\230.jpg,Ulcers,4,0
C:\lab-hackathon\dataset\Gingivitis\(2244).jpg,Gingivitis,2,0
C:\lab-hackathon\dataset\Ulcers\augmented\Mouth_Ulcer_0_1383.jpeg,Ulcers,4,1
C:\lab-hackathon\dataset\yolo_bbox\images\train\caries_0_4194.jpeg,Ulcers,4,0
C:\lab-hackathon\dataset\Calculus\(1195).jpg,Calculus,1,0
C:\lab-hackathon\dataset\Caries\augmented\caries_0_4426.jpeg,Caries,0,1
C:\lab-hackathon\dataset\Ulcers\original\220.jpg,Ulcers,4,0
C:\lab-hackathon\dataset\yolo_bbox\images\train\caries_0_4272.jpeg,Caries,0,0
C:\lab-hackathon\dataset\yolo_bbox\images\train\118.jpg,Caries,0,0
C:\lab-hackathon\dataset\Calculus\(883).jpg,Calculus,1,0
C:\lab-hackathon\dataset\Hypodontia\(318).JPG,Hypodontia,5,0
C:\lab-hackathon\dataset\yolo_bbox\images\train\575.jpg,Tooth Discoloration,3,0
C:\lab-hackathon\dataset\yolo_bbox\images\train\145.jpg,Caries,0,0
C:\lab-hackathon\dataset\yolo_bbox\images\train\(193).jpg,Gingivitis,2,0
C:\lab-hackathon\dataset\Calculus\(136).jpg,Calculus,1,0
C:\lab-hackathon\dataset\Gingivitis\(705).jpg,Gingivitis,2,0
C:\lab-hackathon\dataset\Gingivitis\(39).jpg,Gingivitis,2,0
C:\lab-hackathon\dataset\Gingivitis\(120).jpg,Gingivitis,2,0
C:\lab-hackathon\dataset\Calculus\(1046).jpg,Calculus,1,0
C:\lab-hackathon\dataset\Ulcers\augmented\Mouth_Ulcer_0_3416.jpeg,Ulcers,4,1
C:\lab-hackathon\dataset\Hypodontia\(766).JPG,Hypodontia,5,0
C:\lab-hackathon\dataset\Gingivitis\(879).jpg,Gingivitis,2,0
C:\lab-hackathon\dataset\Gingivitis\(418).jpg,Gingivitis,2,0
C:\lab-hackathon\dataset\Caries\augmented\caries_0_4968.jpeg,Caries,0,1
C:\lab-hackathon\dataset\Calculus\(393).jpg,Calculus,1,0
C:\lab-hackathon\dataset\Gingivitis\(765).jpg,Gingivitis,2,0
C:\lab-hackathon\dataset\Caries\augmented\caries_0_1359.jpeg,Caries,0,1
C:\lab-hackathon\dataset\Tooth Discoloration\augmented\Tooth_Discoloration_0_946.jpeg,Tooth Discoloration,3,1
C:\lab-hackathon\dataset\Gingivitis\(1977).jpg,Gingivitis,2,0
C:\lab-hackathon\dataset\Hypodontia\(557).JPG,Hypodontia,5,0
C:\lab-hackathon\dataset\yolo_bbox\images\train\caries_0_304.jpeg,Caries,0,0
C:\lab-hackathon\dataset\Ulcers\augmented\Mouth_Ulcer_0_1703.jpeg,Ulcers,4,1
C:\lab-hackathon\dataset\Hypodontia\(1043).jpg,Hypodontia,5,0
C:\lab-hackathon\dataset\Calculus\(1173).jpg,Calculus,1,0
C:\lab-hackathon\dataset\yolo_bbox\images\train\98.jpg,Caries,0,0
C:\lab-hackathon\dataset\Caries\original\203.jpg,Caries,0,0
C:\lab-hackathon\dataset\yolo_bbox\images\train\caries_0_3648.jpeg,Caries,0,0
C:\lab-hackathon\dataset\yolo_bbox\images\train\caries_0_348.jpeg,Caries,0,0
C:\lab-hackathon\dataset\yolo_bbox\images\train\80.jpg,Caries,0,0
C:\lab-hackathon\dataset\Gingivitis\(2285).jpg,Gingivitis,2,0
C:\lab-hackathon\dataset\Ulcers\augmented\Mouth_Ulcer_0_4465.jpeg,Ulcers,4,1
C:\lab-hackathon\dataset\yolo_bbox\images\train\caries_0_5138.jpeg,Caries,0,0
C:\lab-hackathon\dataset\Gingivitis\(1323).jpg,Gingivitis,2,0
C:\lab-hackathon\dataset\Ulcers\augmented\Mouth_Ulcer_0_678.jpeg,Ulcers,4,1
C:\lab-hackathon\dataset\Calculus\(388).jpg,Calculus,1,0
C:\lab-hackathon\dataset\Ulcers\augmented\Mouth_Ulcer_0_3760.jpeg,Ulcers,4,1
C:\lab-hackathon\dataset\Ulcers\augmented\Mouth_Ulcer_0_8589.jpeg,Ulcers,4,1
C:\lab-hackathon\dataset\Caries\original\141.jpg,Caries,0,0
C:\lab-hackathon\dataset\yolo_bbox\images\train\caries_0_5060.jpeg,Caries,0,0
C:\lab-hackathon\dataset\Caries\augmented\caries_0_763.jpeg,Caries,0,1
C:\lab-hackathon\dataset\yolo_bbox\images\train\104.jpg,Caries,0,0
C:\lab-hackathon\dataset\Gingivitis\(934).jpg,Gingivitis,2,0
C:\lab-hackathon\dataset\Caries\augmented\caries_0_2480.jpeg,Caries,0,1
C:\lab-hackathon\dataset\Calculus\(904).jpg,Calculus,1,0
C:\lab-hackathon\dataset\Gingivitis\(2305).jpg,Gingivitis,2,0
C:\lab-hackathon\dataset\Caries\augmented\caries_0_3652.jpeg,Caries,0,1
C:\lab-hackathon\dataset\Gingivitis\(115).jpg,Gingivitis,2,0
C:\lab-hackathon\dataset\Tooth Discoloration\augmented\Tooth_Discoloration_0_9368.jpeg,Tooth Discoloration,3,1
C:\lab-hackathon\dataset\Calculus\(1123).jpg,Calculus,1,0
C:\lab-hackathon\dataset\Gingivitis\(1120).jpg,Gingivitis,2,0
C:\lab-hackathon\dataset\Calculus\(142).jpg,Calculus,1,0
C:\lab-hackathon\dataset\Gingivitis\(1693).jpg,Gingivitis,2,0
C:\lab-hackathon\dataset\Tooth Discoloration\augmented\Tooth_Discoloration_0_1664.jpeg,Tooth Discoloration,3,1
C:\lab-hackathon\dataset\Ulcers\augmented\Mouth_Ulcer_0_3511.jpeg,Ulcers,4,1
C:\lab-hackathon\dataset\Gingivitis\(1646).jpg,Gingivitis,2,0
C:\lab-hackathon\dataset\yolo_bbox\images\train\593.jpg,Tooth Discoloration,3,0
C:\lab-hackathon\dataset\yolo_bbox\images\train\caries_0_532.jpeg,Caries,0,0
C:\lab-hackathon\dataset\Gingivitis\(515).jpg,Gingivitis,2,0
C:\lab-hackathon\dataset\Hypodontia\(700).JPG,Hypodontia,5,0
C:\lab-hackathon\dataset\Hypodontia\(719).JPG,Hypodontia,5,0
C:\lab-hackathon\dataset\Gingivitis\(960).jpg,Gingivitis,2,0
C:\lab-hackathon\dataset\Caries\augmented\caries_0_2371.jpeg,Caries,0,1
C:\lab-hackathon\dataset\Caries\augmented\caries_0_2318.jpeg,Caries,0,1
C:\lab-hackathon\dataset\Hypodontia\(631).JPG,Hypodontia,5,0
C:\lab-hackathon\dataset\Gingivitis\(1792).jpg,Gingivitis,2,0
C:\lab-hackathon\dataset\Gingivitis\(268).jpg,Gingivitis,2,0
C:\lab-hackathon\dataset\yolo_bbox\images\train\caries_0_4320.jpeg,Caries,0,0
C:\lab-hackathon\dataset\Gingivitis\(1059).jpg,Gingivitis,2,0
C:\lab-hackathon\dataset\yolo_bbox\images\train\380.jpg,Ulcers,4,0
C:\lab-hackathon\dataset\Gingivitis\(1249).jpg,Gingivitis,2,0
C:\lab-hackathon\dataset\yolo_bbox\images\train\169.jpg,Caries,0,0
C:\lab-hackathon\dataset\Calculus\(117).jpg,Calculus,1,0
C:\lab-hackathon\dataset\Tooth Discoloration\original\42.jpg,Tooth Discoloration,3,0
C:\lab-hackathon\dataset\Calculus\(1245).jpg,Calculus,1,0
C:\lab-hackathon\dataset\yolo_bbox\images\train\caries_0_3910.jpeg,Caries,0,0
C:\lab-hackathon\dataset\Calculus\(137).jpg,Calculus,1,0
C:\lab-hackathon\dataset\Calculus\(850).jpg,Calculus,1,0
C:\lab-hackathon\dataset\Calculus\(302).jpg,Calculus,1,0
C:\lab-hackathon\dataset\yolo_bbox\images\train\313.jpg,Ulcers,4,0
C:\lab-hackathon\dataset\Gingivitis\(951).jpg,Gingivitis,2,0
C:\lab-hackathon\dataset\Ulcers\augmented\Mouth_Ulcer_0_9466.jpeg,Ulcers,4,1
C:\lab-hackathon\dataset\yolo_bbox\images\train\452.jpg,Ulcers,4,0
C:\lab-hackathon\dataset\Gingivitis\(138).jpg,Gingivitis,2,0
C:\lab-hackathon\dataset\yolo_bbox\images\train\234.jpg,Ulcers,4,0
C:\lab-hackathon\dataset\Tooth Discoloration\augmented\Tooth_Discoloration_0_1409.jpeg,Tooth Discoloration,3,1
C:\lab-hackathon\dataset\yolo_bbox\images\train\(54).jpg,Gingivitis,2,0
C:\lab-hackathon\dataset\Ulcers\augmented\Mouth_Ulcer_0_732.jpeg,Ulcers,4,1
C:\lab-hackathon\dataset\Tooth Discoloration\augmented\Tooth_Discoloration_0_4579.jpeg,Tooth Discoloration,3,1
C:\lab-hackathon\dataset\Gingivitis\(84).jpg,Gingivitis,2,0
C:\lab-hackathon\dataset\Caries\augmented\caries_0_9656.jpeg,Caries,0,1
C:\lab-hackathon\dataset\Ulcers\augmented\Mouth_Ulcer_0_7374.jpeg,Ulcers,4,1
C:\lab-hackathon\dataset\Ulcers\augmented\Mouth_Ulcer_0_3563.jpeg,Ulcers,4,1
C:\lab-hackathon\dataset\Tooth Discoloration\original\123.jpg,Tooth Discoloration,3,0
C:\lab-hackathon\dataset\Gingivitis\(154).jpg,Gingivitis,2,0
C:\lab-hackathon\dataset\Caries\augmented\caries_0_7225.jpeg,Caries,0,1
C:\lab-hackathon\dataset\Calculus\(77).jpg,Calculus,1,0
C:\lab-hackathon\dataset\Caries\augmented\caries_0_7099.jpeg,Caries,0,1
C:\lab-hackathon\dataset\Gingivitis\(636).jpg,Gingivitis,2,0
C:\lab-hackathon\dataset\Calculus\(513).jpg,Calculus,1,0
C:\lab-hackathon\dataset\Caries\augmented\caries_0_9643.jpeg,Caries,0,1
C:\lab-hackathon\dataset\Ulcers\augmented\Mouth_Ulcer_0_2733.jpeg,Ulcers,4,1
C:\lab-hackathon\dataset\Calculus\(443).jpg,Calculus,1,0
C:\lab-hackathon\dataset\Tooth Discoloration\augmented\Tooth_Discoloration_0_6842.jpeg,Tooth Discoloration,3,1
C:\lab-hackathon\dataset\Tooth Discoloration\augmented\Tooth_Discoloration_0_7470.jpeg,Tooth Discoloration,3,1
C:\lab-hackathon\dataset\Ulcers\augmented\Mouth_Ulcer_0_7873.jpeg,Ulcers,4,1
C:\lab-hackathon\dataset\Gingivitis\(1155).jpg,Gingivitis,2,0
C:\lab-hackathon\dataset\Tooth Discoloration\augmented\Tooth_Discoloration_0_9757.jpeg,Tooth Discoloration,3,1
C:\lab-hackathon\dataset\Ulcers\augmented\Mouth_Ulcer_0_1983.jpeg,Ulcers,4,1
C:\lab-hackathon\dataset\Gingivitis\(1410).jpg,Gingivitis,2,0
C:\lab-hackathon\dataset\yolo_bbox\images\train\170.jpg,Caries,0,0
C:\lab-hackathon\dataset\Ulcers\augmented\Mouth_Ulcer_0_5584.jpeg,Ulcers,4,1
C:\lab-hackathon\dataset\Ulcers\augmented\Mouth_Ulcer_0_1453.jpeg,Ulcers,4,1
C:\lab-hackathon\dataset\Calculus\(685).jpg,Calculus,1,0
C:\lab-hackathon\dataset\Gingivitis\(1445).jpg,Gingivitis,2,0
C:\lab-hackathon\dataset\Gingivitis\(984).jpg,Gingivitis,2,0
C:\lab-hackathon\dataset\Gingivitis\(892).jpg,Gingivitis,2,0
C:\lab-hackathon\dataset\Ulcers\augmented\Mouth_Ulcer_0_5331.jpeg,Ulcers,4,1
C:\lab-hackathon\dataset\Ulcers\original\34.jpg,Ulcers,4,0
C:\lab-hackathon\dataset\Hypodontia\(83).JPG,Hypodontia,5,0
C:\lab-hackathon\dataset\yolo_bbox\images\train\(208).jpg,Gingivitis,2,0
C:\lab-hackathon\dataset\Tooth Discoloration\augmented\Tooth_Discoloration_0_1838.jpeg,Tooth Discoloration,3,1
C:\lab-hackathon\dataset\Calculus\(642).jpg,Calculus,1,0
C:\lab-hackathon\dataset\Gingivitis\(432).jpg,Gingivitis,2,0
C:\lab-hackathon\dataset\yolo_bbox\images\train\(118).jpg,Gingivitis,2,0
C:\lab-hackathon\dataset\yolo_bbox\images\train\(15).jpg,Gingivitis,2,0
C:\lab-hackathon\dataset\Ulcers\augmented\Mouth_Ulcer_0_5879.jpeg,Ulcers,4,1
C:\lab-hackathon\dataset\yolo_bbox\images\train\(105).jpg,Gingivitis,2,0
C:\lab-hackathon\dataset\Tooth Discoloration\augmented\Tooth_Discoloration_0_1561.jpeg,Tooth Discoloration,3,1
C:\lab-hackathon\dataset\Hypodontia\(1208).JPG,Hypodontia,5,0
C:\lab-hackathon\dataset\Hypodontia\(482).JPG,Hypodontia,5,0
C:\lab-hackathon\dataset\Caries\original\100.jpg,Caries,0,0
C:\lab-hackathon\dataset\Ulcers\augmented\Mouth_Ulcer_0_4240.jpeg,Ulcers,4,1
C:\lab-hackathon\dataset\Tooth Discoloration\augmented\Tooth_Discoloration_0_1308.jpeg,Tooth Discoloration,3,1
C:\lab-hackathon\dataset\Calculus\(1290).jpg,Calculus,1,0
C:\lab-hackathon\dataset\Hypodontia\(413).jpg,Hypodontia,5,0
C:\lab-hackathon\dataset\Hypodontia\(508).JPG,Hypodontia,5,0
C:\lab-hackathon\dataset\Hypodontia\(889).JPG,Hypodontia,5,0
C:\lab-hackathon\dataset\yolo_bbox\images\train\68.jpg,Caries,0,0
C:\lab-hackathon\dataset\Hypodontia\(771).JPG,Hypodontia,5,0
C:\lab-hackathon\dataset\Calculus\(4).jpg,Calculus,1,0
C:\lab-hackathon\dataset\Calculus\(1032).jpg,Calculus,1,0
C:\lab-hackathon\dataset\Gingivitis\(2307).jpg,Gingivitis,2,0
C:\lab-hackathon\dataset\Gingivitis\(1186).jpg,Gingivitis,2,0
C:\lab-hackathon\dataset\yolo_bbox\images\train\459.jpg,Tooth Discoloration,3,0
C:\lab-hackathon\dataset\Calculus\(738).jpg,Calculus,1,0
C:\lab-hackathon\dataset\Gingivitis\(332).jpg,Gingivitis,2,0
C:\lab-hackathon\dataset\Hypodontia\(953).jpg,Hypodontia,5,0
C:\lab-hackathon\dataset\Gingivitis\(1619).jpg,Gingivitis,2,0
C:\lab-hackathon\dataset\Calculus\(1252).jpg,Calculus,1,0
C:\lab-hackathon\dataset\Gingivitis\(1971).jpg,Gingivitis,2,0
C:\lab-hackathon\dataset\Gingivitis\(1433).jpg,Gingivitis,2,0
C:\lab-hackathon\dataset\Ulcers\original\180.jpg,Ulcers,4,0
C:\lab-hackathon\dataset\Ulcers\original\52.jpg,Ulcers,4,0
C:\lab-hackathon\dataset\Caries\augmented\caries_0_2689.jpeg,Caries,0,1
C:\lab-hackathon\dataset\Ulcers\augmented\Mouth_Ulcer_0_9145.jpeg,Ulcers,4,1
C:\lab-hackathon\dataset\Ulcers\augmented\Mouth_Ulcer_0_6120.jpeg,Ulcers,4,1
C:\lab-hackathon\dataset\Tooth Discoloration\augmented\Tooth_Discoloration_0_5238.jpeg,Tooth Discoloration,3,1
C:\lab-hackathon\dataset\Calculus\(823).jpg,Calculus,1,0
C:\lab-hackathon\dataset\Hypodontia\(656).JPG,Hypodontia,5,0
C:\lab-hackathon\dataset\Gingivitis\(1003).jpg,Gingivitis,2,0
C:\lab-hackathon\dataset\Gingivitis\(1128).jpg,Gingivitis,2,0
C:\lab-hackathon\dataset\Gingivitis\(135).jpg,Gingivitis,2,0
C:\lab-hackathon\dataset\Caries\augmented\caries_0_5218.jpeg,Caries,0,1
C:\lab-hackathon\dataset\Calculus\(1210).jpg,Calculus,1,0
C:\lab-hackathon\dataset\Gingivitis\(1096).jpg,Gingivitis,2,0
C:\lab-hackathon\dataset\Tooth Discoloration\augmented\Tooth_Discoloration_0_8307.jpeg,Tooth Discoloration,3,1
C:\lab-hackathon\dataset\Hypodontia\(1210).jpg,Hypodontia,5,0
C:\lab-hackathon\dataset\Hypodontia\(402).jpg,Hypodontia,5,0
C:\lab-hackathon\dataset\Caries\augmented\caries_0_3853.jpeg,Caries,0,1
C:\lab-hackathon\dataset\Calculus\(230).jpg,Calculus,1,0
C:\lab-hackathon\dataset\Ulcers\augmented\Mouth_Ulcer_0_5757.jpeg,Ulcers,4,1
C:\lab-hackathon\dataset\Caries\original\209.jpg,Caries,0,0
C:\lab-hackathon\dataset\Ulcers\augmented\Mouth_Ulcer_0_1669.jpeg,Ulcers,4,1
C:\lab-hackathon\dataset\yolo_bbox\images\train\554.jpg,Tooth Discoloration,3,0
C:\lab-hackathon\dataset\Hypodontia\(338).JPG,Hypodontia,5,0
C:\lab-hackathon\dataset\Ulcers\augmented\Mouth_Ulcer_0_3478.jpeg,Ulcers,4,1
C:\lab-hackathon\dataset\Tooth Discoloration\original\78.jpg,Tooth Discoloration,3,0
C:\lab-hackathon\dataset\Ulcers\augmented\Mouth_Ulcer_0_1017.jpeg,Ulcers,4,1
C:\lab-hackathon\dataset\Calculus\(195).jpg,Calculus,1,0
C:\lab-hackathon\dataset\yolo_bbox\images\train\337.jpg,Ulcers,4,0
C:\lab-hackathon\dataset\Hypodontia\(471).JPG,Hypodontia,5,0
C:\lab-hackathon\dataset\Tooth Discoloration\augmented\Tooth_Discoloration_0_6045.jpeg,Tooth Discoloration,3,1
C:\lab-hackathon\dataset\Gingivitis\(1451).jpg,Gingivitis,2,0
C:\lab-hackathon\dataset\Caries\augmented\caries_0_8981.jpeg,Caries,0,1
C:\lab-hackathon\dataset\Hypodontia\(452).JPG,Hypodontia,5,0
C:\lab-hackathon\dataset\Caries\augmented\caries_0_7138.jpeg,Caries,0,1
C:\lab-hackathon\dataset\Caries\augmented\caries_0_9301.jpeg,Caries,0,1
C:\lab-hackathon\dataset\Ulcers\augmented\Mouth_Ulcer_0_8357.jpeg,Ulcers,4,1
C:\lab-hackathon\dataset\Hypodontia\(176).JPG,Hypodontia,5,0
C:\lab-hackathon\dataset\Calculus\(1160).jpg,Calculus,1,0
C:\lab-hackathon\dataset\yolo_bbox\images\train\357.jpg,Ulcers,4,0
C:\lab-hackathon\dataset\Calculus\(44).jpg,Calculus,1,0
C:\lab-hackathon\dataset\Caries\augmented\caries_0_2141.jpeg,Caries,0,1
C:\lab-hackathon\dataset\Tooth Discoloration\augmented\Tooth_Discoloration_0_1297.jpeg,Tooth Discoloration,3,1
C:\lab-hackathon\dataset\yolo_bbox\images\train\9.jpg,Caries,0,0
C:\lab-hackathon\dataset\Gingivitis\(2238).jpg,Gingivitis,2,0
C:\lab-hackathon\dataset\Tooth Discoloration\augmented\Tooth_Discoloration_0_7599.jpeg,Tooth Discoloration,3,1
C:\lab-hackathon\dataset\Gingivitis\(2331).jpg,Gingivitis,2,0
C:\lab-hackathon\dataset\Caries\augmented\caries_0_191.jpeg,Caries,0,1
C:\lab-hackathon\dataset\Gingivitis\(403).jpg,Gingivitis,2,0
C:\lab-hackathon\dataset\Ulcers\augmented\Mouth_Ulcer_0_3240.jpeg,Ulcers,4,1
C:\lab-hackathon\dataset\Gingivitis\(1537).jpg,Gingivitis,2,0
C:\lab-hackathon\dataset\Calculus\(1286).jpg,Calculus,1,0
C:\lab-hackathon\dataset\Caries\original\159.jpg,Caries,0,0
C:\lab-hackathon\dataset\Calculus\(974).jpg,Calculus,1,0
C:\lab-hackathon\dataset\Calculus\(1161).jpg,Calculus,1,0
C:\lab-hackathon\dataset\Ulcers\augmented\Mouth_Ulcer_0_6282.jpeg,Ulcers,4,1
C:\lab-hackathon\dataset\Hypodontia\(802).jpg,Hypodontia,5,0
C:\lab-hackathon\dataset\Gingivitis\(273).jpg,Gingivitis,2,0
C:\lab-hackathon\dataset\Tooth Discoloration\augmented\Tooth_Discoloration_0_2675.jpeg,Tooth Discoloration,3,1
C:\lab-hackathon\dataset\Ulcers\augmented\Mouth_Ulcer_0_4677.jpeg,Ulcers,4,1
C:\lab-hackathon\dataset\Hypodontia\(146).JPG,Hypodontia,5,0
C:\lab-hackathon\dataset\Caries\augmented\caries_0_4423.jpeg,Caries,0,1
C:\lab-hackathon\dataset\Gingivitis\(2327).jpg,Gingivitis,2,0
C:\lab-hackathon\dataset\Tooth Discoloration\augmented\Tooth_Discoloration_0_3343.jpeg,Tooth Discoloration,3,1
C:\lab-hackathon\dataset\yolo_bbox\images\train\352.jpg,Ulcers,4,0
C:\lab-hackathon\dataset\Calculus\(442).jpg,Calculus,1,0
C:\lab-hackathon\dataset\Tooth Discoloration\augmented\Tooth_Discoloration_0_250.jpeg,Tooth Discoloration,3,1
C:\lab-hackathon\dataset\Ulcers\augmented\Mouth_Ulcer_0_449.jpeg,Ulcers,4,1
C:\lab-hackathon\dataset\Ulcers\augmented\Mouth_Ulcer_0_7500.jpeg,Ulcers,4,1
C:\lab-hackathon\dataset\Gingivitis\(2111).jpg,Gingivitis,2,0
C:\lab-hackathon\dataset\Hypodontia\(360).JPG,Hypodontia,5,0
C:\lab-hackathon\dataset\Ulcers\original\114.jpg,Ulcers,4,0
C:\lab-hackathon\dataset\Ulcers\augmented\Mouth_Ulcer_0_6602.jpeg,Ulcers,4,1
C:\lab-hackathon\dataset\Tooth Discoloration\augmented\Tooth_Discoloration_0_7656.jpeg,Tooth Discoloration,3,1
C:\lab-hackathon\dataset\Gingivitis\(2234).jpg,Gingivitis,2,0
C:\lab-hackathon\dataset\Ulcers\augmented\Mouth_Ulcer_0_7147.jpeg,Ulcers,4,1
C:\lab-hackathon\dataset\Hypodontia\(611).JPG,Hypodontia,5,0
C:\lab-hackathon\dataset\Calculus\(476).jpg,Calculus,1,0
C:\lab-hackathon\dataset\Hypodontia\(902).JPG,Hypodontia,5,0
C:\lab-hackathon\dataset\Calculus\(128).jpg,Calculus,1,0
C:\lab-hackathon\dataset\Caries\augmented\caries_0_2230.jpeg,Caries,0,1
C:\lab-hackathon\dataset\Calculus\(2).jpg,Calculus,1,0
C:\lab-hackathon\dataset\Gingivitis\(1340).jpg,Gingivitis,2,0
C:\lab-hackathon\dataset\yolo_bbox\images\train\143.jpg,Caries,0,0
C:\lab-hackathon\dataset\Calculus\(1103).jpg,Calculus,1,0
C:\lab-hackathon\dataset\Caries\original\169.jpg,Caries,0,0
C:\lab-hackathon\dataset\yolo_bbox\images\train\(207).jpg,Gingivitis,2,0
C:\lab-hackathon\dataset\Hypodontia\(364).JPG,Hypodontia,5,0
C:\lab-hackathon\dataset\Ulcers\augmented\Mouth_Ulcer_0_7489.jpeg,Ulcers,4,1
C:\lab-hackathon\dataset\Tooth Discoloration\augmented\Tooth_Discoloration_0_9255.jpeg,Tooth Discoloration,3,1
C:\lab-hackathon\dataset\Gingivitis\(2107).jpg,Gingivitis,2,0
C:\lab-hackathon\dataset\Calculus\(1287).jpg,Calculus,1,0
C:\lab-hackathon\dataset\Tooth Discoloration\augmented\Tooth_Discoloration_0_2950.jpeg,Tooth Discoloration,3,1
C:\lab-hackathon\dataset\Gingivitis\(263).jpg,Gingivitis,2,0
C:\lab-hackathon\dataset\Hypodontia\(581).JPG,Hypodontia,5,0
C:\lab-hackathon\dataset\Gingivitis\(811).jpg,Gingivitis,2,0
C:\lab-hackathon\dataset\Hypodontia\(52).JPG,Hypodontia,5,0
C:\lab-hackathon\dataset\Caries\original\95.jpg,Caries,0,0
C:\lab-hackathon\dataset\Caries\augmented\caries_0_8686.jpeg,Caries,0,1
C:\lab-hackathon\dataset\Gingivitis\(895).jpg,Gingivitis,2,0
C:\lab-hackathon\dataset\yolo_bbox\images\train\487.jpg,Tooth Discoloration,3,0
C:\lab-hackathon\dataset\Gingivitis\(105).jpg,Gingivitis,2,0
C:\lab-hackathon\dataset\yolo_bbox\images\train\caries_0_4914.jpeg,Caries,0,0
C:\lab-hackathon\dataset\yolo_bbox\images\train\caries_0_3414.jpeg,Caries,0,0
C:\lab-hackathon\dataset\Ulcers\augmented\Mouth_Ulcer_0_8425.jpeg,Ulcers,4,1
C:\lab-hackathon\dataset\Calculus\(582).jpg,Calculus,1,0
C:\lab-hackathon\dataset\Calculus\(247).jpg,Calculus,1,0
C:\lab-hackathon\dataset\Hypodontia\(1010).JPG,Hypodontia,5,0
C:\lab-hackathon\dataset\Ulcers\augmented\Mouth_Ulcer_0_5617.jpeg,Ulcers,4,1
C:\lab-hackathon\dataset\Gingivitis\(1831).jpg,Gingivitis,2,0
C:\lab-hackathon\dataset\Hypodontia\(466).JPG,Hypodontia,5,0
C:\lab-hackathon\dataset\Ulcers\augmented\Mouth_Ulcer_0_2624.jpeg,Ulcers,4,1
C:\lab-hackathon\dataset\Caries\augmented\caries_0_1293.jpeg,Caries,0,1
C:\lab-hackathon\dataset\yolo_bbox\images\train\caries_0_4391.jpeg,Caries,0,0
C:\lab-hackathon\dataset\Calculus\(123).jpg,Calculus,1,0
C:\lab-hackathon\dataset\Gingivitis\(69).jpg,Gingivitis,2,0
C:\lab-hackathon\dataset\Tooth Discoloration\augmented\Tooth_Discoloration_0_7149.jpeg,Tooth Discoloration,3,1
C:\lab-hackathon\dataset\yolo_bbox\images\train\caries_0_3639.jpeg,Caries,0,0
C:\lab-hackathon\dataset\Calculus\(1147).jpg,Calculus,1,0
C:\lab-hackathon\dataset\Hypodontia\(636).JPG,Hypodontia,5,0
C:\lab-hackathon\dataset\Ulcers\augmented\Mouth_Ulcer_0_1693.jpeg,Ulcers,4,1
C:\lab-hackathon\dataset\Caries\augmented\caries_0_1877.jpeg,Caries,0,1
C:\lab-hackathon\dataset\yolo_bbox\images\train\caries_0_3329.jpeg,Caries,0,0
C:\lab-hackathon\dataset\Hypodontia\(387).jpg,Hypodontia,5,0
C:\lab-hackathon\dataset\Caries\original\80.jpg,Caries,0,0
C:\lab-hackathon\dataset\Calculus\(341).jpg,Calculus,1,0
C:\lab-hackathon\dataset\Gingivitis\(347).jpg,Gingivitis,2,0
C:\lab-hackathon\dataset\Hypodontia\(175).JPG,Hypodontia,5,0
C:\lab-hackathon\dataset\Gingivitis\(178).jpg,Gingivitis,2,0
C:\lab-hackathon\dataset\Calculus\(1217).jpg,Calculus,1,0
C:\lab-hackathon\dataset\yolo_bbox\images\train\329.jpg,Ulcers,4,0
C:\lab-hackathon\dataset\Hypodontia\(622).JPG,Hypodontia,5,0
C:\lab-hackathon\dataset\Gingivitis\(2186).jpg,Gingivitis,2,0
C:\lab-hackathon\dataset\Gingivitis\(261).jpg,Gingivitis,2,0
C:\lab-hackathon\dataset\Hypodontia\(1119).JPG,Hypodontia,5,0
C:\lab-hackathon\dataset\Ulcers\original\226.jpg,Ulcers,4,0
C:\lab-hackathon\dataset\Calculus\(927).jpg,Calculus,1,0
C:\lab-hackathon\dataset\Tooth Discoloration\augmented\Tooth_Discoloration_0_5005.jpeg,Tooth Discoloration,3,1
C:\lab-hackathon\dataset\Ulcers\augmented\Mouth_Ulcer_0_2375.jpeg,Ulcers,4,1
C:\lab-hackathon\dataset\Hypodontia\(1106).jpg,Hypodontia,5,0
C:\lab-hackathon\dataset\Calculus\(945).jpg,Calculus,1,0
C:\lab-hackathon\dataset\Calculus\(12).jpg,Calculus,1,0
C:\lab-hackathon\dataset\Calculus\(926).jpg,Calculus,1,0
C:\lab-hackathon\dataset\Calculus\(891).jpg,Calculus,1,0
C:\lab-hackathon\dataset\Ulcers\augmented\Mouth_Ulcer_0_7073.jpeg,Ulcers,4,1
C:\lab-hackathon\dataset\Caries\original\138.jpg,Caries,0,0
C:\lab-hackathon\dataset\Hypodontia\(226).jpg,Hypodontia,5,0
C:\lab-hackathon\dataset\Hypodontia\(1006).JPG,Hypodontia,5,0
C:\lab-hackathon\dataset\Calculus\(98).jpg,Calculus,1,0
C:\lab-hackathon\dataset\Ulcers\augmented\Mouth_Ulcer_0_194.jpeg,Ulcers,4,1
C:\lab-hackathon\dataset\Tooth Discoloration\augmented\Tooth_Discoloration_0_3876.jpeg,Tooth Discoloration,3,1
C:\lab-hackathon\dataset\Tooth Discoloration\augmented\Tooth_Discoloration_0_3116.jpeg,Tooth Discoloration,3,1
C:\lab-hackathon\dataset\Gingivitis\(1585).jpg,Gingivitis,2,0
C:\lab-hackathon\dataset\Calculus\(697).jpg,Calculus,1,0
C:\lab-hackathon\dataset\Gingivitis\(886).jpg,Gingivitis,2,0
C:\lab-hackathon\dataset\Gingivitis\(821).jpg,Gingivitis,2,0
C:\lab-hackathon\dataset\Gingivitis\(1452).jpg,Gingivitis,2,0
C:\lab-hackathon\dataset\Calculus\(514).jpg,Calculus,1,0
C:\lab-hackathon\dataset\Tooth Discoloration\augmented\Tooth_Discoloration_0_1097.jpeg,Tooth Discoloration,3,1
C:\lab-hackathon\dataset\Hypodontia\(668).jpg,Hypodontia,5,0
C:\lab-hackathon\dataset\Ulcers\original\77.jpg,Ulcers,4,0
C:\lab-hackathon\dataset\Calculus\(972).jpg,Calculus,1,0
C:\lab-hackathon\dataset\Gingivitis\(586).jpg,Gingivitis,2,0
C:\lab-hackathon\dataset\Tooth Discoloration\augmented\Tooth_Discoloration_0_5468.jpeg,Tooth Discoloration,3,1
C:\lab-hackathon\dataset\Hypodontia\(1214).jpg,Hypodontia,5,0
C:\lab-hackathon\dataset\Gingivitis\(90).jpg,Gingivitis,2,0
C:\lab-hackathon\dataset\Caries\augmented\caries_0_1527.jpeg,Caries,0,1
C:\lab-hackathon\dataset\Ulcers\augmented\Mouth_Ulcer_0_3391.jpeg,Ulcers,4,1
C:\lab-hackathon\dataset\Caries\augmented\caries_0_2600.jpeg,Caries,0,1
C:\lab-hackathon\dataset\yolo_bbox\images\train\306.jpg,Ulcers,4,0
C:\lab-hackathon\dataset\yolo_bbox\images\train\caries_0_4508.jpeg,Caries,0,0
C:\lab-hackathon\dataset\Calculus\(1192).jpg,Calculus,1,0
C:\lab-hackathon\dataset\yolo_bbox\images\train\caries_0_3741.jpeg,Caries,0,0
C:\lab-hackathon\dataset\Ulcers\augmented\Mouth_Ulcer_0_2056.jpeg,Ulcers,4,1
C:\lab-hackathon\dataset\Ulcers\original\160.jpg,Ulcers,4,0
C:\lab-hackathon\dataset\Caries\augmented\caries_0_459.jpeg,Caries,0,1
C:\lab-hackathon\dataset\Calculus\(669).jpg,Calculus,1,0
C:\lab-hackathon\dataset\Hypodontia\(1045).JPG,Hypodontia,5,0
C:\lab-hackathon\dataset\yolo_bbox\images\train\caries_0_3545.jpeg,Caries,0,0
C:\lab-hackathon\dataset\Ulcers\augmented\Mouth_Ulcer_0_2130.jpeg,Ulcers,4,1
C:\lab-hackathon\dataset\yolo_bbox\images\train\caries_0_337.jpeg,Caries,0,0
C:\lab-hackathon\dataset\Gingivitis\(1129).jpg,Gingivitis,2,0
C:\lab-hackathon\dataset\Gingivitis\(355).jpg,Gingivitis,2,0
C:\lab-hackathon\dataset\Calculus\(420).jpg,Calculus,1,0
C:\lab-hackathon\dataset\yolo_bbox\images\train\115.jpg,Caries,0,0
C:\lab-hackathon\dataset\Tooth Discoloration\augmented\Tooth_Discoloration_0_4641.jpeg,Tooth Discoloration,3,1
C:\lab-hackathon\dataset\Caries\augmented\caries_0_7851.jpeg,Caries,0,1
C:\lab-hackathon\dataset\yolo_bbox\images\train\504.jpg,Tooth Discoloration,3,0
C:\lab-hackathon\dataset\Gingivitis\(2068).jpg,Gingivitis,2,0
C:\lab-hackathon\dataset\Ulcers\augmented\Mouth_Ulcer_0_7288.jpeg,Ulcers,4,1
C:\lab-hackathon\dataset\yolo_bbox\images\train\(148).jpg,Gingivitis,2,0
C:\lab-hackathon\dataset\Hypodontia\(676).JPG,Hypodontia,5,0
C:\lab-hackathon\dataset\Ulcers\augmented\Mouth_Ulcer_0_2292.jpeg,Ulcers,4,1
C:\lab-hackathon\dataset\Ulcers\augmented\Mouth_Ulcer_0_9092.jpeg,Ulcers,4,1
C:\lab-hackathon\dataset\yolo_bbox\images\train\caries_0_4876.jpeg,Caries,0,0
C:\lab-hackathon\dataset\yolo_bbox\images\train\617.jpg,Tooth Discoloration,3,0
C:\lab-hackathon\dataset\Gingivitis\(891).jpg,Gingivitis,2,0
C:\lab-hackathon\dataset\Calculus\(1018).jpg,Calculus,1,0
C:\lab-hackathon\dataset\Gingivitis\(14).jpg,Gingivitis,2,0
C:\lab-hackathon\dataset\Ulcers\augmented\Mouth_Ulcer_0_517.jpeg,Ulcers,4,1
C:\lab-hackathon\dataset\Ulcers\augmented\Mouth_Ulcer_0_1323.jpeg,Ulcers,4,1
C:\lab-hackathon\dataset\Caries\augmented\caries_0_4158.jpeg,Caries,0,1
C:\lab-hackathon\dataset\Gingivitis\(344).jpg,Gingivitis,2,0
C:\lab-hackathon\dataset\Ulcers\augmented\Mouth_Ulcer_0_5225.jpeg,Ulcers,4,1
C:\lab-hackathon\dataset\Calculus\(1042).jpg,Calculus,1,0
C:\lab-hackathon\dataset\Tooth Discoloration\augmented\Tooth_Discoloration_0_1002.jpeg,Tooth Discoloration,3,1
C:\lab-hackathon\dataset\yolo_bbox\images\train\317.jpg,Ulcers,4,0
C:\lab-hackathon\dataset\yolo_bbox\images\train\612.jpg,Tooth Discoloration,3,0
C:\lab-hackathon\dataset\Tooth Discoloration\original\102.jpg,Tooth Discoloration,3,0
C:\lab-hackathon\dataset\Calculus\(384).jpg,Calculus,1,0
C:\lab-hackathon\dataset\yolo_bbox\images\train\404.jpg,Ulcers,4,0
C:\lab-hackathon\dataset\Calculus\(580).jpg,Calculus,1,0
C:\lab-hackathon\dataset\Tooth Discoloration\augmented\Tooth_Discoloration_0_9217.jpeg,Tooth Discoloration,3,1
C:\lab-hackathon\dataset\yolo_bbox\images\train\385.jpg,Ulcers,4,0
C:\lab-hackathon\dataset\Ulcers\original\93.jpg,Ulcers,4,0
C:\lab-hackathon\dataset\Calculus\(201).jpg,Calculus,1,0
C:\lab-hackathon\dataset\Hypodontia\(774).JPG,Hypodontia,5,0
C:\lab-hackathon\dataset\Ulcers\augmented\Mouth_Ulcer_0_9151.jpeg,Ulcers,4,1
C:\lab-hackathon\dataset\Tooth Discoloration\augmented\Tooth_Discoloration_0_1743.jpeg,Tooth Discoloration,3,1
C:\lab-hackathon\dataset\Ulcers\augmented\Mouth_Ulcer_0_453.jpeg,Ulcers,4,1
C:\lab-hackathon\dataset\Ulcers\augmented\Mouth_Ulcer_0_8141.jpeg,Ulcers,4,1
C:\lab-hackathon\dataset\Ulcers\augmented\Mouth_Ulcer_0_1269.jpeg,Ulcers,4,1
C:\lab-hackathon\dataset\Caries\augmented\caries_0_49.jpeg,Caries,0,1
C:\lab-hackathon\dataset\Caries\augmented\caries_0_538.jpeg,Caries,0,1
C:\lab-hackathon\dataset\Ulcers\augmented\Mouth_Ulcer_0_7229.jpeg,Ulcers,4,1
C:\lab-hackathon\dataset\Gingivitis\(2005).jpg,Gingivitis,2,0
C:\lab-hackathon\dataset\Gingivitis\(478).jpg,Gingivitis,2,0
C:\lab-hackathon\dataset\Gingivitis\(1421).jpg,Gingivitis,2,0
C:\lab-hackathon\dataset\Hypodontia\(1209).JPG,Hypodontia,5,0
C:\lab-hackathon\dataset\Calculus\(818).jpg,Calculus,1,0
C:\lab-hackathon\dataset\yolo_bbox\images\train\caries_0_104.jpeg,Caries,0,0
C:\lab-hackathon\dataset\Hypodontia\(1003).JPG,Hypodontia,5,0
C:\lab-hackathon\dataset\Tooth Discoloration\augmented\Tooth_Discoloration_0_2448.jpeg,Tooth Discoloration,3,1
C:\lab-hackathon\dataset\Calculus\(1231).jpg,Calculus,1,0
C:\lab-hackathon\dataset\Hypodontia\(859).JPG,Hypodontia,5,0
C:\lab-hackathon\dataset\yolo_bbox\images\train\285.jpg,Ulcers,4,0
C:\lab-hackathon\dataset\Gingivitis\(2098).jpg,Gingivitis,2,0
C:\lab-hackathon\dataset\Ulcers\original\135.jpg,Ulcers,4,0
C:\lab-hackathon\dataset\Caries\augmented\caries_0_1433.jpeg,Caries,0,1
C:\lab-hackathon\dataset\Caries\augmented\caries_0_5068.jpeg,Caries,0,1
C:\lab-hackathon\dataset\yolo_bbox\images\train\caries_0_404.jpeg,Caries,0,0
C:\lab-hackathon\dataset\Caries\original\35.jpg,Caries,0,0
C:\lab-hackathon\dataset\Caries\augmented\caries_0_5873.jpeg,Caries,0,1
C:\lab-hackathon\dataset\Gingivitis\(446).jpg,Gingivitis,2,0
C:\lab-hackathon\dataset\Gingivitis\(431).jpg,Gingivitis,2,0
C:\lab-hackathon\dataset\Gingivitis\(16).jpg,Gingivitis,2,0
C:\lab-hackathon\dataset\Tooth Discoloration\augmented\Tooth_Discoloration_0_8508.jpeg,Tooth Discoloration,3,1
C:\lab-hackathon\dataset\Ulcers\augmented\Mouth_Ulcer_0_928.jpeg,Ulcers,4,1
C:\lab-hackathon\dataset\Tooth Discoloration\augmented\Tooth_Discoloration_0_5508.jpeg,Tooth Discoloration,3,1
C:\lab-hackathon\dataset\Gingivitis\(2047).jpg,Gingivitis,2,0
C:\lab-hackathon\dataset\Ulcers\augmented\Mouth_Ulcer_0_7672.jpeg,Ulcers,4,1
C:\lab-hackathon\dataset\Hypodontia\(494).JPG,Hypodontia,5,0
C:\lab-hackathon\dataset\Caries\augmented\caries_0_259.jpeg,Caries,0,1
C:\lab-hackathon\dataset\Hypodontia\(167).JPG,Hypodontia,5,0
C:\lab-hackathon\dataset\yolo_bbox\images\train\caries_0_3430.jpeg,Caries,0,0
C:\lab-hackathon\dataset\Ulcers\original\55.jpg,Ulcers,4,0
C:\lab-hackathon\dataset\Hypodontia\(566).JPG,Hypodontia,5,0
C:\lab-hackathon\dataset\Hypodontia\(764).jpg,Hypodontia,5,0
C:\lab-hackathon\dataset\Caries\augmented\caries_0_8600.jpeg,Caries,0,1
C:\lab-hackathon\dataset\Gingivitis\(1602).jpg,Gingivitis,2,0
C:\lab-hackathon\dataset\Tooth Discoloration\augmented\Tooth_Discoloration_0_6721.jpeg,Tooth Discoloration,3,1
C:\lab-hackathon\dataset\Gingivitis\(1981).jpg,Gingivitis,2,0
C:\lab-hackathon\dataset\Gingivitis\(1381).jpg,Gingivitis,2,0
C:\lab-hackathon\dataset\Tooth Discoloration\augmented\Tooth_Discoloration_0_2657.jpeg,Tooth Discoloration,3,1
C:\lab-hackathon\dataset\Ulcers\augmented\Mouth_Ulcer_0_8991.jpeg,Ulcers,4,1
C:\lab-hackathon\dataset\Gingivitis\(1658).jpg,Gingivitis,2,0
C:\lab-hackathon\dataset\Tooth Discoloration\augmented\Tooth_Discoloration_0_8328.jpeg,Tooth Discoloration,3,1
C:\lab-hackathon\dataset\Caries\augmented\caries_0_6704.jpeg,Caries,0,1
C:\lab-hackathon\dataset\Gingivitis\(816).jpg,Gingivitis,2,0
C:\lab-hackathon\dataset\Caries\augmented\caries_0_2497.jpeg,Caries,0,1
C:\lab-hackathon\dataset\Tooth Discoloration\augmented\Tooth_Discoloration_0_5531.jpeg,Tooth Discoloration,3,1
C:\lab-hackathon\dataset\Ulcers\augmented\Mouth_Ulcer_0_7220.jpeg,Ulcers,4,1
C:\lab-hackathon\dataset\Gingivitis\(673).jpg,Gingivitis,2,0
C:\lab-hackathon\dataset\Ulcers\augmented\Mouth_Ulcer_0_8233.jpeg,Ulcers,4,1
C:\lab-hackathon\dataset\Ulcers\augmented\Mouth_Ulcer_0_6626.jpeg,Ulcers,4,1
C:\lab-hackathon\dataset\Tooth Discoloration\augmented\Tooth_Discoloration_0_4719.jpeg,Tooth Discoloration,3,1
C:\lab-hackathon\dataset\Caries\augmented\caries_0_6140.jpeg,Caries,0,1
C:\lab-hackathon\dataset\Hypodontia\(1041).JPG,Hypodontia,5,0
C:\lab-hackathon\dataset\Tooth Discoloration\augmented\Tooth_Discoloration_0_3022.jpeg,Tooth Discoloration,3,1
C:\lab-hackathon\dataset\Ulcers\augmented\Mouth_Ulcer_0_4896.jpeg,Ulcers,4,1
C:\lab-hackathon\dataset\Caries\augmented\caries_0_5065.jpeg,Caries,0,1
C:\lab-hackathon\dataset\Tooth Discoloration\augmented\Tooth_Discoloration_0_2045.jpeg,Tooth Discoloration,3,1
C:\lab-hackathon\dataset\Hypodontia\(1058).jpg,Hypodontia,5,0
C:\lab-hackathon\dataset\Tooth Discoloration\augmented\Tooth_Discoloration_0_7127.jpeg,Tooth Discoloration,3,1
C:\lab-hackathon\dataset\Calculus\(62).jpg,Calculus,1,0
C:\lab-hackathon\dataset\Ulcers\augmented\Mouth_Ulcer_0_8053.jpeg,Ulcers,4,1
C:\lab-hackathon\dataset\Calculus\(204).jpg,Calculus,1,0
C:\lab-hackathon\dataset\yolo_bbox\images\train\caries_0_4730.jpeg,Caries,0,0
C:\lab-hackathon\dataset\Tooth Discoloration\augmented\Tooth_Discoloration_0_6783.jpeg,Tooth Discoloration,3,1
C:\lab-hackathon\dataset\yolo_bbox\images\train\520.jpg,Tooth Discoloration,3,0
C:\lab-hackathon\dataset\Hypodontia\(1000).JPG,Hypodontia,5,0
C:\lab-hackathon\dataset\Tooth Discoloration\original\45.jpg,Tooth Discoloration,3,0
C:\lab-hackathon\dataset\Gingivitis\(857).jpg,Gingivitis,2,0
C:\lab-hackathon\dataset\Ulcers\augmented\Mouth_Ulcer_0_2692.jpeg,Ulcers,4,1
C:\lab-hackathon\dataset\Ulcers\augmented\Mouth_Ulcer_0_5402.jpeg,Ulcers,4,1
C:\lab-hackathon\dataset\Gingivitis\(259).jpg,Gingivitis,2,0
C:\lab-hackathon\dataset\yolo_bbox\images\train\348.jpg,Ulcers,4,0
C:\lab-hackathon\dataset\Caries\augmented\caries_0_3624.jpeg,Caries,0,1
C:\lab-hackathon\dataset\Calculus\(191).jpg,Calculus,1,0
C:\lab-hackathon\dataset\yolo_bbox\images\train\caries_0_192.jpeg,Caries,0,0
C:\lab-hackathon\dataset\yolo_bbox\images\train\caries_0_4354.jpeg,Caries,0,0
C:\lab-hackathon\dataset\Hypodontia\(1197).jpg,Hypodontia,5,0
C:\lab-hackathon\dataset\Calculus\(735).jpg,Calculus,1,0
C:\lab-hackathon\dataset\Ulcers\augmented\Mouth_Ulcer_0_2061.jpeg,Ulcers,4,1
C:\lab-hackathon\dataset\Caries\augmented\caries_0_5192.jpeg,Caries,0,1
C:\lab-hackathon\dataset\Ulcers\augmented\Mouth_Ulcer_0_2898.jpeg,Ulcers,4,1
C:\lab-hackathon\dataset\Tooth Discoloration\augmented\Tooth_Discoloration_0_8254.jpeg,Tooth Discoloration,3,1
C:\lab-hackathon\dataset\Calculus\(1008).jpg,Calculus,1,0
C:\lab-hackathon\dataset\Caries\augmented\caries_0_9216.jpeg,Caries,0,1
C:\lab-hackathon\dataset\yolo_bbox\images\train\330.jpg,Ulcers,4,0
C:\lab-hackathon\dataset\Gingivitis\(1856).jpg,Gingivitis,2,0
C:\lab-hackathon\dataset\Caries\augmented\caries_0_9880.jpeg,Caries,0,1
C:\lab-hackathon\dataset\Gingivitis\(784).jpg,Gingivitis,2,0
C:\lab-hackathon\dataset\Ulcers\augmented\Mouth_Ulcer_0_9400.jpeg,Ulcers,4,1
C:\lab-hackathon\dataset\Gingivitis\(863).jpg,Gingivitis,2,0
C:\lab-hackathon\dataset\yolo_bbox\images\train\caries_0_4884.jpeg,Caries,0,0
C:\lab-hackathon\dataset\Hypodontia\(759).JPG,Hypodontia,5,0
C:\lab-hackathon\dataset\Calculus\(482).jpg,Calculus,1,0
C:\lab-hackathon\dataset\Caries\augmented\caries_0_228.jpeg,Caries,0,1
C:\lab-hackathon\dataset\yolo_bbox\images\train\caries_0_3409.jpeg,Caries,0,0
C:\lab-hackathon\dataset\Gingivitis\(771).jpg,Gingivitis,2,0
C:\lab-hackathon\dataset\Gingivitis\(1989).jpg,Gingivitis,2,0
C:\lab-hackathon\dataset\yolo_bbox\images\train\310.jpg,Ulcers,4,0
C:\lab-hackathon\dataset\Caries\augmented\caries_0_8847.jpeg,Caries,0,1
C:\lab-hackathon\dataset\Gingivitis\(2279).jpg,Gingivitis,2,0
C:\lab-hackathon\dataset\Ulcers\augmented\Mouth_Ulcer_0_8928.jpeg,Ulcers,4,1
C:\lab-hackathon\dataset\Caries\original\26.jpg,Caries,0,0
C:\lab-hackathon\dataset\Gingivitis\(2142).jpg,Gingivitis,2,0
C:\lab-hackathon\dataset\Gingivitis\(149).jpg,Gingivitis,2,0
C:\lab-hackathon\dataset\yolo_bbox\images\train\(98).jpg,Gingivitis,2,0
C:\lab-hackathon\dataset\Calculus\(1001).jpg,Calculus,1,0
C:\lab-hackathon\dataset\Gingivitis\(262).jpg,Gingivitis,2,0
C:\lab-hackathon\dataset\Gingivitis\(482).jpg,Gingivitis,2,0
C:\lab-hackathon\dataset\yolo_bbox\images\train\caries_0_211.jpeg,Ulcers,4,0
C:\lab-hackathon\dataset\Tooth Discoloration\augmented\Tooth_Discoloration_0_9215.jpeg,Tooth Discoloration,3,1
C:\lab-hackathon\dataset\Ulcers\augmented\Mouth_Ulcer_0_1917.jpeg,Ulcers,4,1
C:\lab-hackathon\dataset\Tooth Discoloration\augmented\Tooth_Discoloration_0_495.jpeg,Tooth Discoloration,3,1
C:\lab-hackathon\dataset\Hypodontia\(957).jpg,Hypodontia,5,0
C:\lab-hackathon\dataset\Tooth Discoloration\original\55.jpg,Tooth Discoloration,3,0
C:\lab-hackathon\dataset\Calculus\(694).jpg,Calculus,1,0
C:\lab-hackathon\dataset\Caries\augmented\caries_0_3610.jpeg,Caries,0,1
C:\lab-hackathon\dataset\Caries\augmented\caries_0_8831.jpeg,Caries,0,1
C:\lab-hackathon\dataset\Ulcers\augmented\Mouth_Ulcer_0_5601.jpeg,Ulcers,4,1
C:\lab-hackathon\dataset\Caries\augmented\caries_0_8265.jpeg,Caries,0,1
C:\lab-hackathon\dataset\Ulcers\augmented\Mouth_Ulcer_0_9116.jpeg,Ulcers,4,1
C:\lab-hackathon\dataset\Caries\augmented\caries_0_9319.jpeg,Caries,0,1
C:\lab-hackathon\dataset\Ulcers\augmented\Mouth_Ulcer_0_8217.jpeg,Ulcers,4,1
C:\lab-hackathon\dataset\Ulcers\augmented\Mouth_Ulcer_0_4143.jpeg,Ulcers,4,1
C:\lab-hackathon\dataset\Gingivitis\(336).jpg,Gingivitis,2,0
C:\lab-hackathon\dataset\Gingivitis\(752).jpg,Gingivitis,2,0
C:\lab-hackathon\dataset\Hypodontia\(864).JPG,Hypodontia,5,0
C:\lab-hackathon\dataset\Ulcers\augmented\Mouth_Ulcer_0_7863.jpeg,Ulcers,4,1
C:\lab-hackathon\dataset\yolo_bbox\images\train\caries_0_456.jpeg,Caries,0,0
C:\lab-hackathon\dataset\Ulcers\augmented\Mouth_Ulcer_0_1821.jpeg,Ulcers,4,1
C:\lab-hackathon\dataset\Tooth Discoloration\augmented\Tooth_Discoloration_0_7488.jpeg,Tooth Discoloration,3,1
C:\lab-hackathon\dataset\yolo_bbox\images\train\caries_0_3527.jpeg,Caries,0,0
C:\lab-hackathon\dataset\Calculus\(845).jpg,Calculus,1,0
C:\lab-hackathon\dataset\yolo_bbox\images\train\(200).jpg,Gingivitis,2,0
C:\lab-hackathon\dataset\Ulcers\augmented\Mouth_Ulcer_0_3882.jpeg,Ulcers,4,1
C:\lab-hackathon\dataset\Calculus\(585).jpg,Calculus,1,0
C:\lab-hackathon\dataset\Gingivitis\(628).jpg,Gingivitis,2,0
C:\lab-hackathon\dataset\Caries\augmented\caries_0_27.jpeg,Caries,0,1
C:\lab-hackathon\dataset\Hypodontia\(37).JPG,Hypodontia,5,0
C:\lab-hackathon\dataset\Tooth Discoloration\augmented\Tooth_Discoloration_0_4512.jpeg,Tooth Discoloration,3,1
C:\lab-hackathon\dataset\Calculus\(223).jpg,Calculus,1,0
C:\lab-hackathon\dataset\Calculus\(447).jpg,Calculus,1,0
C:\lab-hackathon\dataset\Ulcers\augmented\Mouth_Ulcer_0_8604.jpeg,Ulcers,4,1
C:\lab-hackathon\dataset\Tooth Discoloration\augmented\Tooth_Discoloration_0_6243.jpeg,Tooth Discoloration,3,1
C:\lab-hackathon\dataset\yolo_bbox\images\train\(49).jpg,Gingivitis,2,0
C:\lab-hackathon\dataset\yolo_bbox\images\train\384.jpg,Ulcers,4,0
C:\lab-hackathon\dataset\Caries\augmented\caries_0_7531.jpeg,Caries,0,1
C:\lab-hackathon\dataset\yolo_bbox\images\train\caries_0_3620.jpeg,Caries,0,0
C:\lab-hackathon\dataset\Ulcers\augmented\Mouth_Ulcer_0_8738.jpeg,Ulcers,4,1
C:\lab-hackathon\dataset\Caries\augmented\caries_0_7360.jpeg,Caries,0,1
C:\lab-hackathon\dataset\Tooth Discoloration\augmented\Tooth_Discoloration_0_7665.jpeg,Tooth Discoloration,3,1
C:\lab-hackathon\dataset\Calculus\(571).jpg,Calculus,1,0
C:\lab-hackathon\dataset\yolo_bbox\images\train\caries_0_4858.jpeg,Caries,0,0
C:\lab-hackathon\dataset\Gingivitis\(2198).jpg,Gingivitis,2,0
C:\lab-hackathon\dataset\Calculus\(902).jpg,Calculus,1,0
C:\lab-hackathon\dataset\Caries\augmented\caries_0_9649.jpeg,Caries,0,1
C:\lab-hackathon\dataset\Caries\original\43.jpg,Caries,0,0
C:\lab-hackathon\dataset\Gingivitis\(1064).jpg,Gingivitis,2,0
C:\lab-hackathon\dataset\Tooth Discoloration\augmented\Tooth_Discoloration_0_3573.jpeg,Tooth Discoloration,3,1
C:\lab-hackathon\dataset\yolo_bbox\images\train\366.jpg,Ulcers,4,0
C:\lab-hackathon\dataset\Calculus\(834).jpg,Calculus,1,0
C:\lab-hackathon\dataset\Caries\augmented\caries_0_6975.jpeg,Caries,0,1
C:\lab-hackathon\dataset\Ulcers\augmented\Mouth_Ulcer_0_2550.jpeg,Ulcers,4,1
C:\lab-hackathon\dataset\yolo_bbox\images\train\caries_0_59.jpeg,Caries,0,0
C:\lab-hackathon\dataset\yolo_bbox\images\train\caries_0_3739.jpeg,Caries,0,0
C:\lab-hackathon\dataset\Hypodontia\(1054).jpg,Hypodontia,5,0
C:\lab-hackathon\dataset\Gingivitis\(551).jpg,Gingivitis,2,0
C:\lab-hackathon\dataset\Caries\augmented\caries_0_1052.jpeg,Caries,0,1
C:\lab-hackathon\dataset\Gingivitis\(1181).jpg,Gingivitis,2,0
C:\lab-hackathon\dataset\Hypodontia\(1148).JPG,Hypodontia,5,0
C:\lab-hackathon\dataset\Tooth Discoloration\augmented\Tooth_Discoloration_0_8453.jpeg,Tooth Discoloration,3,1
C:\lab-hackathon\dataset\Ulcers\augmented\Mouth_Ulcer_0_4529.jpeg,Ulcers,4,1
C:\lab-hackathon\dataset\Ulcers\augmented\Mouth_Ulcer_0_9451.jpeg,Ulcers,4,1
C:\lab-hackathon\dataset\yolo_bbox\images\train\caries_0_4796.jpeg,Caries,0,0
C:\lab-hackathon\dataset\Ulcers\original\128.jpg,Ulcers,4,0
C:\lab-hackathon\dataset\Hypodontia\(56).JPG,Hypodontia,5,0
C:\lab-hackathon\dataset\yolo_bbox\images\train\caries_0_3914.jpeg,Caries,0,0
C:\lab-hackathon\dataset\Gingivitis\(1361).jpg,Gingivitis,2,0
C:\lab-hackathon\dataset\Calculus\(322).jpg,Calculus,1,0
C:\lab-hackathon\dataset\Tooth Discoloration\augmented\Tooth_Discoloration_0_6110.jpeg,Tooth Discoloration,3,1
C:\lab-hackathon\dataset\Gingivitis\(935).jpg,Gingivitis,2,0
C:\lab-hackathon\dataset\Ulcers\augmented\Mouth_Ulcer_0_3347.jpeg,Ulcers,4,1
C:\lab-hackathon\dataset\Caries\augmented\caries_0_5598.jpeg,Caries,0,1
C:\lab-hackathon\dataset\Hypodontia\(249).jpg,Hypodontia,5,0
C:\lab-hackathon\dataset\Hypodontia\(363).jpg,Hypodontia,5,0
C:\lab-hackathon\dataset\yolo_bbox\images\train\637.jpg,Tooth Discoloration,3,0
C:\lab-hackathon\dataset\Calculus\(914).jpg,Calculus,1,0
C:\lab-hackathon\dataset\yolo_bbox\images\train\caries_0_3514.jpeg,Caries,0,0
C:\lab-hackathon\dataset\Caries\augmented\caries_0_6967.jpeg,Caries,0,1
C:\lab-hackathon\dataset\yolo_bbox\images\train\caries_0_4235.jpeg,Caries,0,0
C:\lab-hackathon\dataset\yolo_bbox\images\train\caries_0_3441.jpeg,Caries,0,0
C:\lab-hackathon\dataset\Ulcers\augmented\Mouth_Ulcer_0_2366.jpeg,Ulcers,4,1
C:\lab-hackathon\dataset\Tooth Discoloration\augmented\Tooth_Discoloration_0_4638.jpeg,Tooth Discoloration,3,1
C:\lab-hackathon\dataset\Caries\augmented\caries_0_8918.jpeg,Caries,0,1
C:\lab-hackathon\dataset\Calculus\(153).jpg,Calculus,1,0
C:\lab-hackathon\dataset\Gingivitis\(2064).jpg,Gingivitis,2,0
C:\lab-hackathon\dataset\Gingivitis\(510).jpg,Gingivitis,2,0
C:\lab-hackathon\dataset\yolo_bbox\images\train\caries_0_517.jpeg,Caries,0,0
C:\lab-hackathon\dataset\Hypodontia\(831).jpg,Hypodontia,5,0
C:\lab-hackathon\dataset\yolo_bbox\images\train\caries_0_3922.jpeg,Caries,0,0
C:\lab-hackathon\dataset\Ulcers\augmented\Mouth_Ulcer_0_22.jpeg,Ulcers,4,1
C:\lab-hackathon\dataset\Calculus\(298).jpg,Calculus,1,0
C:\lab-hackathon\dataset\yolo_bbox\images\train\447.jpg,Ulcers,4,0
C:\lab-hackathon\dataset\Calculus\(110).jpg,Calculus,1,0
C:\lab-hackathon\dataset\Ulcers\augmented\Mouth_Ulcer_0_2691.jpeg,Ulcers,4,1
C:\lab-hackathon\dataset\Caries\augmented\caries_0_1771.jpeg,Caries,0,1
C:\lab-hackathon\dataset\Calculus\(39).jpg,Calculus,1,0
C:\lab-hackathon\dataset\Gingivitis\(1191).jpg,Gingivitis,2,0
C:\lab-hackathon\dataset\Ulcers\augmented\Mouth_Ulcer_0_7181.jpeg,Ulcers,4,1
C:\lab-hackathon\dataset\Gingivitis\(1819).jpg,Gingivitis,2,0
C:\lab-hackathon\dataset\yolo_bbox\images\train\606.jpg,Tooth Discoloration,3,0
C:\lab-hackathon\dataset\Hypodontia\(1110).jpg,Hypodontia,5,0
C:\lab-hackathon\dataset\Ulcers\augmented\Mouth_Ulcer_0_5541.jpeg,Ulcers,4,1
C:\lab-hackathon\dataset\Calculus\(897).jpg,Calculus,1,0
C:\lab-hackathon\dataset\Ulcers\original\194.jpg,Ulcers,4,0
C:\lab-hackathon\dataset\Gingivitis\(1805).jpg,Gingivitis,2,0
C:\lab-hackathon\dataset\yolo_bbox\images\train\206.jpg,Caries,0,0
C:\lab-hackathon\dataset\Hypodontia\(1081).jpg,Hypodontia,5,0
C:\lab-hackathon\dataset\Calculus\(1282).jpg,Calculus,1,0
C:\lab-hackathon\dataset\Caries\augmented\caries_0_136.jpeg,Caries,0,1
C:\lab-hackathon\dataset\Calculus\(256).jpg,Calculus,1,0
C:\lab-hackathon\dataset\Ulcers\augmented\Mouth_Ulcer_0_1897.jpeg,Ulcers,4,1
C:\lab-hackathon\dataset\Hypodontia\(819).jpg,Hypodontia,5,0
C:\lab-hackathon\dataset\Ulcers\augmented\Mouth_Ulcer_0_1923.jpeg,Ulcers,4,1
C:\lab-hackathon\dataset\Calculus\(831).jpg,Calculus,1,0
C:\lab-hackathon\dataset\Caries\augmented\caries_0_3524.jpeg,Caries,0,1
C:\lab-hackathon\dataset\yolo_bbox\images\train\377.jpg,Ulcers,4,0
C:\lab-hackathon\dataset\Hypodontia\(1122).JPG,Hypodontia,5,0
C:\lab-hackathon\dataset\Calculus\(351).jpg,Calculus,1,0
C:\lab-hackathon\dataset\Gingivitis\(1965).jpg,Gingivitis,2,0
C:\lab-hackathon\dataset\Gingivitis\(281).jpg,Gingivitis,2,0
C:\lab-hackathon\dataset\Hypodontia\(216).JPG,Hypodontia,5,0
C:\lab-hackathon\dataset\Tooth Discoloration\augmented\Tooth_Discoloration_0_6376.jpeg,Tooth Discoloration,3,1
C:\lab-hackathon\dataset\Calculus\(1149).jpg,Calculus,1,0
C:\lab-hackathon\dataset\Caries\augmented\caries_0_8929.jpeg,Caries,0,1
C:\lab-hackathon\dataset\Tooth Discoloration\augmented\Tooth_Discoloration_0_9065.jpeg,Tooth Discoloration,3,1
C:\lab-hackathon\dataset\Tooth Discoloration\original\20.jpg,Tooth Discoloration,3,0
C:\lab-hackathon\dataset\yolo_bbox\images\train\529.jpg,Tooth Discoloration,3,0
C:\lab-hackathon\dataset\Caries\augmented\caries_0_43.jpeg,Caries,0,1
C:\lab-hackathon\dataset\Gingivitis\(1372).jpg,Gingivitis,2,0
C:\lab-hackathon\dataset\Gingivitis\(2249).jpg,Gingivitis,2,0
C:\lab-hackathon\dataset\Caries\augmented\caries_0_7500.jpeg,Caries,0,1
C:\lab-hackathon\dataset\yolo_bbox\images\train\caries_0_4058.jpeg,Caries,0,0
C:\lab-hackathon\dataset\yolo_bbox\images\train\318.jpg,Ulcers,4,0
C:\lab-hackathon\dataset\yolo_bbox\images\train\caries_0_4200.jpeg,Caries,0,0
C:\lab-hackathon\dataset\Caries\augmented\caries_0_7869.jpeg,Caries,0,1
C:\lab-hackathon\dataset\Ulcers\augmented\Mouth_Ulcer_0_5051.jpeg,Ulcers,4,1
C:\lab-hackathon\dataset\Hypodontia\(396).jpg,Hypodontia,5,0
C:\lab-hackathon\dataset\yolo_bbox\images\train\64.jpg,Caries,0,0
C:\lab-hackathon\dataset\Ulcers\original\24.jpg,Ulcers,4,0
C:\lab-hackathon\dataset\Hypodontia\(432).JPG,Hypodontia,5,0
C:\lab-hackathon\dataset\Calculus\(101).jpg,Calculus,1,0
C:\lab-hackathon\dataset\Tooth Discoloration\augmented\Tooth_Discoloration_0_2921.jpeg,Tooth Discoloration,3,1
C:\lab-hackathon\dataset\Caries\augmented\caries_0_8212.jpeg,Caries,0,1
C:\lab-hackathon\dataset\Caries\augmented\caries_0_906.jpeg,Caries,0,1
C:\lab-hackathon\dataset\Hypodontia\(904).jpg,Hypodontia,5,0
C:\lab-hackathon\dataset\Tooth Discoloration\augmented\Tooth_Discoloration_0_4083.jpeg,Tooth Discoloration,3,1
C:\lab-hackathon\dataset\Ulcers\augmented\Mouth_Ulcer_0_9162.jpeg,Ulcers,4,1
C:\lab-hackathon\dataset\Gingivitis\(1908).jpg,Gingivitis,2,0
C:\lab-hackathon\dataset\yolo_bbox\images\train\caries_0_3817.jpeg,Caries,0,0
C:\lab-hackathon\dataset\Hypodontia\(504).jpg,Hypodontia,5,0
C:\lab-hackathon\dataset\Gingivitis\(1239).jpg,Gingivitis,2,0
C:\lab-hackathon\dataset\Calculus\(583).jpg,Calculus,1,0
C:\lab-hackathon\dataset\Gingivitis\(1616).jpg,Gingivitis,2,0
C:\lab-hackathon\dataset\Gingivitis\(1489).jpg,Gingivitis,2,0
C:\lab-hackathon\dataset\Caries\augmented\caries_0_9074.jpeg,Caries,0,1
C:\lab-hackathon\dataset\Caries\augmented\caries_0_8190.jpeg,Caries,0,1
C:\lab-hackathon\dataset\Gingivitis\(85).jpg,Gingivitis,2,0
C:\lab-hackathon\dataset\yolo_bbox\images\train\(64).jpg,Gingivitis,2,0
C:\lab-hackathon\dataset\yolo_bbox\images\train\276.jpg,Ulcers,4,0
C:\lab-hackathon\dataset\Gingivitis\(1492).jpg,Gingivitis,2,0
C:\lab-hackathon\dataset\Hypodontia\(21).JPG,Hypodontia,5,0
C:\lab-hackathon\dataset\Tooth Discoloration\original\37.jpg,Tooth Discoloration,3,0
C:\lab-hackathon\dataset\Caries\original\216.jpg,Caries,0,0
C:\lab-hackathon\dataset\Calculus\(930).jpg,Calculus,1,0
C:\lab-hackathon\dataset\Caries\augmented\caries_0_8931.jpeg,Caries,0,1
C:\lab-hackathon\dataset\yolo_bbox\images\train\396.jpg,Ulcers,4,0
C:\lab-hackathon\dataset\Ulcers\augmented\Mouth_Ulcer_0_8943.jpeg,Ulcers,4,1
C:\lab-hackathon\dataset\Hypodontia\(334).JPG,Hypodontia,5,0
C:\lab-hackathon\dataset\Hypodontia\(479).JPG,Hypodontia,5,0
C:\lab-hackathon\dataset\Gingivitis\(1493).jpg,Gingivitis,2,0
C:\lab-hackathon\dataset\Tooth Discoloration\augmented\Tooth_Discoloration_0_6476.jpeg,Tooth Discoloration,3,1
C:\lab-hackathon\dataset\Tooth Discoloration\augmented\Tooth_Discoloration_0_9715.jpeg,Tooth Discoloration,3,1
C:\lab-hackathon\dataset\Calculus\(832).jpg,Calculus,1,0
C:\lab-hackathon\dataset\Hypodontia\(232).JPG,Hypodontia,5,0
C:\lab-hackathon\dataset\Caries\augmented\caries_0_5148.jpeg,Caries,0,1
C:\lab-hackathon\dataset\Gingivitis\(2184).jpg,Gingivitis,2,0
C:\lab-hackathon\dataset\Gingivitis\(5).jpg,Gingivitis,2,0
C:\lab-hackathon\dataset\yolo_bbox\images\train\caries_0_507.jpeg,Caries,0,0
C:\lab-hackathon\dataset\Gingivitis\(1289).jpg,Gingivitis,2,0
C:\lab-hackathon\dataset\Gingivitis\(1777).jpg,Gingivitis,2,0
C:\lab-hackathon\dataset\yolo_bbox\images\train\caries_0_4054.jpeg,Caries,0,0
C:\lab-hackathon\dataset\Ulcers\augmented\Mouth_Ulcer_0_8431.jpeg,Ulcers,4,1
C:\lab-hackathon\dataset\Calculus\(404).jpg,Calculus,1,0
C:\lab-hackathon\dataset\Gingivitis\(1738).jpg,Gingivitis,2,0
C:\lab-hackathon\dataset\yolo_bbox\images\train\7.jpg,Caries,0,0
C:\lab-hackathon\dataset\Hypodontia\(769).JPG,Hypodontia,5,0
C:\lab-hackathon\dataset\Hypodontia\(835).JPG,Hypodontia,5,0
C:\lab-hackathon\dataset\Gingivitis\(971).jpg,Gingivitis,2,0
C:\lab-hackathon\dataset\yolo_bbox\images\train\caries_0_4684.jpeg,Caries,0,0
C:\lab-hackathon\dataset\yolo_bbox\images\train\(142).jpg,Gingivitis,2,0
C:\lab-hackathon\dataset\Gingivitis\(1460).jpg,Gingivitis,2,0
C:\lab-hackathon\dataset\Tooth Discoloration\augmented\Tooth_Discoloration_0_7740.jpeg,Tooth Discoloration,3,1
C:\lab-hackathon\dataset\Calculus\(644).jpg,Calculus,1,0
C:\lab-hackathon\dataset\yolo_bbox\images\train\445.jpg,Ulcers,4,0
C:\lab-hackathon\dataset\Gingivitis\(1923).jpg,Gingivitis,2,0
C:\lab-hackathon\dataset\Ulcers\augmented\Mouth_Ulcer_0_3044.jpeg,Ulcers,4,1
C:\lab-hackathon\dataset\Ulcers\augmented\Mouth_Ulcer_0_6775.jpeg,Ulcers,4,1
C:\lab-hackathon\dataset\Gingivitis\(856).jpg,Gingivitis,2,0
C:\lab-hackathon\dataset\yolo_bbox\images\train\caries_0_579.jpeg,Caries,0,0
C:\lab-hackathon\dataset\Tooth Discoloration\augmented\Tooth_Discoloration_0_4186.jpeg,Tooth Discoloration,3,1
C:\lab-hackathon\dataset\Ulcers\augmented\Mouth_Ulcer_0_907.jpeg,Ulcers,4,1
C:\lab-hackathon\dataset\Tooth Discoloration\original\89.jpg,Tooth Discoloration,3,0
C:\lab-hackathon\dataset\Caries\augmented\caries_0_5959.jpeg,Caries,0,1
C:\lab-hackathon\dataset\Gingivitis\(1559).jpg,Gingivitis,2,0
C:\lab-hackathon\dataset\Calculus\(1222).jpg,Calculus,1,0
C:\lab-hackathon\dataset\Caries\augmented\caries_0_952.jpeg,Caries,0,1
C:\lab-hackathon\dataset\Gingivitis\(534).jpg,Gingivitis,2,0
C:\lab-hackathon\dataset\Ulcers\augmented\Mouth_Ulcer_0_2006.jpeg,Ulcers,4,1
C:\lab-hackathon\dataset\Calculus\(562).jpg,Calculus,1,0
C:\lab-hackathon\dataset\Hypodontia\(837).JPG,Hypodontia,5,0
C:\lab-hackathon\dataset\Gingivitis\(489).jpg,Gingivitis,2,0
C:\lab-hackathon\dataset\Gingivitis\(1973).jpg,Gingivitis,2,0
C:\lab-hackathon\dataset\Ulcers\augmented\Mouth_Ulcer_0_6622.jpeg,Ulcers,4,1
C:\lab-hackathon\dataset\Ulcers\augmented\Mouth_Ulcer_0_6529.jpeg,Ulcers,4,1
C:\lab-hackathon\dataset\Calculus\(163).jpg,Calculus,1,0
C:\lab-hackathon\dataset\Gingivitis\(1026).jpg,Gingivitis,2,0
C:\lab-hackathon\dataset\Tooth Discoloration\augmented\Tooth_Discoloration_0_167.jpeg,Tooth Discoloration,3,1
C:\lab-hackathon\dataset\Gingivitis\(541).jpg,Gingivitis,2,0
C:\lab-hackathon\dataset\Gingivitis\(1786).jpg,Gingivitis,2,0
C:\lab-hackathon\dataset\yolo_bbox\images\train\caries_0_4847.jpeg,Caries,0,0
C:\lab-hackathon\dataset\Hypodontia\(273).jpg,Hypodontia,5,0
C:\lab-hackathon\dataset\Caries\augmented\caries_0_8046.jpeg,Caries,0,1
C:\lab-hackathon\dataset\Tooth Discoloration\augmented\Tooth_Discoloration_0_1177.jpeg,Tooth Discoloration,3,1
C:\lab-hackathon\dataset\Tooth Discoloration\augmented\Tooth_Discoloration_0_4569.jpeg,Tooth Discoloration,3,1
C:\lab-hackathon\dataset\Tooth Discoloration\augmented\Tooth_Discoloration_0_3039.jpeg,Tooth Discoloration,3,1
C:\lab-hackathon\dataset\yolo_bbox\images\train\281.jpg,Ulcers,4,0
C:\lab-hackathon\dataset\yolo_bbox\images\train\386.jpg,Ulcers,4,0
C:\lab-hackathon\dataset\Hypodontia\(1103).jpg,Hypodontia,5,0
C:\lab-hackathon\dataset\yolo_bbox\images\train\368.jpg,Ulcers,4,0
C:\lab-hackathon\dataset\Caries\augmented\caries_0_9561.jpeg,Caries,0,1
C:\lab-hackathon\dataset\Gingivitis\(51).jpg,Gingivitis,2,0
C:\lab-hackathon\dataset\Hypodontia\(695).JPG,Hypodontia,5,0
C:\lab-hackathon\dataset\yolo_bbox\images\train\106.jpg,Caries,0,0
C:\lab-hackathon\dataset\Gingivitis\(1174).jpg,Gingivitis,2,0
C:\lab-hackathon\dataset\Gingivitis\(1775).jpg,Gingivitis,2,0
C:\lab-hackathon\dataset\Calculus\(218).jpg,Calculus,1,0
C:\lab-hackathon\dataset\Ulcers\augmented\Mouth_Ulcer_0_9897.jpeg,Ulcers,4,1
C:\lab-hackathon\dataset\Gingivitis\(1101)(1).jpg,Gingivitis,2,0
C:\lab-hackathon\dataset\Ulcers\augmented\Mouth_Ulcer_0_4666.jpeg,Ulcers,4,1
C:\lab-hackathon\dataset\Hypodontia\(1093).JPG,Hypodontia,5,0
C:\lab-hackathon\dataset\Hypodontia\(733).JPG,Hypodontia,5,0
C:\lab-hackathon\dataset\Gingivitis\(2073).jpg,Gingivitis,2,0
C:\lab-hackathon\dataset\yolo_bbox\images\train\578.jpg,Tooth Discoloration,3,0
C:\lab-hackathon\dataset\Ulcers\augmented\Mouth_Ulcer_0_6255.jpeg,Ulcers,4,1
C:\lab-hackathon\dataset\Gingivitis\(632).jpg,Gingivitis,2,0
C:\lab-hackathon\dataset\Calculus\(794).jpg,Calculus,1,0
C:\lab-hackathon\dataset\Calculus\(1213).jpg,Calculus,1,0
C:\lab-hackathon\dataset\yolo_bbox\images\train\290.jpg,Ulcers,4,0
C:\lab-hackathon\dataset\Hypodontia\(718).JPG,Hypodontia,5,0
C:\lab-hackathon\dataset\Caries\augmented\caries_0_9790.jpeg,Caries,0,1
C:\lab-hackathon\dataset\yolo_bbox\images\train\caries_0_3978.jpeg,Caries,0,0
C:\lab-hackathon\dataset\Caries\augmented\caries_0_2916.jpeg,Caries,0,1
C:\lab-hackathon\dataset\Tooth Discoloration\original\176.jpg,Tooth Discoloration,3,0
C:\lab-hackathon\dataset\Calculus\(389).jpg,Calculus,1,0
C:\lab-hackathon\dataset\Ulcers\augmented\Mouth_Ulcer_0_749.jpeg,Ulcers,4,1
C:\lab-hackathon\dataset\Tooth Discoloration\augmented\Tooth_Discoloration_0_9026.jpeg,Tooth Discoloration,3,1
C:\lab-hackathon\dataset\Gingivitis\(1587).jpg,Gingivitis,2,0
C:\lab-hackathon\dataset\Ulcers\augmented\Mouth_Ulcer_0_5587.jpeg,Ulcers,4,1
C:\lab-hackathon\dataset\Tooth Discoloration\augmented\Tooth_Discoloration_0_7970.jpeg,Tooth Discoloration,3,1
C:\lab-hackathon\dataset\Ulcers\augmented\Mouth_Ulcer_0_6587.jpeg,Ulcers,4,1
C:\lab-hackathon\dataset\Ulcers\augmented\Mouth_Ulcer_0_4423.jpeg,Ulcers,4,1
C:\lab-hackathon\dataset\Hypodontia\(803).jpg,Hypodontia,5,0
C:\lab-hackathon\dataset\Tooth Discoloration\augmented\Tooth_Discoloration_0_6778.jpeg,Tooth Discoloration,3,1
C:\lab-hackathon\dataset\Tooth Discoloration\augmented\Tooth_Discoloration_0_1785.jpeg,Tooth Discoloration,3,1
C:\lab-hackathon\dataset\Caries\augmented\caries_0_5063.jpeg,Caries,0,1
C:\lab-hackathon\dataset\Gingivitis\(803).jpg,Gingivitis,2,0
C:\lab-hackathon\dataset\Ulcers\augmented\Mouth_Ulcer_0_1808.jpeg,Ulcers,4,1
C:\lab-hackathon\dataset\Ulcers\augmented\Mouth_Ulcer_0_1914.jpeg,Ulcers,4,1
C:\lab-hackathon\dataset\Calculus\(254).jpg,Calculus,1,0
C:\lab-hackathon\dataset\Calculus\(1051).jpg,Calculus,1,0
C:\lab-hackathon\dataset\Gingivitis\(2320).jpg,Gingivitis,2,0
C:\lab-hackathon\dataset\Hypodontia\(322).JPG,Hypodontia,5,0
C:\lab-hackathon\dataset\yolo_bbox\images\train\517.jpg,Tooth Discoloration,3,0
C:\lab-hackathon\dataset\Caries\augmented\caries_0_9896.jpeg,Caries,0,1
C:\lab-hackathon\dataset\Ulcers\augmented\Mouth_Ulcer_0_9899.jpeg,Ulcers,4,1
C:\lab-hackathon\dataset\Ulcers\original\202.jpg,Ulcers,4,0
C:\lab-hackathon\dataset\Hypodontia\(585).JPG,Hypodontia,5,0
C:\lab-hackathon\dataset\Caries\augmented\caries_0_5486.jpeg,Caries,0,1
C:\lab-hackathon\dataset\Calculus\(554).jpg,Calculus,1,0
C:\lab-hackathon\dataset\yolo_bbox\images\train\caries_0_4328.jpeg,Caries,0,0
C:\lab-hackathon\dataset\Tooth Discoloration\augmented\Tooth_Discoloration_0_3198.jpeg,Tooth Discoloration,3,1
C:\lab-hackathon\dataset\Ulcers\original\8.jpg,Ulcers,4,0
C:\lab-hackathon\dataset\yolo_bbox\images\train\caries_0_3923.jpeg,Caries,0,0
C:\lab-hackathon\dataset\Calculus\(589).jpg,Calculus,1,0
C:\lab-hackathon\dataset\Tooth Discoloration\augmented\Tooth_Discoloration_0_7559.jpeg,Tooth Discoloration,3,1
C:\lab-hackathon\dataset\Caries\augmented\caries_0_4272.jpeg,Caries,0,1
C:\lab-hackathon\dataset\Calculus\(590).jpg,Calculus,1,0
C:\lab-hackathon\dataset\Ulcers\augmented\Mouth_Ulcer_0_7543.jpeg,Ulcers,4,1
C:\lab-hackathon\dataset\Hypodontia\(341).JPG,Hypodontia,5,0
C:\lab-hackathon\dataset\Ulcers\augmented\Mouth_Ulcer_0_5576.jpeg,Ulcers,4,1
C:\lab-hackathon\dataset\Caries\augmented\caries_0_5544.jpeg,Caries,0,1
C:\lab-hackathon\dataset\Caries\augmented\caries_0_567.jpeg,Caries,0,1
C:\lab-hackathon\dataset\Gingivitis\(1098).jpg,Gingivitis,2,0
C:\lab-hackathon\dataset\Ulcers\augmented\Mouth_Ulcer_0_4674.jpeg,Ulcers,4,1
C:\lab-hackathon\dataset\Calculus\(1072).jpg,Calculus,1,0
C:\lab-hackathon\dataset\Tooth Discoloration\augmented\Tooth_Discoloration_0_7830.jpeg,Tooth Discoloration,3,1
C:\lab-hackathon\dataset\Caries\augmented\caries_0_1595.jpeg,Caries,0,1
C:\lab-hackathon\dataset\yolo_bbox\images\train\379.jpg,Ulcers,4,0
C:\lab-hackathon\dataset\Tooth Discoloration\augmented\Tooth_Discoloration_0_8078.jpeg,Tooth Discoloration,3,1
C:\lab-hackathon\dataset\Calculus\(486).jpg,Calculus,1,0
C:\lab-hackathon\dataset\Gingivitis\(309).jpg,Gingivitis,2,0
C:\lab-hackathon\dataset\yolo_bbox\images\train\caries_0_626.jpeg,Caries,0,0
C:\lab-hackathon\dataset\Hypodontia\(501).JPG,Hypodontia,5,0
C:\lab-hackathon\dataset\Tooth Discoloration\augmented\Tooth_Discoloration_0_139.jpeg,Tooth Discoloration,3,1
C:\lab-hackathon\dataset\Gingivitis\(2221).jpg,Gingivitis,2,0
C:\lab-hackathon\dataset\Ulcers\augmented\Mouth_Ulcer_0_6973.jpeg,Ulcers,4,1
C:\lab-hackathon\dataset\Hypodontia\(66).JPG,Hypodontia,5,0
C:\lab-hackathon\dataset\Caries\augmented\caries_0_7972.jpeg,Caries,0,1
C:\lab-hackathon\dataset\Ulcers\augmented\Mouth_Ulcer_0_4100.jpeg,Ulcers,4,1
C:\lab-hackathon\dataset\Caries\augmented\caries_0_2510.jpeg,Caries,0,1
C:\lab-hackathon\dataset\Caries\augmented\caries_0_6472.jpeg,Caries,0,1
C:\lab-hackathon\dataset\Gingivitis\(35).jpg,Gingivitis,2,0
C:\lab-hackathon\dataset\Caries\original\66.jpg,Caries,0,0
C:\lab-hackathon\dataset\yolo_bbox\images\train\350.jpg,Ulcers,4,0
C:\lab-hackathon\dataset\Hypodontia\(979).JPG,Hypodontia,5,0
C:\lab-hackathon\dataset\yolo_bbox\images\train\(191).jpg,Gingivitis,2,0
C:\lab-hackathon\dataset\yolo_bbox\images\train\caries_0_4837.jpeg,Caries,0,0
C:\lab-hackathon\dataset\Caries\augmented\caries_0_3892.jpeg,Caries,0,1
C:\lab-hackathon\dataset\Gingivitis\(2299).jpg,Gingivitis,2,0
C:\lab-hackathon\dataset\Gingivitis\(1104)(1).jpg,Gingivitis,2,0
C:\lab-hackathon\dataset\Tooth Discoloration\augmented\Tooth_Discoloration_0_2552.jpeg,Tooth Discoloration,3,1
C:\lab-hackathon\dataset\Gingivitis\(1623).jpg,Gingivitis,2,0
C:\lab-hackathon\dataset\Hypodontia\(846).JPG,Hypodontia,5,0
C:\lab-hackathon\dataset\Hypodontia\(331).JPG,Hypodontia,5,0
C:\lab-hackathon\dataset\Hypodontia\(866).JPG,Hypodontia,5,0
C:\lab-hackathon\dataset\Ulcers\augmented\Mouth_Ulcer_0_7604.jpeg,Ulcers,4,1
C:\lab-hackathon\dataset\Calculus\(1166).jpg,Calculus,1,0
C:\lab-hackathon\dataset\Calculus\(879).jpg,Calculus,1,0
C:\lab-hackathon\dataset\Gingivitis\(992).jpg,Gingivitis,2,0
C:\lab-hackathon\dataset\Caries\augmented\caries_0_4670.jpeg,Caries,0,1
C:\lab-hackathon\dataset\Caries\augmented\caries_0_7926.jpeg,Caries,0,1
C:\lab-hackathon\dataset\yolo_bbox\images\train\caries_0_4995.jpeg,Caries,0,0
C:\lab-hackathon\dataset\Ulcers\augmented\Mouth_Ulcer_0_2608.jpeg,Ulcers,4,1
C:\lab-hackathon\dataset\Calculus\(933).jpg,Calculus,1,0
C:\lab-hackathon\dataset\Caries\augmented\caries_0_4260.jpeg,Caries,0,1
C:\lab-hackathon\dataset\Ulcers\augmented\Mouth_Ulcer_0_7121.jpeg,Ulcers,4,1
C:\lab-hackathon\dataset\Hypodontia\(319).JPG,Hypodontia,5,0
C:\lab-hackathon\dataset\yolo_bbox\images\train\629.jpg,Tooth Discoloration,3,0
C:\lab-hackathon\dataset\yolo_bbox\images\train\182.jpg,Caries,0,0
C:\lab-hackathon\dataset\Gingivitis\(440).jpg,Gingivitis,2,0
C:\lab-hackathon\dataset\Calculus\(328).jpg,Calculus,1,0
C:\lab-hackathon\dataset\Hypodontia\(1195).JPG,Hypodontia,5,0
C:\lab-hackathon\dataset\yolo_bbox\images\train\caries_0_3495.jpeg,Caries,0,0
C:\lab-hackathon\dataset\Caries\augmented\caries_0_532.jpeg,Caries,0,1
C:\lab-hackathon\dataset\Gingivitis\(877).jpg,Gingivitis,2,0
C:\lab-hackathon\dataset\Gingivitis\(495).jpg,Gingivitis,2,0
C:\lab-hackathon\dataset\Calculus\(635).jpg,Calculus,1,0
C:\lab-hackathon\dataset\Calculus\(1285).jpg,Calculus,1,0
C:\lab-hackathon\dataset\Ulcers\augmented\Mouth_Ulcer_0_1346.jpeg,Ulcers,4,1
C:\lab-hackathon\dataset\Gingivitis\(260).jpg,Gingivitis,2,0
C:\lab-hackathon\dataset\Gingivitis\(516).jpg,Gingivitis,2,0
C:\lab-hackathon\dataset\Calculus\(1215).jpg,Calculus,1,0
C:\lab-hackathon\dataset\yolo_bbox\images\train\424.jpg,Ulcers,4,0
C:\lab-hackathon\dataset\yolo_bbox\images\train\301.jpg,Ulcers,4,0
C:\lab-hackathon\dataset\Gingivitis\(658).jpg,Gingivitis,2,0
C:\lab-hackathon\dataset\Caries\augmented\caries_0_2574.jpeg,Caries,0,1
C:\lab-hackathon\dataset\Ulcers\augmented\Mouth_Ulcer_0_5129.jpeg,Ulcers,4,1
C:\lab-hackathon\dataset\Gingivitis\(1540).jpg,Gingivitis,2,0
C:\lab-hackathon\dataset\Calculus\(686).jpg,Calculus,1,0
C:\lab-hackathon\dataset\Hypodontia\(247).jpg,Hypodontia,5,0
C:\lab-hackathon\dataset\Calculus\(286).jpg,Calculus,1,0
C:\lab-hackathon\dataset\Tooth Discoloration\original\111.jpg,Tooth Discoloration,3,0
C:\lab-hackathon\dataset\Calculus\(241).jpg,Calculus,1,0
C:\lab-hackathon\dataset\Gingivitis\(1861).jpg,Gingivitis,2,0
C:\lab-hackathon\dataset\Tooth Discoloration\augmented\Tooth_Discoloration_0_4908.jpeg,Tooth Discoloration,3,1
C:\lab-hackathon\dataset\Ulcers\augmented\Mouth_Ulcer_0_7102.jpeg,Ulcers,4,1
C:\lab-hackathon\dataset\Caries\augmented\caries_0_3413.jpeg,Caries,0,1
C:\lab-hackathon\dataset\Ulcers\augmented\Mouth_Ulcer_0_3130.jpeg,Ulcers,4,1
C:\lab-hackathon\dataset\Ulcers\augmented\Mouth_Ulcer_0_5945.jpeg,Ulcers,4,1
C:\lab-hackathon\dataset\Gingivitis\(339).jpg,Gingivitis,2,0
C:\lab-hackathon\dataset\Hypodontia\(1091).jpg,Hypodontia,5,0
C:\lab-hackathon\dataset\Ulcers\augmented\Mouth_Ulcer_0_8260.jpeg,Ulcers,4,1
C:\lab-hackathon\dataset\Gingivitis\(873).jpg,Gingivitis,2,0
C:\lab-hackathon\dataset\Tooth Discoloration\augmented\Tooth_Discoloration_0_1354.jpeg,Tooth Discoloration,3,1
C:\lab-hackathon\dataset\Calculus\(978).jpg,Calculus,1,0
C:\lab-hackathon\dataset\Ulcers\augmented\Mouth_Ulcer_0_4430.jpeg,Ulcers,4,1
C:\lab-hackathon\dataset\Gingivitis\(295).jpg,Gingivitis,2,0
C:\lab-hackathon\dataset\Gingivitis\(2267).jpg,Gingivitis,2,0
C:\lab-hackathon\dataset\Caries\augmented\caries_0_2195.jpeg,Caries,0,1
C:\lab-hackathon\dataset\Gingivitis\(1671).jpg,Gingivitis,2,0
C:\lab-hackathon\dataset\Tooth Discoloration\augmented\Tooth_Discoloration_0_4957.jpeg,Tooth Discoloration,3,1
C:\lab-hackathon\dataset\Gingivitis\(2256).jpg,Gingivitis,2,0
C:\lab-hackathon\dataset\Gingivitis\(25).jpg,Gingivitis,2,0
C:\lab-hackathon\dataset\Ulcers\augmented\Mouth_Ulcer_0_1093.jpeg,Ulcers,4,1
C:\lab-hackathon\dataset\Ulcers\original\33.jpg,Ulcers,4,0
C:\lab-hackathon\dataset\yolo_bbox\images\train\caries_0_5135.jpeg,Caries,0,0
C:\lab-hackathon\dataset\Tooth Discoloration\augmented\Tooth_Discoloration_0_9415.jpeg,Tooth Discoloration,3,1
C:\lab-hackathon\dataset\yolo_bbox\images\train\490.jpg,Tooth Discoloration,3,0
C:\lab-hackathon\dataset\Hypodontia\(747).JPG,Hypodontia,5,0
C:\lab-hackathon\dataset\yolo_bbox\images\train\92.jpg,Caries,0,0
C:\lab-hackathon\dataset\Ulcers\augmented\Mouth_Ulcer_0_3030.jpeg,Ulcers,4,1
C:\lab-hackathon\dataset\Caries\augmented\caries_0_7597.jpeg,Caries,0,1
C:\lab-hackathon\dataset\yolo_bbox\images\train\caries_0_4308.jpeg,Caries,0,0
C:\lab-hackathon\dataset\Tooth Discoloration\augmented\Tooth_Discoloration_0_3633.jpeg,Tooth Discoloration,3,1
C:\lab-hackathon\dataset\yolo_bbox\images\train\caries_0_27.jpeg,Ulcers,4,0
C:\lab-hackathon\dataset\Calculus\(573).jpg,Calculus,1,0
C:\lab-hackathon\dataset\Gingivitis\(1423).jpg,Gingivitis,2,0
C:\lab-hackathon\dataset\Calculus\(1154).jpg,Calculus,1,0
C:\lab-hackathon\dataset\Caries\augmented\caries_0_19.jpeg,Caries,0,1
C:\lab-hackathon\dataset\Ulcers\augmented\Mouth_Ulcer_0_8327.jpeg,Ulcers,4,1
C:\lab-hackathon\dataset\Tooth Discoloration\augmented\Tooth_Discoloration_0_3538.jpeg,Tooth Discoloration,3,1
C:\lab-hackathon\dataset\Ulcers\original\208.jpg,Ulcers,4,0
C:\lab-hackathon\dataset\Gingivitis\(2228).jpg,Gingivitis,2,0
C:\lab-hackathon\dataset\Gingivitis\(269).jpg,Gingivitis,2,0
C:\lab-hackathon\dataset\Caries\augmented\caries_0_9276.jpeg,Caries,0,1
C:\lab-hackathon\dataset\Hypodontia\(136).jpg,Hypodontia,5,0
C:\lab-hackathon\dataset\Caries\augmented\caries_0_2340.jpeg,Caries,0,1
C:\lab-hackathon\dataset\Tooth Discoloration\original\107.jpg,Tooth Discoloration,3,0
C:\lab-hackathon\dataset\Ulcers\augmented\Mouth_Ulcer_0_3998.jpeg,Ulcers,4,1
C:\lab-hackathon\dataset\Hypodontia\(931).JPG,Hypodontia,5,0
C:\lab-hackathon\dataset\Gingivitis\(559).jpg,Gingivitis,2,0
C:\lab-hackathon\dataset\Tooth Discoloration\original\72.jpg,Tooth Discoloration,3,0
C:\lab-hackathon\dataset\yolo_bbox\images\train\235.jpg,Ulcers,4,0
C:\lab-hackathon\dataset\Gingivitis\(2182).jpg,Gingivitis,2,0
C:\lab-hackathon\dataset\Tooth Discoloration\augmented\Tooth_Discoloration_0_2294.jpeg,Tooth Discoloration,3,1
C:\lab-hackathon\dataset\Hypodontia\(240).JPG,Hypodontia,5,0
C:\lab-hackathon\dataset\Gingivitis\(37).jpg,Gingivitis,2,0
C:\lab-hackathon\dataset\Tooth Discoloration\original\156.jpg,Tooth Discoloration,3,0
C:\lab-hackathon\dataset\Gingivitis\(2231).jpg,Gingivitis,2,0
C:\lab-hackathon\dataset\Ulcers\augmented\Mouth_Ulcer_0_1242.jpeg,Ulcers,4,1
C:\lab-hackathon\dataset\Gingivitis\(833).jpg,Gingivitis,2,0
C:\lab-hackathon\dataset\Gingivitis\(1722).jpg,Gingivitis,2,0
C:\lab-hackathon\dataset\yolo_bbox\images\train\577.jpg,Tooth Discoloration,3,0
C:\lab-hackathon\dataset\Ulcers\augmented\Mouth_Ulcer_0_2228.jpeg,Ulcers,4,1
C:\lab-hackathon\dataset\yolo_bbox\images\train\(26).jpg,Gingivitis,2,0
C:\lab-hackathon\dataset\Tooth Discoloration\augmented\Tooth_Discoloration_0_3651.jpeg,Tooth Discoloration,3,1
C:\lab-hackathon\dataset\Hypodontia\(634).JPG,Hypodontia,5,0
C:\lab-hackathon\dataset\Gingivitis\(1226).jpg,Gingivitis,2,0
C:\lab-hackathon\dataset\Tooth Discoloration\augmented\Tooth_Discoloration_0_7188.jpeg,Tooth Discoloration,3,1
C:\lab-hackathon\dataset\yolo_bbox\images\train\caries_0_4095.jpeg,Caries,0,0
C:\lab-hackathon\dataset\Caries\augmented\caries_0_2316.jpeg,Caries,0,1
C:\lab-hackathon\dataset\Gingivitis\(2189).jpg,Gingivitis,2,0
C:\lab-hackathon\dataset\yolo_bbox\images\train\caries_0_441.jpeg,Caries,0,0
C:\lab-hackathon\dataset\Caries\original\202.jpg,Caries,0,0
C:\lab-hackathon\dataset\Ulcers\augmented\Mouth_Ulcer_0_2822.jpeg,Ulcers,4,1
C:\lab-hackathon\dataset\Hypodontia\(806).jpg,Hypodontia,5,0
C:\lab-hackathon\dataset\Hypodontia\(717).JPG,Hypodontia,5,0
C:\lab-hackathon\dataset\Caries\augmented\caries_0_888.jpeg,Caries,0,1
C:\lab-hackathon\dataset\Caries\augmented\caries_0_489.jpeg,Caries,0,1
C:\lab-hackathon\dataset\yolo_bbox\images\train\(158).jpg,Gingivitis,2,0
C:\lab-hackathon\dataset\Ulcers\augmented\Mouth_Ulcer_0_2970.jpeg,Ulcers,4,1
C:\lab-hackathon\dataset\Caries\augmented\caries_0_66.jpeg,Caries,0,1
C:\lab-hackathon\dataset\Gingivitis\(522).jpg,Gingivitis,2,0
C:\lab-hackathon\dataset\Tooth Discoloration\augmented\Tooth_Discoloration_0_2796.jpeg,Tooth Discoloration,3,1
C:\lab-hackathon\dataset\Ulcers\augmented\Mouth_Ulcer_0_3914.jpeg,Ulcers,4,1
C:\lab-hackathon\dataset\Calculus\(830).jpg,Calculus,1,0
C:\lab-hackathon\dataset\Caries\original\173.jpg,Caries,0,0
C:\lab-hackathon\dataset\Tooth Discoloration\augmented\Tooth_Discoloration_0_1071.jpeg,Tooth Discoloration,3,1
C:\lab-hackathon\dataset\Ulcers\augmented\Mouth_Ulcer_0_2115.jpeg,Ulcers,4,1
C:\lab-hackathon\dataset\Gingivitis\(561).jpg,Gingivitis,2,0
C:\lab-hackathon\dataset\yolo_bbox\images\train\527.jpg,Tooth Discoloration,3,0
C:\lab-hackathon\dataset\Hypodontia\(192).JPG,Hypodontia,5,0
C:\lab-hackathon\dataset\yolo_bbox\images\train\caries_0_4627.jpeg,Caries,0,0
C:\lab-hackathon\dataset\Hypodontia\(990).JPG,Hypodontia,5,0
C:\lab-hackathon\dataset\yolo_bbox\images\train\393.jpg,Ulcers,4,0
C:\lab-hackathon\dataset\yolo_bbox\images\train\541.jpg,Tooth Discoloration,3,0
C:\lab-hackathon\dataset\Gingivitis\(2077).jpg,Gingivitis,2,0
C:\lab-hackathon\dataset\Gingivitis\(317).jpg,Gingivitis,2,0
C:\lab-hackathon\dataset\Hypodontia\(1181).jpg,Hypodontia,5,0
C:\lab-hackathon\dataset\Ulcers\original\92.jpg,Ulcers,4,0
C:\lab-hackathon\dataset\Tooth Discoloration\augmented\Tooth_Discoloration_0_1026.jpeg,Tooth Discoloration,3,1
C:\lab-hackathon\dataset\Gingivitis\(1577).jpg,Gingivitis,2,0
C:\lab-hackathon\dataset\Tooth Discoloration\augmented\Tooth_Discoloration_0_8075.jpeg,Tooth Discoloration,3,1
C:\lab-hackathon\dataset\Hypodontia\(197).JPG,Hypodontia,5,0
C:\lab-hackathon\dataset\Caries\augmented\caries_0_9819.jpeg,Caries,0,1
C:\lab-hackathon\dataset\Gingivitis\(76).jpg,Gingivitis,2,0
C:\lab-hackathon\dataset\Ulcers\augmented\Mouth_Ulcer_0_6473.jpeg,Ulcers,4,1
C:\lab-hackathon\dataset\Calculus\(1246).jpg,Calculus,1,0
C:\lab-hackathon\dataset\Calculus\(705).jpg,Calculus,1,0
C:\lab-hackathon\dataset\Hypodontia\(1174).JPG,Hypodontia,5,0
C:\lab-hackathon\dataset\Tooth Discoloration\augmented\Tooth_Discoloration_0_5683.jpeg,Tooth Discoloration,3,1
C:\lab-hackathon\dataset\Caries\augmented\caries_0_6681.jpeg,Caries,0,1
C:\lab-hackathon\dataset\Ulcers\augmented\Mouth_Ulcer_0_3006.jpeg,Ulcers,4,1
C:\lab-hackathon\dataset\Caries\augmented\caries_0_4253.jpeg,Caries,0,1
C:\lab-hackathon\dataset\Gingivitis\(529).jpg,Gingivitis,2,0
C:\lab-hackathon\dataset\Ulcers\augmented\Mouth_Ulcer_0_1609.jpeg,Ulcers,4,1
C:\lab-hackathon\dataset\Gingivitis\(1750).jpg,Gingivitis,2,0
C:\lab-hackathon\dataset\Ulcers\augmented\Mouth_Ulcer_0_216.jpeg,Ulcers,4,1
C:\lab-hackathon\dataset\Gingivitis\(1582).jpg,Gingivitis,2,0
C:\lab-hackathon\dataset\Gingivitis\(315).jpg,Gingivitis,2,0
C:\lab-hackathon\dataset\Caries\original\7.jpg,Caries,0,0
C:\lab-hackathon\dataset\Gingivitis\(1108)(1).jpg,Gingivitis,2,0
C:\lab-hackathon\dataset\Gingivitis\(1823).jpg,Gingivitis,2,0
C:\lab-hackathon\dataset\Calculus\(907).jpg,Calculus,1,0
C:\lab-hackathon\dataset\Caries\augmented\caries_0_5796.jpeg,Caries,0,1
C:\lab-hackathon\dataset\Gingivitis\(2158).jpg,Gingivitis,2,0
C:\lab-hackathon\dataset\yolo_bbox\images\train\494.jpg,Tooth Discoloration,3,0
C:\lab-hackathon\dataset\Gingivitis\(225).jpg,Gingivitis,2,0
C:\lab-hackathon\dataset\Hypodontia\(362).JPG,Hypodontia,5,0
C:\lab-hackathon\dataset\Gingivitis\(2179).jpg,Gingivitis,2,0
C:\lab-hackathon\dataset\Ulcers\augmented\Mouth_Ulcer_0_5716.jpeg,Ulcers,4,1
C:\lab-hackathon\dataset\yolo_bbox\images\train\caries_0_4986.jpeg,Caries,0,0
C:\lab-hackathon\dataset\Hypodontia\(603).JPG,Hypodontia,5,0
C:\lab-hackathon\dataset\Hypodontia\(439).JPG,Hypodontia,5,0
C:\lab-hackathon\dataset\Gingivitis\(494).jpg,Gingivitis,2,0
C:\lab-hackathon\dataset\Gingivitis\(310).jpg,Gingivitis,2,0
C:\lab-hackathon\dataset\Gingivitis\(427).jpg,Gingivitis,2,0
C:\lab-hackathon\dataset\Calculus\(479).jpg,Calculus,1,0
C:\lab-hackathon\dataset\Gingivitis\(370).jpg,Gingivitis,2,0
C:\lab-hackathon\dataset\Calculus\(321).jpg,Calculus,1,0
C:\lab-hackathon\dataset\Gingivitis\(343).jpg,Gingivitis,2,0
C:\lab-hackathon\dataset\Gingivitis\(1422).jpg,Gingivitis,2,0
C:\lab-hackathon\dataset\Ulcers\augmented\Mouth_Ulcer_0_9372.jpeg,Ulcers,4,1
C:\lab-hackathon\dataset\Gingivitis\(1834).jpg,Gingivitis,2,0
C:\lab-hackathon\dataset\Calculus\(493).jpg,Calculus,1,0
C:\lab-hackathon\dataset\yolo_bbox\images\train\469.jpg,Tooth Discoloration,3,0
C:\lab-hackathon\dataset\Caries\augmented\caries_0_779.jpeg,Caries,0,1
C:\lab-hackathon\dataset\Ulcers\augmented\Mouth_Ulcer_0_8296.jpeg,Ulcers,4,1
C:\lab-hackathon\dataset\Tooth Discoloration\augmented\Tooth_Discoloration_0_176.jpeg,Tooth Discoloration,3,1
C:\lab-hackathon\dataset\Hypodontia\(1226).JPG,Hypodontia,5,0
C:\lab-hackathon\dataset\yolo_bbox\images\train\47.jpg,Caries,0,0
C:\lab-hackathon\dataset\Tooth Discoloration\augmented\Tooth_Discoloration_0_2468.jpeg,Tooth Discoloration,3,1
C:\lab-hackathon\dataset\Caries\augmented\caries_0_35.jpeg,Caries,0,1
C:\lab-hackathon\dataset\Tooth Discoloration\augmented\Tooth_Discoloration_0_7918.jpeg,Tooth Discoloration,3,1
C:\lab-hackathon\dataset\Calculus\(774).jpg,Calculus,1,0
C:\lab-hackathon\dataset\yolo_bbox\images\train\(167).jpg,Gingivitis,2,0
C:\lab-hackathon\dataset\Tooth Discoloration\augmented\Tooth_Discoloration_0_5702.jpeg,Tooth Discoloration,3,1
C:\lab-hackathon\dataset\Caries\augmented\caries_0_3619.jpeg,Caries,0,1
C:\lab-hackathon\dataset\Calculus\(1291).jpg,Calculus,1,0
C:\lab-hackathon\dataset\yolo_bbox\images\train\caries_0_3874.jpeg,Caries,0,0
C:\lab-hackathon\dataset\Caries\augmented\caries_0_7462.jpeg,Caries,0,1
C:\lab-hackathon\dataset\Calculus\(498).jpg,Calculus,1,0
C:\lab-hackathon\dataset\Caries\augmented\caries_0_6483.jpeg,Caries,0,1
C:\lab-hackathon\dataset\Tooth Discoloration\augmented\Tooth_Discoloration_0_9751.jpeg,Tooth Discoloration,3,1
C:\lab-hackathon\dataset\Hypodontia\(1007).JPG,Hypodontia,5,0
C:\lab-hackathon\dataset\Ulcers\augmented\Mouth_Ulcer_0_3096.jpeg,Ulcers,4,1
C:\lab-hackathon\dataset\Gingivitis\(1941).jpg,Gingivitis,2,0
C:\lab-hackathon\dataset\Ulcers\augmented\Mouth_Ulcer_0_6156.jpeg,Ulcers,4,1
C:\lab-hackathon\dataset\yolo_bbox\images\train\caries_0_5076.jpeg,Caries,0,0
C:\lab-hackathon\dataset\Gingivitis\(581).jpg,Gingivitis,2,0
C:\lab-hackathon\dataset\Caries\augmented\caries_0_1007.jpeg,Caries,0,1
C:\lab-hackathon\dataset\Caries\augmented\caries_0_6451.jpeg,Caries,0,1
C:\lab-hackathon\dataset\Calculus\(594).jpg,Calculus,1,0
C:\lab-hackathon\dataset\Caries\augmented\caries_0_2944.jpeg,Caries,0,1
C:\lab-hackathon\dataset\Ulcers\augmented\Mouth_Ulcer_0_7282.jpeg,Ulcers,4,1
C:\lab-hackathon\dataset\Gingivitis\(1742).jpg,Gingivitis,2,0
C:\lab-hackathon\dataset\Hypodontia\(441).JPG,Hypodontia,5,0
C:\lab-hackathon\dataset\Gingivitis\(1527).jpg,Gingivitis,2,0
C:\lab-hackathon\dataset\Calculus\(1094).jpg,Calculus,1,0
C:\lab-hackathon\dataset\Ulcers\augmented\Mouth_Ulcer_0_5905.jpeg,Ulcers,4,1
C:\lab-hackathon\dataset\Ulcers\augmented\Mouth_Ulcer_0_3913.jpeg,Ulcers,4,1
C:\lab-hackathon\dataset\Tooth Discoloration\augmented\Tooth_Discoloration_0_3920.jpeg,Tooth Discoloration,3,1
C:\lab-hackathon\dataset\Gingivitis\(2308).jpg,Gingivitis,2,0
C:\lab-hackathon\dataset\Gingivitis\(228).jpg,Gingivitis,2,0
C:\lab-hackathon\dataset\Tooth Discoloration\original\44.jpg,Tooth Discoloration,3,0
C:\lab-hackathon\dataset\yolo_bbox\images\train\caries_0_520.jpeg,Caries,0,0
C:\lab-hackathon\dataset\Calculus\(172).jpg,Calculus,1,0
C:\lab-hackathon\dataset\yolo_bbox\images\train\417.jpg,Ulcers,4,0
C:\lab-hackathon\dataset\Calculus\(544).jpg,Calculus,1,0
C:\lab-hackathon\dataset\Hypodontia\(352).JPG,Hypodontia,5,0
C:\lab-hackathon\dataset\Gingivitis\(910).jpg,Gingivitis,2,0
C:\lab-hackathon\dataset\yolo_bbox\images\train\546.jpg,Tooth Discoloration,3,0
C:\lab-hackathon\dataset\Tooth Discoloration\augmented\Tooth_Discoloration_0_148.jpeg,Tooth Discoloration,3,1
C:\lab-hackathon\dataset\Tooth Discoloration\augmented\Tooth_Discoloration_0_9722.jpeg,Tooth Discoloration,3,1
C:\lab-hackathon\dataset\Ulcers\original\233.jpg,Ulcers,4,0
C:\lab-hackathon\dataset\Calculus\(164).jpg,Calculus,1,0
C:\lab-hackathon\dataset\Ulcers\augmented\Mouth_Ulcer_0_5771.jpeg,Ulcers,4,1
C:\lab-hackathon\dataset\Hypodontia\(946).jpg,Hypodontia,5,0
C:\lab-hackathon\dataset\yolo_bbox\images\train\371.jpg,Ulcers,4,0
C:\lab-hackathon\dataset\Caries\augmented\caries_0_9465.jpeg,Caries,0,1
C:\lab-hackathon\dataset\Caries\augmented\caries_0_1600.jpeg,Caries,0,1
C:\lab-hackathon\dataset\Tooth Discoloration\augmented\Tooth_Discoloration_0_1859.jpeg,Tooth Discoloration,3,1
C:\lab-hackathon\dataset\Hypodontia\(542).jpg,Hypodontia,5,0
C:\lab-hackathon\dataset\Gingivitis\(759).jpg,Gingivitis,2,0
C:\lab-hackathon\dataset\Hypodontia\(555).JPG,Hypodontia,5,0
C:\lab-hackathon\dataset\yolo_bbox\images\train\216.jpg,Caries,0,0
C:\lab-hackathon\dataset\yolo_bbox\images\train\470.jpg,Caries,0,0
C:\lab-hackathon\dataset\Gingivitis\(690).jpg,Gingivitis,2,0
C:\lab-hackathon\dataset\yolo_bbox\images\train\caries_0_5184.jpeg,Caries,0,0
C:\lab-hackathon\dataset\Ulcers\augmented\Mouth_Ulcer_0_9071.jpeg,Ulcers,4,1
C:\lab-hackathon\dataset\Hypodontia\(280).JPG,Hypodontia,5,0
C:\lab-hackathon\dataset\Hypodontia\(80).JPG,Hypodontia,5,0
C:\lab-hackathon\dataset\Calculus\(616).jpg,Calculus,1,0
C:\lab-hackathon\dataset\yolo_bbox\images\train\caries_0_4786.jpeg,Caries,0,0
C:\lab-hackathon\dataset\Gingivitis\(1183).jpg,Gingivitis,2,0
C:\lab-hackathon\dataset\Gingivitis\(605).jpg,Gingivitis,2,0
C:\lab-hackathon\dataset\Caries\augmented\caries_0_3604.jpeg,Caries,0,1
C:\lab-hackathon\dataset\Caries\augmented\caries_0_3486.jpeg,Caries,0,1
C:\lab-hackathon\dataset\Tooth Discoloration\augmented\Tooth_Discoloration_0_4319.jpeg,Tooth Discoloration,3,1
C:\lab-hackathon\dataset\Gingivitis\(374).jpg,Gingivitis,2,0
C:\lab-hackathon\dataset\Ulcers\augmented\Mouth_Ulcer_0_3379.jpeg,Ulcers,4,1
C:\lab-hackathon\dataset\Hypodontia\(648).jpg,Hypodontia,5,0
C:\lab-hackathon\dataset\yolo_bbox\images\train\caries_0_3776.jpeg,Caries,0,0
C:\lab-hackathon\dataset\Ulcers\augmented\Mouth_Ulcer_0_6583.jpeg,Ulcers,4,1
C:\lab-hackathon\dataset\Hypodontia\(944).jpg,Hypodontia,5,0
C:\lab-hackathon\dataset\yolo_bbox\images\train\caries_0_4992.jpeg,Caries,0,0
C:\lab-hackathon\dataset\yolo_bbox\images\train\141.jpg,Caries,0,0
C:\lab-hackathon\dataset\Caries\augmented\caries_0_2595.jpeg,Caries,0,1
C:\lab-hackathon\dataset\Gingivitis\(1645).jpg,Gingivitis,2,0
C:\lab-hackathon\dataset\Gingivitis\(412).jpg,Gingivitis,2,0
C:\lab-hackathon\dataset\yolo_bbox\images\train\caries_0_4032.jpeg,Caries,0,0
C:\lab-hackathon\dataset\Hypodontia\(765).jpg,Hypodontia,5,0
C:\lab-hackathon\dataset\Ulcers\augmented\Mouth_Ulcer_0_3834.jpeg,Ulcers,4,1
C:\lab-hackathon\dataset\Hypodontia\(1097).jpg,Hypodontia,5,0
C:\lab-hackathon\dataset\yolo_bbox\images\train\caries_0_4892.jpeg,Caries,0,0
C:\lab-hackathon\dataset\Ulcers\augmented\Mouth_Ulcer_0_3731.jpeg,Ulcers,4,1
C:\lab-hackathon\dataset\Gingivitis\(2173).jpg,Gingivitis,2,0
C:\lab-hackathon\dataset\Ulcers\augmented\Mouth_Ulcer_0_8552.jpeg,Ulcers,4,1
C:\lab-hackathon\dataset\Calculus\(347).jpg,Calculus,1,0
C:\lab-hackathon\dataset\yolo_bbox\images\train\625.jpg,Tooth Discoloration,3,0
C:\lab-hackathon\dataset\Caries\augmented\caries_0_634.jpeg,Caries,0,1
C:\lab-hackathon\dataset\Caries\augmented\caries_0_9579.jpeg,Caries,0,1
C:\lab-hackathon\dataset\Ulcers\augmented\Mouth_Ulcer_0_5669.jpeg,Ulcers,4,1
C:\lab-hackathon\dataset\Tooth Discoloration\augmented\Tooth_Discoloration_0_7921.jpeg,Tooth Discoloration,3,1
C:\lab-hackathon\dataset\Caries\original\199.jpg,Caries,0,0
C:\lab-hackathon\dataset\Tooth Discoloration\augmented\Tooth_Discoloration_0_9023.jpeg,Tooth Discoloration,3,1
C:\lab-hackathon\dataset\Ulcers\augmented\Mouth_Ulcer_0_9560.jpeg,Ulcers,4,1
C:\lab-hackathon\dataset\Gingivitis\(944).jpg,Gingivitis,2,0
C:\lab-hackathon\dataset\Caries\augmented\caries_0_6686.jpeg,Caries,0,1
C:\lab-hackathon\dataset\yolo_bbox\images\train\caries_0_3427.jpeg,Caries,0,0
C:\lab-hackathon\dataset\yolo_bbox\images\train\176.jpg,Caries,0,0
C:\lab-hackathon\dataset\yolo_bbox\images\train\376.jpg,Ulcers,4,0
C:\lab-hackathon\dataset\Hypodontia\(863).JPG,Hypodontia,5,0
C:\lab-hackathon\dataset\Gingivitis\(137).jpg,Gingivitis,2,0
C:\lab-hackathon\dataset\Tooth Discoloration\augmented\Tooth_Discoloration_0_8308.jpeg,Tooth Discoloration,3,1
C:\lab-hackathon\dataset\yolo_bbox\images\train\316.jpg,Ulcers,4,0
C:\lab-hackathon\dataset\Hypodontia\(556).JPG,Hypodontia,5,0
C:\lab-hackathon\dataset\Gingivitis\(2262).jpg,Gingivitis,2,0
C:\lab-hackathon\dataset\Tooth Discoloration\original\30.jpg,Tooth Discoloration,3,0
C:\lab-hackathon\dataset\Tooth Discoloration\augmented\Tooth_Discoloration_0_1443.jpeg,Tooth Discoloration,3,1
C:\lab-hackathon\dataset\Gingivitis\(635).jpg,Gingivitis,2,0
C:\lab-hackathon\dataset\yolo_bbox\images\train\caries_0_3239.jpeg,Caries,0,0
C:\lab-hackathon\dataset\Caries\augmented\caries_0_7893.jpeg,Caries,0,1
C:\lab-hackathon\dataset\Ulcers\original\235.jpg,Ulcers,4,0
C:\lab-hackathon\dataset\Ulcers\augmented\Mouth_Ulcer_0_184.jpeg,Ulcers,4,1
C:\lab-hackathon\dataset\Gingivitis\(305).jpg,Gingivitis,2,0
C:\lab-hackathon\dataset\Tooth Discoloration\augmented\Tooth_Discoloration_0_3724.jpeg,Tooth Discoloration,3,1
C:\lab-hackathon\dataset\Tooth Discoloration\original\46.jpg,Tooth Discoloration,3,0
C:\lab-hackathon\dataset\Tooth Discoloration\augmented\Tooth_Discoloration_0_1008.jpeg,Tooth Discoloration,3,1
C:\lab-hackathon\dataset\Calculus\(143).jpg,Calculus,1,0
C:\lab-hackathon\dataset\yolo_bbox\images\train\(95).jpg,Gingivitis,2,0
C:\lab-hackathon\dataset\Caries\augmented\caries_0_7937.jpeg,Caries,0,1
C:\lab-hackathon\dataset\Calculus\(49).jpg,Calculus,1,0
C:\lab-hackathon\dataset\yolo_bbox\images\train\24.jpg,Caries,0,0
C:\lab-hackathon\dataset\Tooth Discoloration\augmented\Tooth_Discoloration_0_8940.jpeg,Tooth Discoloration,3,1
C:\lab-hackathon\dataset\Gingivitis\(1371).jpg,Gingivitis,2,0
C:\lab-hackathon\dataset\yolo_bbox\images\train\(55).jpg,Gingivitis,2,0
C:\lab-hackathon\dataset\yolo_bbox\images\train\497.jpg,Tooth Discoloration,3,0
C:\lab-hackathon\dataset\Caries\augmented\caries_0_404.jpeg,Caries,0,1
C:\lab-hackathon\dataset\Gingivitis\(2118).jpg,Gingivitis,2,0
C:\lab-hackathon\dataset\Caries\original\2.jpg,Caries,0,0
C:\lab-hackathon\dataset\Ulcers\augmented\Mouth_Ulcer_0_9585.jpeg,Ulcers,4,1
C:\lab-hackathon\dataset\Calculus\(925).jpg,Calculus,1,0
C:\lab-hackathon\dataset\Caries\augmented\caries_0_753.jpeg,Caries,0,1
C:\lab-hackathon\dataset\yolo_bbox\images\train\(144).jpg,Gingivitis,2,0
C:\lab-hackathon\dataset\Caries\augmented\caries_0_5422.jpeg,Caries,0,1
C:\lab-hackathon\dataset\Caries\augmented\caries_0_8351.jpeg,Caries,0,1
C:\lab-hackathon\dataset\yolo_bbox\images\train\571.jpg,Tooth Discoloration,3,0
C:\lab-hackathon\dataset\yolo_bbox\images\train\caries_0_4350.jpeg,Caries,0,0
C:\lab-hackathon\dataset\Tooth Discoloration\augmented\Tooth_Discoloration_0_9346.jpeg,Tooth Discoloration,3,1
C:\lab-hackathon\dataset\Ulcers\augmented\Mouth_Ulcer_0_5369.jpeg,Ulcers,4,1
C:\lab-hackathon\dataset\Caries\original\71.jpg,Caries,0,0
C:\lab-hackathon\dataset\Calculus\(716).jpg,Calculus,1,0
C:\lab-hackathon\dataset\yolo_bbox\images\train\caries_0_431.jpeg,Caries,0,0
C:\lab-hackathon\dataset\Gingivitis\(1714).jpg,Gingivitis,2,0
C:\lab-hackathon\dataset\Caries\augmented\caries_0_1981.jpeg,Caries,0,1
C:\lab-hackathon\dataset\Calculus\(1176).jpg,Calculus,1,0
C:\lab-hackathon\dataset\yolo_bbox\images\train\253.jpg,Ulcers,4,0
C:\lab-hackathon\dataset\yolo_bbox\images\train\605.jpg,Tooth Discoloration,3,0
C:\lab-hackathon\dataset\Gingivitis\(342).jpg,Gingivitis,2,0
C:\lab-hackathon\dataset\Hypodontia\(231).jpg,Hypodontia,5,0
C:\lab-hackathon\dataset\Calculus\(908).jpg,Calculus,1,0
C:\lab-hackathon\dataset\Tooth Discoloration\original\7.jpg,Tooth Discoloration,3,0
C:\lab-hackathon\dataset\Ulcers\original\201.jpg,Ulcers,4,0
C:\lab-hackathon\dataset\yolo_bbox\images\train\caries_0_4926.jpeg,Caries,0,0
C:\lab-hackathon\dataset\Gingivitis\(1701).jpg,Gingivitis,2,0
C:\lab-hackathon\dataset\Calculus\(258).jpg,Calculus,1,0
C:\lab-hackathon\dataset\Gingivitis\(573).jpg,Gingivitis,2,0
C:\lab-hackathon\dataset\Ulcers\augmented\Mouth_Ulcer_0_4067.jpeg,Ulcers,4,1
C:\lab-hackathon\dataset\Gingivitis\(509).jpg,Gingivitis,2,0
C:\lab-hackathon\dataset\yolo_bbox\images\train\636.jpg,Tooth Discoloration,3,0
C:\lab-hackathon\dataset\Hypodontia\(626).jpg,Hypodontia,5,0
C:\lab-hackathon\dataset\Hypodontia\(830).jpg,Hypodontia,5,0
C:\lab-hackathon\dataset\Hypodontia\(2).JPG,Hypodontia,5,0
C:\lab-hackathon\dataset\Calculus\(527).jpg,Calculus,1,0
C:\lab-hackathon\dataset\yolo_bbox\images\train\609.jpg,Tooth Discoloration,3,0
C:\lab-hackathon\dataset\Tooth Discoloration\augmented\Tooth_Discoloration_0_8181.jpeg,Tooth Discoloration,3,1
C:\lab-hackathon\dataset\Tooth Discoloration\augmented\Tooth_Discoloration_0_5506.jpeg,Tooth Discoloration,3,1
C:\lab-hackathon\dataset\yolo_bbox\images\train\caries_0_4736.jpeg,Caries,0,0
C:\lab-hackathon\dataset\Calculus\(35).jpg,Calculus,1,0
C:\lab-hackathon\dataset\Ulcers\original\43.jpg,Ulcers,4,0
C:\lab-hackathon\dataset\Calculus\(121).jpg,Calculus,1,0
C:\lab-hackathon\dataset\Gingivitis\(166).jpg,Gingivitis,2,0
C:\lab-hackathon\dataset\Hypodontia\(498).jpg,Hypodontia,5,0
C:\lab-hackathon\dataset\Gingivitis\(868).jpg,Gingivitis,2,0
C:\lab-hackathon\dataset\Gingivitis\(497).jpg,Gingivitis,2,0
C:\lab-hackathon\dataset\Ulcers\augmented\Mouth_Ulcer_0_1270.jpeg,Ulcers,4,1
C:\lab-hackathon\dataset\Ulcers\augmented\Mouth_Ulcer_0_1214.jpeg,Ulcers,4,1
C:\lab-hackathon\dataset\Ulcers\augmented\Mouth_Ulcer_0_6059.jpeg,Ulcers,4,1
C:\lab-hackathon\dataset\Caries\augmented\caries_0_1123.jpeg,Caries,0,1
C:\lab-hackathon\dataset\Ulcers\augmented\Mouth_Ulcer_0_2018.jpeg,Ulcers,4,1
C:\lab-hackathon\dataset\Calculus\(606).jpg,Calculus,1,0
C:\lab-hackathon\dataset\Calculus\(809).jpg,Calculus,1,0
C:\lab-hackathon\dataset\Gingivitis\(434).jpg,Gingivitis,2,0
C:\lab-hackathon\dataset\Ulcers\augmented\Mouth_Ulcer_0_3442.jpeg,Ulcers,4,1
C:\lab-hackathon\dataset\Gingivitis\(1494).jpg,Gingivitis,2,0
C:\lab-hackathon\dataset\Hypodontia\(1005).JPG,Hypodontia,5,0
C:\lab-hackathon\dataset\Tooth Discoloration\original\5.jpg,Tooth Discoloration,3,0
C:\lab-hackathon\dataset\Ulcers\original\157.jpg,Ulcers,4,0
C:\lab-hackathon\dataset\yolo_bbox\images\train\caries_0_4701.jpeg,Caries,0,0
C:\lab-hackathon\dataset\yolo_bbox\images\train\(151).jpg,Gingivitis,2,0
C:\lab-hackathon\dataset\Calculus\(1181).jpg,Calculus,1,0
C:\lab-hackathon\dataset\Gingivitis\(707).jpg,Gingivitis,2,0
C:\lab-hackathon\dataset\Ulcers\augmented\Mouth_Ulcer_0_8725.jpeg,Ulcers,4,1
C:\lab-hackathon\dataset\Ulcers\augmented\Mouth_Ulcer_0_3445.jpeg,Ulcers,4,1
C:\lab-hackathon\dataset\yolo_bbox\images\train\caries_0_4368.jpeg,Caries,0,0
C:\lab-hackathon\dataset\Calculus\(745).jpg,Calculus,1,0
C:\lab-hackathon\dataset\Hypodontia\(1219).jpg,Hypodontia,5,0
C:\lab-hackathon\dataset\Tooth Discoloration\augmented\Tooth_Discoloration_0_4856.jpeg,Tooth Discoloration,3,1
C:\lab-hackathon\dataset\Hypodontia\(112).jpg,Hypodontia,5,0
C:\lab-hackathon\dataset\Hypodontia\(1211).JPG,Hypodontia,5,0
C:\lab-hackathon\dataset\Tooth Discoloration\augmented\Tooth_Discoloration_0_8351.jpeg,Tooth Discoloration,3,1
C:\lab-hackathon\dataset\yolo_bbox\images\train\caries_0_4066.jpeg,Caries,0,0
C:\lab-hackathon\dataset\yolo_bbox\images\train\caries_0_3537.jpeg,Caries,0,0
C:\lab-hackathon\dataset\Ulcers\original\68.jpg,Ulcers,4,0
C:\lab-hackathon\dataset\Tooth Discoloration\augmented\Tooth_Discoloration_0_6591.jpeg,Tooth Discoloration,3,1
C:\lab-hackathon\dataset\Ulcers\original\214.jpg,Ulcers,4,0
C:\lab-hackathon\dataset\Hypodontia\(45).JPG,Hypodontia,5,0
C:\lab-hackathon\dataset\Gingivitis\(1731).jpg,Gingivitis,2,0
C:\lab-hackathon\dataset\yolo_bbox\images\train\422.jpg,Ulcers,4,0
C:\lab-hackathon\dataset\Calculus\(161).jpg,Calculus,1,0
C:\lab-hackathon\dataset\Ulcers\augmented\Mouth_Ulcer_0_2744.jpeg,Ulcers,4,1
C:\lab-hackathon\dataset\yolo_bbox\images\train\190.jpg,Caries,0,0
C:\lab-hackathon\dataset\yolo_bbox\images\train\(102).jpg,Gingivitis,2,0
C:\lab-hackathon\dataset\Caries\augmented\caries_0_4339.jpeg,Caries,0,1
C:\lab-hackathon\dataset\Hypodontia\(1193).jpg,Hypodontia,5,0
C:\lab-hackathon\dataset\Caries\augmented\caries_0_4653.jpeg,Caries,0,1
C:\lab-hackathon\dataset\Gingivitis\(313).jpg,Gingivitis,2,0
C:\lab-hackathon\dataset\Hypodontia\(734).JPG,Hypodontia,5,0
C:\lab-hackathon\dataset\Hypodontia\(586).JPG,Hypodontia,5,0
C:\lab-hackathon\dataset\yolo_bbox\images\train\caries_0_4075.jpeg,Caries,0,0
C:\lab-hackathon\dataset\Calculus\(966).jpg,Calculus,1,0
C:\lab-hackathon\dataset\Gingivitis\(445).jpg,Gingivitis,2,0
C:\lab-hackathon\dataset\Hypodontia\(1227).JPG,Hypodontia,5,0
C:\lab-hackathon\dataset\Tooth Discoloration\augmented\Tooth_Discoloration_0_8609.jpeg,Tooth Discoloration,3,1
C:\lab-hackathon\dataset\Gingivitis\(511).jpg,Gingivitis,2,0
C:\lab-hackathon\dataset\yolo_bbox\images\train\286.jpg,Ulcers,4,0
C:\lab-hackathon\dataset\Hypodontia\(473).JPG,Hypodontia,5,0
C:\lab-hackathon\dataset\Tooth Discoloration\augmented\Tooth_Discoloration_0_1134.jpeg,Tooth Discoloration,3,1
C:\lab-hackathon\dataset\Tooth Discoloration\augmented\Tooth_Discoloration_0_7770.jpeg,Tooth Discoloration,3,1
C:\lab-hackathon\dataset\yolo_bbox\images\train\305.jpg,Ulcers,4,0
C:\lab-hackathon\dataset\Gingivitis\(2056).jpg,Gingivitis,2,0
C:\lab-hackathon\dataset\Tooth Discoloration\augmented\Tooth_Discoloration_0_3267.jpeg,Tooth Discoloration,3,1
C:\lab-hackathon\dataset\Tooth Discoloration\augmented\Tooth_Discoloration_0_4864.jpeg,Tooth Discoloration,3,1
C:\lab-hackathon\dataset\Gingivitis\(350).jpg,Gingivitis,2,0
C:\lab-hackathon\dataset\Ulcers\augmented\Mouth_Ulcer_0_6814.jpeg,Ulcers,4,1
C:\lab-hackathon\dataset\Ulcers\augmented\Mouth_Ulcer_0_9614.jpeg,Ulcers,4,1
C:\lab-hackathon\dataset\Caries\augmented\caries_0_1916.jpeg,Caries,0,1
C:\lab-hackathon\dataset\yolo_bbox\images\train\296.jpg,Ulcers,4,0
C:\lab-hackathon\dataset\yolo_bbox\images\train\132.jpg,Caries,0,0
C:\lab-hackathon\dataset\Gingivitis\(356).jpg,Gingivitis,2,0
C:\lab-hackathon\dataset\Hypodontia\(943).jpg,Hypodontia,5,0
C:\lab-hackathon\dataset\Hypodontia\(970).jpg,Hypodontia,5,0
C:\lab-hackathon\dataset\Calculus\(92).jpg,Calculus,1,0
C:\lab-hackathon\dataset\Tooth Discoloration\original\15.jpg,Tooth Discoloration,3,0
C:\lab-hackathon\dataset\Gingivitis\(325).jpg,Gingivitis,2,0
C:\lab-hackathon\dataset\Gingivitis\(71).jpg,Gingivitis,2,0
C:\lab-hackathon\dataset\Gingivitis\(1475).jpg,Gingivitis,2,0
C:\lab-hackathon\dataset\yolo_bbox\images\train\584.jpg,Tooth Discoloration,3,0
C:\lab-hackathon\dataset\yolo_bbox\images\train\464.jpg,Tooth Discoloration,3,0
C:\lab-hackathon\dataset\Ulcers\augmented\Mouth_Ulcer_0_5735.jpeg,Ulcers,4,1
C:\lab-hackathon\dataset\yolo_bbox\images\train\97.jpg,Caries,0,0
C:\lab-hackathon\dataset\Gingivitis\(1171).jpg,Gingivitis,2,0
C:\lab-hackathon\dataset\Gingivitis\(1682).jpg,Gingivitis,2,0
C:\lab-hackathon\dataset\Caries\augmented\caries_0_1286.jpeg,Caries,0,1
C:\lab-hackathon\dataset\Calculus\(629).jpg,Calculus,1,0
C:\lab-hackathon\dataset\Hypodontia\(1133).JPG,Hypodontia,5,0
C:\lab-hackathon\dataset\Gingivitis\(542).jpg,Gingivitis,2,0
C:\lab-hackathon\dataset\yolo_bbox\images\train\25.jpg,Caries,0,0
C:\lab-hackathon\dataset\Ulcers\augmented\Mouth_Ulcer_0_5169.jpeg,Ulcers,4,1
C:\lab-hackathon\dataset\Hypodontia\(35).JPG,Hypodontia,5,0
C:\lab-hackathon\dataset\Ulcers\original\257.jpg,Ulcers,4,0
C:\lab-hackathon\dataset\Caries\augmented\caries_0_4917.jpeg,Caries,0,1
C:\lab-hackathon\dataset\Gingivitis\(1077).jpg,Gingivitis,2,0
C:\lab-hackathon\dataset\Gingivitis\(909).jpg,Gingivitis,2,0
C:\lab-hackathon\dataset\Tooth Discoloration\original\12.jpg,Tooth Discoloration,3,0
C:\lab-hackathon\dataset\Tooth Discoloration\augmented\Tooth_Discoloration_0_7860.jpeg,Tooth Discoloration,3,1
C:\lab-hackathon\dataset\Tooth Discoloration\augmented\Tooth_Discoloration_0_5819.jpeg,Tooth Discoloration,3,1
C:\lab-hackathon\dataset\yolo_bbox\images\train\caries_0_245.jpeg,Caries,0,0
C:\lab-hackathon\dataset\Calculus\(96).jpg,Calculus,1,0
C:\lab-hackathon\dataset\Ulcers\original\113.jpg,Ulcers,4,0
C:\lab-hackathon\dataset\yolo_bbox\images\train\caries_0_5055.jpeg,Caries,0,0
C:\lab-hackathon\dataset\Gingivitis\(1740).jpg,Gingivitis,2,0
C:\lab-hackathon\dataset\Caries\augmented\caries_0_6210.jpeg,Caries,0,1
C:\lab-hackathon\dataset\Gingivitis\(2069).jpg,Gingivitis,2,0
C:\lab-hackathon\dataset\Ulcers\augmented\Mouth_Ulcer_0_1625.jpeg,Ulcers,4,1
C:\lab-hackathon\dataset\yolo_bbox\images\train\613.jpg,Tooth Discoloration,3,0
C:\lab-hackathon\dataset\Calculus\(788).jpg,Calculus,1,0
C:\lab-hackathon\dataset\Tooth Discoloration\augmented\Tooth_Discoloration_0_6341.jpeg,Tooth Discoloration,3,1
C:\lab-hackathon\dataset\yolo_bbox\images\train\(196).jpg,Gingivitis,2,0
C:\lab-hackathon\dataset\Caries\augmented\caries_0_8726.jpeg,Caries,0,1
C:\lab-hackathon\dataset\yolo_bbox\images\train\caries_0_604.jpeg,Ulcers,4,0
C:\lab-hackathon\dataset\Calculus\(99).jpg,Calculus,1,0
C:\lab-hackathon\dataset\Gingivitis\(199).jpg,Gingivitis,2,0
C:\lab-hackathon\dataset\Gingivitis\(1271).jpg,Gingivitis,2,0
C:\lab-hackathon\dataset\Tooth Discoloration\augmented\Tooth_Discoloration_0_1131.jpeg,Tooth Discoloration,3,1
C:\lab-hackathon\dataset\Tooth Discoloration\augmented\Tooth_Discoloration_0_7027.jpeg,Tooth Discoloration,3,1
C:\lab-hackathon\dataset\Gingivitis\(557).jpg,Gingivitis,2,0
C:\lab-hackathon\dataset\Gingivitis\(2140).jpg,Gingivitis,2,0
C:\lab-hackathon\dataset\Ulcers\augmented\Mouth_Ulcer_0_2215.jpeg,Ulcers,4,1
C:\lab-hackathon\dataset\Hypodontia\(879).JPG,Hypodontia,5,0
C:\lab-hackathon\dataset\Caries\original\165.jpg,Caries,0,0
C:\lab-hackathon\dataset\Hypodontia\(108).jpg,Hypodontia,5,0
C:\lab-hackathon\dataset\Hypodontia\(553).jpg,Hypodontia,5,0
C:\lab-hackathon\dataset\Caries\augmented\caries_0_4777.jpeg,Caries,0,1
C:\lab-hackathon\dataset\Hypodontia\(647).JPG,Hypodontia,5,0
C:\lab-hackathon\dataset\Gingivitis\(2100).jpg,Gingivitis,2,0
C:\lab-hackathon\dataset\yolo_bbox\images\train\335.jpg,Ulcers,4,0
C:\lab-hackathon\dataset\Tooth Discoloration\augmented\Tooth_Discoloration_0_129.jpeg,Tooth Discoloration,3,1
C:\lab-hackathon\dataset\Gingivitis\(1255).jpg,Gingivitis,2,0
C:\lab-hackathon\dataset\yolo_bbox\images\train\362.jpg,Ulcers,4,0
C:\lab-hackathon\dataset\Caries\augmented\caries_0_4130.jpeg,Caries,0,1
C:\lab-hackathon\dataset\Calculus\(324).jpg,Calculus,1,0
C:\lab-hackathon\dataset\Tooth Discoloration\original\142.jpg,Tooth Discoloration,3,0
C:\lab-hackathon\dataset\yolo_bbox\images\train\467.jpg,Tooth Discoloration,3,0
C:\lab-hackathon\dataset\Ulcers\original\12.jpg,Ulcers,4,0
C:\lab-hackathon\dataset\Gingivitis\(1486).jpg,Gingivitis,2,0
C:\lab-hackathon\dataset\Caries\original\125.jpg,Caries,0,0
C:\lab-hackathon\dataset\Hypodontia\(575).JPG,Hypodontia,5,0
C:\lab-hackathon\dataset\yolo_bbox\images\train\294.jpg,Ulcers,4,0
C:\lab-hackathon\dataset\Caries\augmented\caries_0_41.jpeg,Caries,0,1
C:\lab-hackathon\dataset\Ulcers\original\222.jpg,Ulcers,4,0
C:\lab-hackathon\dataset\Ulcers\original\262.jpg,Ulcers,4,0
C:\lab-hackathon\dataset\Caries\augmented\caries_0_5878.jpeg,Caries,0,1
C:\lab-hackathon\dataset\Hypodontia\(659).JPG,Hypodontia,5,0
C:\lab-hackathon\dataset\yolo_bbox\images\train\(194).jpg,Gingivitis,2,0
C:\lab-hackathon\dataset\Hypodontia\(1152).JPG,Hypodontia,5,0
C:\lab-hackathon\dataset\Calculus\(1295).jpg,Calculus,1,0
C:\lab-hackathon\dataset\Gingivitis\(675).jpg,Gingivitis,2,0
C:\lab-hackathon\dataset\Calculus\(1036).jpg,Calculus,1,0
C:\lab-hackathon\dataset\Tooth Discoloration\augmented\Tooth_Discoloration_0_6280.jpeg,Tooth Discoloration,3,1
C:\lab-hackathon\dataset\yolo_bbox\images\train\34.jpg,Caries,0,0
C:\lab-hackathon\dataset\Hypodontia\(107).jpg,Hypodontia,5,0
C:\lab-hackathon\dataset\yolo_bbox\images\train\caries_0_381.jpeg,Caries,0,0
C:\lab-hackathon\dataset\Hypodontia\(518).JPG,Hypodontia,5,0
C:\lab-hackathon\dataset\Gingivitis\(1401).jpg,Gingivitis,2,0
C:\lab-hackathon\dataset\Gingivitis\(1288).jpg,Gingivitis,2,0
C:\lab-hackathon\dataset\yolo_bbox\images\train\caries_0_3898.jpeg,Caries,0,0
C:\lab-hackathon\dataset\Tooth Discoloration\augmented\Tooth_Discoloration_0_5871.jpeg,Tooth Discoloration,3,1
C:\lab-hackathon\dataset\yolo_bbox\images\train\280.jpg,Ulcers,4,0
C:\lab-hackathon\dataset\Hypodontia\(187).JPG,Hypodontia,5,0
C:\lab-hackathon\dataset\Ulcers\augmented\Mouth_Ulcer_0_8059.jpeg,Ulcers,4,1
C:\lab-hackathon\dataset\Calculus\(1074).jpg,Calculus,1,0
C:\lab-hackathon\dataset\yolo_bbox\images\train\caries_0_4321.jpeg,Caries,0,0
C:\lab-hackathon\dataset\Tooth Discoloration\augmented\Tooth_Discoloration_0_5732.jpeg,Tooth Discoloration,3,1
C:\lab-hackathon\dataset\Caries\augmented\caries_0_6004.jpeg,Caries,0,1
C:\lab-hackathon\dataset\Ulcers\augmented\Mouth_Ulcer_0_9554.jpeg,Ulcers,4,1
C:\lab-hackathon\dataset\Caries\augmented\caries_0_2420.jpeg,Caries,0,1
C:\lab-hackathon\dataset\Ulcers\augmented\Mouth_Ulcer_0_7509.jpeg,Ulcers,4,1
C:\lab-hackathon\dataset\Calculus\(478).jpg,Calculus,1,0
C:\lab-hackathon\dataset\Ulcers\augmented\Mouth_Ulcer_0_4358.jpeg,Ulcers,4,1
C:\lab-hackathon\dataset\Calculus\(863).jpg,Calculus,1,0
C:\lab-hackathon\dataset\Hypodontia\(200).JPG,Hypodontia,5,0
C:\lab-hackathon\dataset\Calculus\(1174).jpg,Calculus,1,0
C:\lab-hackathon\dataset\Calculus\(924).jpg,Calculus,1,0
C:\lab-hackathon\dataset\yolo_bbox\images\train\caries_0_3280.jpeg,Caries,0,0
C:\lab-hackathon\dataset\Ulcers\augmented\Mouth_Ulcer_0_7015.jpeg,Ulcers,4,1
C:\lab-hackathon\dataset\Ulcers\augmented\Mouth_Ulcer_0_8236.jpeg,Ulcers,4,1
C:\lab-hackathon\dataset\Caries\augmented\caries_0_4821.jpeg,Caries,0,1
C:\lab-hackathon\dataset\yolo_bbox\images\train\caries_0_5081.jpeg,Caries,0,0
C:\lab-hackathon\dataset\Caries\augmented\caries_0_9234.jpeg,Caries,0,1
C:\lab-hackathon\dataset\yolo_bbox\images\train\caries_0_3916.jpeg,Caries,0,0
C:\lab-hackathon\dataset\Hypodontia\(495).JPG,Hypodontia,5,0
C:\lab-hackathon\dataset\yolo_bbox\images\train\53.jpg,Caries,0,0
C:\lab-hackathon\dataset\Calculus\(990).jpg,Calculus,1,0
C:\lab-hackathon\dataset\yolo_bbox\images\train\413.jpg,Ulcers,4,0
C:\lab-hackathon\dataset\Caries\augmented\caries_0_6325.jpeg,Caries,0,1
C:\lab-hackathon\dataset\Tooth Discoloration\augmented\Tooth_Discoloration_0_2899.jpeg,Tooth Discoloration,3,1
C:\lab-hackathon\dataset\yolo_bbox\images\train\caries_0_5065.jpeg,Caries,0,0
C:\lab-hackathon\dataset\Hypodontia\(531).JPG,Hypodontia,5,0
C:\lab-hackathon\dataset\Hypodontia\(749).JPG,Hypodontia,5,0
C:\lab-hackathon\dataset\Gingivitis\(443).jpg,Gingivitis,2,0
C:\lab-hackathon\dataset\Ulcers\augmented\Mouth_Ulcer_0_364.jpeg,Ulcers,4,1
C:\lab-hackathon\dataset\Tooth Discoloration\augmented\Tooth_Discoloration_0_1041.jpeg,Tooth Discoloration,3,1
C:\lab-hackathon\dataset\Tooth Discoloration\augmented\Tooth_Discoloration_0_6044.jpeg,Tooth Discoloration,3,1
C:\lab-hackathon\dataset\Tooth Discoloration\augmented\Tooth_Discoloration_0_7423.jpeg,Tooth Discoloration,3,1
C:\lab-hackathon\dataset\Hypodontia\(59).JPG,Hypodontia,5,0
C:\lab-hackathon\dataset\Caries\augmented\caries_0_5054.jpeg,Caries,0,1
C:\lab-hackathon\dataset\Gingivitis\(2192).jpg,Gingivitis,2,0
C:\lab-hackathon\dataset\Gingivitis\(1317).jpg,Gingivitis,2,0
C:\lab-hackathon\dataset\Tooth Discoloration\augmented\Tooth_Discoloration_0_4882.jpeg,Tooth Discoloration,3,1
C:\lab-hackathon\dataset\Gingivitis\(1557).jpg,Gingivitis,2,0
C:\lab-hackathon\dataset\Calculus\(873).jpg,Calculus,1,0
C:\lab-hackathon\dataset\Hypodontia\(897).JPG,Hypodontia,5,0
C:\lab-hackathon\dataset\Hypodontia\(1205).JPG,Hypodontia,5,0
C:\lab-hackathon\dataset\Caries\augmented\caries_0_4627.jpeg,Caries,0,1
C:\lab-hackathon\dataset\Calculus\(430).jpg,Calculus,1,0
C:\lab-hackathon\dataset\Caries\augmented\caries_0_2071.jpeg,Caries,0,1
C:\lab-hackathon\dataset\Caries\augmented\caries_0_4898.jpeg,Caries,0,1
C:\lab-hackathon\dataset\Ulcers\augmented\Mouth_Ulcer_0_5165.jpeg,Ulcers,4,1
C:\lab-hackathon\dataset\Caries\augmented\caries_0_6363.jpeg,Caries,0,1
C:\lab-hackathon\dataset\yolo_bbox\images\train\caries_0_3845.jpeg,Caries,0,0
C:\lab-hackathon\dataset\Tooth Discoloration\augmented\Tooth_Discoloration_0_4165.jpeg,Tooth Discoloration,3,1
C:\lab-hackathon\dataset\yolo_bbox\images\train\325.jpg,Ulcers,4,0
C:\lab-hackathon\dataset\Tooth Discoloration\augmented\Tooth_Discoloration_0_7437.jpeg,Tooth Discoloration,3,1
C:\lab-hackathon\dataset\yolo_bbox\images\train\(97).jpg,Gingivitis,2,0
C:\lab-hackathon\dataset\Ulcers\augmented\Mouth_Ulcer_0_3801.jpeg,Ulcers,4,1
C:\lab-hackathon\dataset\Calculus\(992).jpg,Calculus,1,0
C:\lab-hackathon\dataset\Ulcers\augmented\Mouth_Ulcer_0_81.jpeg,Ulcers,4,1
C:\lab-hackathon\dataset\Tooth Discoloration\augmented\Tooth_Discoloration_0_7121.jpeg,Tooth Discoloration,3,1
C:\lab-hackathon\dataset\Tooth Discoloration\augmented\Tooth_Discoloration_0_3463.jpeg,Tooth Discoloration,3,1
C:\lab-hackathon\dataset\Gingivitis\(786).jpg,Gingivitis,2,0
C:\lab-hackathon\dataset\Caries\augmented\caries_0_8128.jpeg,Caries,0,1
C:\lab-hackathon\dataset\Tooth Discoloration\augmented\Tooth_Discoloration_0_5809.jpeg,Tooth Discoloration,3,1
C:\lab-hackathon\dataset\Ulcers\original\218.jpg,Ulcers,4,0
C:\lab-hackathon\dataset\Tooth Discoloration\augmented\Tooth_Discoloration_0_6212.jpeg,Tooth Discoloration,3,1
C:\lab-hackathon\dataset\Ulcers\augmented\Mouth_Ulcer_0_1844.jpeg,Ulcers,4,1
C:\lab-hackathon\dataset\Ulcers\augmented\Mouth_Ulcer_0_9106.jpeg,Ulcers,4,1
C:\lab-hackathon\dataset\Gingivitis\(942).jpg,Gingivitis,2,0
C:\lab-hackathon\dataset\Hypodontia\(143).JPG,Hypodontia,5,0
C:\lab-hackathon\dataset\yolo_bbox\images\train\139.jpg,Caries,0,0
C:\lab-hackathon\dataset\Gingivitis\(175).jpg,Gingivitis,2,0
C:\lab-hackathon\dataset\Calculus\(456).jpg,Calculus,1,0
C:\lab-hackathon\dataset\Gingivitis\(1150).jpg,Gingivitis,2,0
C:\lab-hackathon\dataset\Ulcers\original\165.jpg,Ulcers,4,0
C:\lab-hackathon\dataset\Tooth Discoloration\original\145.jpg,Tooth Discoloration,3,0
C:\lab-hackathon\dataset\Gingivitis\(2031).jpg,Gingivitis,2,0
C:\lab-hackathon\dataset\Hypodontia\(505).JPG,Hypodontia,5,0
C:\lab-hackathon\dataset\Caries\augmented\caries_0_5371.jpeg,Caries,0,1
C:\lab-hackathon\dataset\yolo_bbox\images\train\140.jpg,Caries,0,0
C:\lab-hackathon\dataset\Hypodontia\(736).JPG,Hypodontia,5,0
C:\lab-hackathon\dataset\Calculus\(79).jpg,Calculus,1,0
C:\lab-hackathon\dataset\Hypodontia\(354).JPG,Hypodontia,5,0
C:\lab-hackathon\dataset\Gingivitis\(43).jpg,Gingivitis,2,0
C:\lab-hackathon\dataset\Calculus\(1077).jpg,Calculus,1,0
C:\lab-hackathon\dataset\Hypodontia\(529).jpg,Hypodontia,5,0
C:\lab-hackathon\dataset\Tooth Discoloration\augmented\Tooth_Discoloration_0_808.jpeg,Tooth Discoloration,3,1
C:\lab-hackathon\dataset\Gingivitis\(435).jpg,Gingivitis,2,0
C:\lab-hackathon\dataset\Hypodontia\(945).jpg,Hypodontia,5,0
C:\lab-hackathon\dataset\Calculus\(508).jpg,Calculus,1,0
C:\lab-hackathon\dataset\yolo_bbox\images\train\255.jpg,Ulcers,4,0
C:\lab-hackathon\dataset\Ulcers\augmented\Mouth_Ulcer_0_4319.jpeg,Ulcers,4,1
C:\lab-hackathon\dataset\yolo_bbox\images\train\0.jpg,Caries,0,0
C:\lab-hackathon\dataset\Ulcers\augmented\Mouth_Ulcer_0_3002.jpeg,Ulcers,4,1
C:\lab-hackathon\dataset\Caries\augmented\caries_0_954.jpeg,Caries,0,1
C:\lab-hackathon\dataset\Tooth Discoloration\augmented\Tooth_Discoloration_0_6980.jpeg,Tooth Discoloration,3,1
C:\lab-hackathon\dataset\Hypodontia\(32).JPG,Hypodontia,5,0
C:\lab-hackathon\dataset\Ulcers\original\115.jpg,Ulcers,4,0
C:\lab-hackathon\dataset\Ulcers\augmented\Mouth_Ulcer_0_7978.jpeg,Ulcers,4,1
C:\lab-hackathon\dataset\Caries\augmented\caries_0_6515.jpeg,Caries,0,1
C:\lab-hackathon\dataset\yolo_bbox\images\train\(87).jpg,Gingivitis,2,0
C:\lab-hackathon\dataset\Hypodontia\(142).JPG,Hypodontia,5,0
C:\lab-hackathon\dataset\Gingivitis\(1247).jpg,Gingivitis,2,0
C:\lab-hackathon\dataset\yolo_bbox\images\train\252.jpg,Ulcers,4,0
C:\lab-hackathon\dataset\Ulcers\augmented\Mouth_Ulcer_0_7888.jpeg,Ulcers,4,1
C:\lab-hackathon\dataset\Ulcers\augmented\Mouth_Ulcer_0_5319.jpeg,Ulcers,4,1
C:\lab-hackathon\dataset\Tooth Discoloration\original\39.jpg,Tooth Discoloration,3,0
C:\lab-hackathon\dataset\yolo_bbox\images\train\caries_0_49.jpeg,Caries,0,0
C:\lab-hackathon\dataset\Hypodontia\(202).JPG,Hypodontia,5,0
C:\lab-hackathon\dataset\Caries\augmented\caries_0_1124.jpeg,Caries,0,1
C:\lab-hackathon\dataset\Ulcers\augmented\Mouth_Ulcer_0_711.jpeg,Ulcers,4,1
C:\lab-hackathon\dataset\Gingivitis\(1108).jpg,Gingivitis,2,0
C:\lab-hackathon\dataset\Hypodontia\(829).jpg,Hypodontia,5,0
C:\lab-hackathon\dataset\Calculus\(1095).jpg,Calculus,1,0
C:\lab-hackathon\dataset\Gingivitis\(101).jpg,Gingivitis,2,0
C:\lab-hackathon\dataset\Tooth Discoloration\augmented\Tooth_Discoloration_0_8749.jpeg,Tooth Discoloration,3,1
C:\lab-hackathon\dataset\Gingivitis\(766).jpg,Gingivitis,2,0
C:\lab-hackathon\dataset\Calculus\(236).jpg,Calculus,1,0
C:\lab-hackathon\dataset\Caries\augmented\caries_0_8535.jpeg,Caries,0,1
C:\lab-hackathon\dataset\Ulcers\augmented\Mouth_Ulcer_0_878.jpeg,Ulcers,4,1
C:\lab-hackathon\dataset\Ulcers\augmented\Mouth_Ulcer_0_5488.jpeg,Ulcers,4,1
C:\lab-hackathon\dataset\Caries\augmented\caries_0_3450.jpeg,Caries,0,1
C:\lab-hackathon\dataset\Gingivitis\(1686).jpg,Gingivitis,2,0
C:\lab-hackathon\dataset\Gingivitis\(1416).jpg,Gingivitis,2,0
C:\lab-hackathon\dataset\Caries\augmented\caries_0_8029.jpeg,Caries,0,1
C:\lab-hackathon\dataset\Calculus\(343).jpg,Calculus,1,0
C:\lab-hackathon\dataset\Ulcers\augmented\Mouth_Ulcer_0_3790.jpeg,Ulcers,4,1
C:\lab-hackathon\dataset\yolo_bbox\images\train\(125).jpg,Gingivitis,2,0
C:\lab-hackathon\dataset\Calculus\(565).jpg,Calculus,1,0
C:\lab-hackathon\dataset\Caries\augmented\caries_0_3156.jpeg,Caries,0,1
C:\lab-hackathon\dataset\Gingivitis\(1759).jpg,Gingivitis,2,0
C:\lab-hackathon\dataset\Tooth Discoloration\augmented\Tooth_Discoloration_0_562.jpeg,Tooth Discoloration,3,1
C:\lab-hackathon\dataset\Hypodontia\(266).jpg,Hypodontia,5,0
C:\lab-hackathon\dataset\yolo_bbox\images\train\caries_0_3616.jpeg,Caries,0,0
C:\lab-hackathon\dataset\Calculus\(8).jpg,Calculus,1,0
C:\lab-hackathon\dataset\yolo_bbox\images\train\440.jpg,Ulcers,4,0
C:\lab-hackathon\dataset\Caries\augmented\caries_0_6874.jpeg,Caries,0,1
C:\lab-hackathon\dataset\Gingivitis\(864).jpg,Gingivitis,2,0
C:\lab-hackathon\dataset\Tooth Discoloration\augmented\Tooth_Discoloration_0_3500.jpeg,Tooth Discoloration,3,1
C:\lab-hackathon\dataset\Hypodontia\(120).JPG,Hypodontia,5,0
C:\lab-hackathon\dataset\Ulcers\augmented\Mouth_Ulcer_0_735.jpeg,Ulcers,4,1
C:\lab-hackathon\dataset\Ulcers\original\130.jpg,Ulcers,4,0
C:\lab-hackathon\dataset\Hypodontia\(752).JPG,Hypodontia,5,0
C:\lab-hackathon\dataset\Calculus\(1180).jpg,Calculus,1,0
C:\lab-hackathon\dataset\Caries\augmented\caries_0_2165.jpeg,Caries,0,1
C:\lab-hackathon\dataset\yolo_bbox\images\train\caries_0_4722.jpeg,Caries,0,0
C:\lab-hackathon\dataset\yolo_bbox\images\train\caries_0_3395.jpeg,Caries,0,0
C:\lab-hackathon\dataset\Tooth Discoloration\augmented\Tooth_Discoloration_0_5580.jpeg,Tooth Discoloration,3,1
C:\lab-hackathon\dataset\Gingivitis\(1244).jpg,Gingivitis,2,0
C:\lab-hackathon\dataset\Tooth Discoloration\augmented\Tooth_Discoloration_0_8881.jpeg,Tooth Discoloration,3,1
C:\lab-hackathon\dataset\Tooth Discoloration\augmented\Tooth_Discoloration_0_3429.jpeg,Tooth Discoloration,3,1
C:\lab-hackathon\dataset\Ulcers\augmented\Mouth_Ulcer_0_6199.jpeg,Ulcers,4,1
C:\lab-hackathon\dataset\Caries\augmented\caries_0_5547.jpeg,Caries,0,1
C:\lab-hackathon\dataset\Calculus\(246).jpg,Calculus,1,0
C:\lab-hackathon\dataset\Hypodontia\(1229).jpg,Hypodontia,5,0
C:\lab-hackathon\dataset\yolo_bbox\images\train\caries_0_3713.jpeg,Caries,0,0
C:\lab-hackathon\dataset\Ulcers\augmented\Mouth_Ulcer_0_2610.jpeg,Ulcers,4,1
C:\lab-hackathon\dataset\Gingivitis\(1598).jpg,Gingivitis,2,0
C:\lab-hackathon\dataset\Gingivitis\(1771).jpg,Gingivitis,2,0
C:\lab-hackathon\dataset\Gingivitis\(2229).jpg,Gingivitis,2,0
C:\lab-hackathon\dataset\Caries\augmented\caries_0_3618.jpeg,Caries,0,1
C:\lab-hackathon\dataset\Gingivitis\(1953).jpg,Gingivitis,2,0
C:\lab-hackathon\dataset\Hypodontia\(412).jpg,Hypodontia,5,0
C:\lab-hackathon\dataset\Caries\augmented\caries_0_98.jpeg,Caries,0,1
C:\lab-hackathon\dataset\yolo_bbox\images\train\476.jpg,Tooth Discoloration,3,0
C:\lab-hackathon\dataset\Hypodontia\(784).JPG,Hypodontia,5,0
C:\lab-hackathon\dataset\Hypodontia\(881).JPG,Hypodontia,5,0
C:\lab-hackathon\dataset\Tooth Discoloration\augmented\Tooth_Discoloration_0_5836.jpeg,Tooth Discoloration,3,1
C:\lab-hackathon\dataset\yolo_bbox\images\train\407.jpg,Ulcers,4,0
C:\lab-hackathon\dataset\Calculus\(538).jpg,Calculus,1,0
C:\lab-hackathon\dataset\yolo_bbox\images\train\caries_0_3540.jpeg,Caries,0,0
C:\lab-hackathon\dataset\Tooth Discoloration\augmented\Tooth_Discoloration_0_8355.jpeg,Tooth Discoloration,3,1
C:\lab-hackathon\dataset\Hypodontia\(51).JPG,Hypodontia,5,0
C:\lab-hackathon\dataset\Caries\augmented\caries_0_448.jpeg,Caries,0,1
C:\lab-hackathon\dataset\Ulcers\augmented\Mouth_Ulcer_0_4374.jpeg,Ulcers,4,1
C:\lab-hackathon\dataset\Caries\original\55.jpg,Caries,0,0
C:\lab-hackathon\dataset\Hypodontia\(152).JPG,Hypodontia,5,0
C:\lab-hackathon\dataset\Ulcers\augmented\Mouth_Ulcer_0_9507.jpeg,Ulcers,4,1
C:\lab-hackathon\dataset\Gingivitis\(905).jpg,Gingivitis,2,0
C:\lab-hackathon\dataset\Hypodontia\(134).jpg,Hypodontia,5,0
C:\lab-hackathon\dataset\Tooth Discoloration\augmented\Tooth_Discoloration_0_3393.jpeg,Tooth Discoloration,3,1
C:\lab-hackathon\dataset\Hypodontia\(577).JPG,Hypodontia,5,0
C:\lab-hackathon\dataset\yolo_bbox\images\train\caries_0_4562.jpeg,Caries,0,0
C:\lab-hackathon\dataset\yolo_bbox\images\train\caries_0_379.jpeg,Caries,0,0
C:\lab-hackathon\dataset\yolo_bbox\images\train\caries_0_4251.jpeg,Caries,0,0
C:\lab-hackathon\dataset\Caries\augmented\caries_0_3282.jpeg,Caries,0,1
C:\lab-hackathon\dataset\Calculus\(1296).jpg,Calculus,1,0
C:\lab-hackathon\dataset\Gingivitis\(372).jpg,Gingivitis,2,0
C:\lab-hackathon\dataset\Gingivitis\(692).jpg,Gingivitis,2,0
C:\lab-hackathon\dataset\Caries\original\120.jpg,Caries,0,0
C:\lab-hackathon\dataset\Ulcers\augmented\Mouth_Ulcer_0_5864.jpeg,Ulcers,4,1
C:\lab-hackathon\dataset\Calculus\(1135).jpg,Calculus,1,0
C:\lab-hackathon\dataset\Gingivitis\(1667).jpg,Gingivitis,2,0
C:\lab-hackathon\dataset\Ulcers\augmented\Mouth_Ulcer_0_5256.jpeg,Ulcers,4,1
C:\lab-hackathon\dataset\Calculus\(301).jpg,Calculus,1,0
C:\lab-hackathon\dataset\Calculus\(537).jpg,Calculus,1,0
C:\lab-hackathon\dataset\yolo_bbox\images\train\22.jpg,Caries,0,0
C:\lab-hackathon\dataset\Caries\augmented\caries_0_6993.jpeg,Caries,0,1
C:\lab-hackathon\dataset\Gingivitis\(1341).jpg,Gingivitis,2,0
C:\lab-hackathon\dataset\Ulcers\augmented\Mouth_Ulcer_0_6629.jpeg,Ulcers,4,1
C:\lab-hackathon\dataset\yolo_bbox\images\train\615.jpg,Tooth Discoloration,3,0
C:\lab-hackathon\dataset\Tooth Discoloration\augmented\Tooth_Discoloration_0_7941.jpeg,Tooth Discoloration,3,1
C:\lab-hackathon\dataset\Caries\augmented\caries_0_2309.jpeg,Caries,0,1
C:\lab-hackathon\dataset\Calculus\(1029).jpg,Calculus,1,0
C:\lab-hackathon\dataset\Tooth Discoloration\augmented\Tooth_Discoloration_0_7311.jpeg,Tooth Discoloration,3,1
C:\lab-hackathon\dataset\Caries\original\200.jpg,Caries,0,0
C:\lab-hackathon\dataset\yolo_bbox\images\train\caries_0_4729.jpeg,Caries,0,0
C:\lab-hackathon\dataset\Caries\original\110.jpg,Caries,0,0
C:\lab-hackathon\dataset\Caries\original\152.jpg,Caries,0,0
C:\lab-hackathon\dataset\yolo_bbox\images\train\(199).jpg,Gingivitis,2,0
C:\lab-hackathon\dataset\Tooth Discoloration\augmented\Tooth_Discoloration_0_368.jpeg,Tooth Discoloration,3,1
C:\lab-hackathon\dataset\yolo_bbox\images\train\283.jpg,Ulcers,4,0
C:\lab-hackathon\dataset\Hypodontia\(172).JPG,Hypodontia,5,0
C:\lab-hackathon\dataset\Calculus\(215).jpg,Calculus,1,0
C:\lab-hackathon\dataset\yolo_bbox\images\train\caries_0_5036.jpeg,Caries,0,0
C:\lab-hackathon\dataset\Ulcers\augmented\Mouth_Ulcer_0_661.jpeg,Ulcers,4,1
C:\lab-hackathon\dataset\Caries\augmented\caries_0_5505.jpeg,Caries,0,1
C:\lab-hackathon\dataset\Ulcers\augmented\Mouth_Ulcer_0_3928.jpeg,Ulcers,4,1
C:\lab-hackathon\dataset\Ulcers\augmented\Mouth_Ulcer_0_3333.jpeg,Ulcers,4,1
C:\lab-hackathon\dataset\yolo_bbox\images\train\caries_0_3654.jpeg,Caries,0,0
C:\lab-hackathon\dataset\Gingivitis\(2112).jpg,Gingivitis,2,0
C:\lab-hackathon\dataset\Gingivitis\(676).jpg,Gingivitis,2,0
C:\lab-hackathon\dataset\Ulcers\augmented\Mouth_Ulcer_0_1353.jpeg,Ulcers,4,1
C:\lab-hackathon\dataset\Calculus\(108).jpg,Calculus,1,0
C:\lab-hackathon\dataset\Gingivitis\(999).jpg,Gingivitis,2,0
C:\lab-hackathon\dataset\Gingivitis\(1871).jpg,Gingivitis,2,0
C:\lab-hackathon\dataset\Gingivitis\(1167).jpg,Gingivitis,2,0
C:\lab-hackathon\dataset\Hypodontia\(661).jpg,Hypodontia,5,0
C:\lab-hackathon\dataset\Ulcers\augmented\Mouth_Ulcer_0_2978.jpeg,Ulcers,4,1
C:\lab-hackathon\dataset\Caries\augmented\caries_0_3762.jpeg,Caries,0,1
C:\lab-hackathon\dataset\yolo_bbox\images\train\caries_0_113.jpeg,Caries,0,0
C:\lab-hackathon\dataset\Tooth Discoloration\augmented\Tooth_Discoloration_0_9129.jpeg,Tooth Discoloration,3,1
C:\lab-hackathon\dataset\Gingivitis\(1382).jpg,Gingivitis,2,0
C:\lab-hackathon\dataset\Caries\augmented\caries_0_4617.jpeg,Caries,0,1
C:\lab-hackathon\dataset\yolo_bbox\images\train\(5).jpg,Gingivitis,2,0
C:\lab-hackathon\dataset\Gingivitis\(1285).jpg,Gingivitis,2,0
C:\lab-hackathon\dataset\Caries\augmented\caries_0_3983.jpeg,Caries,0,1
C:\lab-hackathon\dataset\Hypodontia\(403).jpg,Hypodontia,5,0
C:\lab-hackathon\dataset\Calculus\(100).jpg,Calculus,1,0
C:\lab-hackathon\dataset\Ulcers\augmented\Mouth_Ulcer_0_3698.jpeg,Ulcers,4,1
C:\lab-hackathon\dataset\Gingivitis\(2309).jpg,Gingivitis,2,0
C:\lab-hackathon\dataset\Calculus\(449).jpg,Calculus,1,0
C:\lab-hackathon\dataset\Gingivitis\(1298).jpg,Gingivitis,2,0
C:\lab-hackathon\dataset\Ulcers\augmented\Mouth_Ulcer_0_8840.jpeg,Ulcers,4,1
C:\lab-hackathon\dataset\yolo_bbox\images\train\caries_0_3322.jpeg,Caries,0,0
C:\lab-hackathon\dataset\Gingivitis\(172).jpg,Gingivitis,2,0
C:\lab-hackathon\dataset\yolo_bbox\images\train\caries_0_3263.jpeg,Caries,0,0
C:\lab-hackathon\dataset\Calculus\(690).jpg,Calculus,1,0
C:\lab-hackathon\dataset\Tooth Discoloration\augmented\Tooth_Discoloration_0_8786.jpeg,Tooth Discoloration,3,1
C:\lab-hackathon\dataset\yolo_bbox\images\train\261.jpg,Ulcers,4,0
C:\lab-hackathon\dataset\Hypodontia\(1203).JPG,Hypodontia,5,0
C:\lab-hackathon\dataset\Ulcers\augmented\Mouth_Ulcer_0_407.jpeg,Ulcers,4,1
C:\lab-hackathon\dataset\Gingivitis\(840).jpg,Gingivitis,2,0
C:\lab-hackathon\dataset\yolo_bbox\images\train\130.jpg,Caries,0,0
C:\lab-hackathon\dataset\Ulcers\augmented\Mouth_Ulcer_0_4002.jpeg,Ulcers,4,1
C:\lab-hackathon\dataset\Ulcers\original\37.jpg,Ulcers,4,0
C:\lab-hackathon\dataset\yolo_bbox\images\train\caries_0_4232.jpeg,Caries,0,0
C:\lab-hackathon\dataset\Calculus\(43).jpg,Calculus,1,0
C:\lab-hackathon\dataset\Ulcers\augmented\Mouth_Ulcer_0_2860.jpeg,Ulcers,4,1
C:\lab-hackathon\dataset\Gingivitis\(1313).jpg,Gingivitis,2,0
C:\lab-hackathon\dataset\Gingivitis\(1116)(1).jpg,Gingivitis,2,0
C:\lab-hackathon\dataset\Tooth Discoloration\augmented\Tooth_Discoloration_0_3465.jpeg,Tooth Discoloration,3,1
C:\lab-hackathon\dataset\Gingivitis\(2134).jpg,Gingivitis,2,0
C:\lab-hackathon\dataset\yolo_bbox\images\train\31.jpg,Caries,0,0
C:\lab-hackathon\dataset\Gingivitis\(1784).jpg,Gingivitis,2,0
C:\lab-hackathon\dataset\yolo_bbox\images\train\(84).jpg,Gingivitis,2,0
C:\lab-hackathon\dataset\Ulcers\augmented\Mouth_Ulcer_0_6540.jpeg,Ulcers,4,1
C:\lab-hackathon\dataset\Calculus\(438).jpg,Calculus,1,0
C:\lab-hackathon\dataset\Ulcers\augmented\Mouth_Ulcer_0_794.jpeg,Ulcers,4,1
C:\lab-hackathon\dataset\Ulcers\augmented\Mouth_Ulcer_0_7533.jpeg,Ulcers,4,1
C:\lab-hackathon\dataset\Hypodontia\(520).JPG,Hypodontia,5,0
C:\lab-hackathon\dataset\Hypodontia\(592).JPG,Hypodontia,5,0
C:\lab-hackathon\dataset\Caries\augmented\caries_0_1141.jpeg,Caries,0,1
C:\lab-hackathon\dataset\Gingivitis\(2166).jpg,Gingivitis,2,0
C:\lab-hackathon\dataset\Gingivitis\(1292).jpg,Gingivitis,2,0
C:\lab-hackathon\dataset\Hypodontia\(599).JPG,Hypodontia,5,0
C:\lab-hackathon\dataset\Tooth Discoloration\original\152.jpg,Tooth Discoloration,3,0
C:\lab-hackathon\dataset\Calculus\(1178).jpg,Calculus,1,0
C:\lab-hackathon\dataset\Tooth Discoloration\augmented\Tooth_Discoloration_0_1145.jpeg,Tooth Discoloration,3,1
C:\lab-hackathon\dataset\Gingivitis\(727).jpg,Gingivitis,2,0
C:\lab-hackathon\dataset\Caries\augmented\caries_0_3545.jpeg,Caries,0,1
C:\lab-hackathon\dataset\Ulcers\augmented\Mouth_Ulcer_0_1329.jpeg,Ulcers,4,1
C:\lab-hackathon\dataset\Ulcers\original\242.jpg,Ulcers,4,0
C:\lab-hackathon\dataset\Calculus\(278).jpg,Calculus,1,0
C:\lab-hackathon\dataset\Caries\augmented\caries_0_7096.jpeg,Caries,0,1
C:\lab-hackathon\dataset\Caries\original\122.jpg,Caries,0,0
C:\lab-hackathon\dataset\Hypodontia\(370).jpg,Hypodontia,5,0
C:\lab-hackathon\dataset\Tooth Discoloration\augmented\Tooth_Discoloration_0_5642.jpeg,Tooth Discoloration,3,1
C:\lab-hackathon\dataset\Tooth Discoloration\original\175.jpg,Tooth Discoloration,3,0
C:\lab-hackathon\dataset\Hypodontia\(385).jpg,Hypodontia,5,0
C:\lab-hackathon\dataset\Gingivitis\(869).jpg,Gingivitis,2,0
C:\lab-hackathon\dataset\Gingivitis\(426).jpg,Gingivitis,2,0
C:\lab-hackathon\dataset\Hypodontia\(395).jpg,Hypodontia,5,0
C:\lab-hackathon\dataset\Hypodontia\(1170).JPG,Hypodontia,5,0
C:\lab-hackathon\dataset\Gingivitis\(219).jpg,Gingivitis,2,0
C:\lab-hackathon\dataset\yolo_bbox\images\train\167.jpg,Caries,0,0
C:\lab-hackathon\dataset\Caries\augmented\caries_0_7572.jpeg,Caries,0,1
C:\lab-hackathon\dataset\Ulcers\augmented\Mouth_Ulcer_0_5263.jpeg,Ulcers,4,1
C:\lab-hackathon\dataset\Calculus\(541).jpg,Calculus,1,0
C:\lab-hackathon\dataset\Calculus\(892).jpg,Calculus,1,0
C:\lab-hackathon\dataset\Calculus\(688).jpg,Calculus,1,0
C:\lab-hackathon\dataset\Calculus\(704).jpg,Calculus,1,0
C:\lab-hackathon\dataset\Tooth Discoloration\augmented\Tooth_Discoloration_0_7234.jpeg,Tooth Discoloration,3,1
C:\lab-hackathon\dataset\yolo_bbox\images\train\caries_0_4001.jpeg,Caries,0,0
C:\lab-hackathon\dataset\yolo_bbox\images\train\caries_0_4895.jpeg,Caries,0,0
C:\lab-hackathon\dataset\Caries\augmented\caries_0_981.jpeg,Caries,0,1
C:\lab-hackathon\dataset\yolo_bbox\images\train\(4).jpg,Gingivitis,2,0
C:\lab-hackathon\dataset\Caries\augmented\caries_0_7001.jpeg,Caries,0,1
C:\lab-hackathon\dataset\Caries\original\36.jpg,Caries,0,0
C:\lab-hackathon\dataset\yolo_bbox\images\train\caries_0_3854.jpeg,Caries,0,0
C:\lab-hackathon\dataset\Tooth Discoloration\augmented\Tooth_Discoloration_0_8220.jpeg,Tooth Discoloration,3,1
C:\lab-hackathon\dataset\yolo_bbox\images\train\caries_0_132.jpeg,Caries,0,0
C:\lab-hackathon\dataset\Tooth Discoloration\augmented\Tooth_Discoloration_0_728.jpeg,Tooth Discoloration,3,1
C:\lab-hackathon\dataset\yolo_bbox\images\train\(92).jpg,Gingivitis,2,0
C:\lab-hackathon\dataset\Calculus\(988).jpg,Calculus,1,0
C:\lab-hackathon\dataset\yolo_bbox\images\train\caries_0_631.jpeg,Caries,0,0
C:\lab-hackathon\dataset\Ulcers\augmented\Mouth_Ulcer_0_8695.jpeg,Ulcers,4,1
C:\lab-hackathon\dataset\yolo_bbox\images\train\195.jpg,Caries,0,0
C:\lab-hackathon\dataset\Caries\augmented\caries_0_1889.jpeg,Caries,0,1
C:\lab-hackathon\dataset\Ulcers\augmented\Mouth_Ulcer_0_1862.jpeg,Ulcers,4,1
C:\lab-hackathon\dataset\Gingivitis\(2110).jpg,Gingivitis,2,0
C:\lab-hackathon\dataset\Caries\augmented\caries_0_2461.jpeg,Caries,0,1
C:\lab-hackathon\dataset\Calculus\(1159).jpg,Calculus,1,0
C:\lab-hackathon\dataset\yolo_bbox\images\train\397.jpg,Ulcers,4,0
C:\lab-hackathon\dataset\Tooth Discoloration\original\147.jpg,Tooth Discoloration,3,0
C:\lab-hackathon\dataset\Gingivitis\(844).jpg,Gingivitis,2,0
C:\lab-hackathon\dataset\Hypodontia\(1057).JPG,Hypodontia,5,0
C:\lab-hackathon\dataset\Calculus\(105).jpg,Calculus,1,0
C:\lab-hackathon\dataset\Gingivitis\(606).jpg,Gingivitis,2,0
C:\lab-hackathon\dataset\Caries\augmented\caries_0_5107.jpeg,Caries,0,1
C:\lab-hackathon\dataset\Calculus\(406).jpg,Calculus,1,0
C:\lab-hackathon\dataset\Tooth Discoloration\augmented\Tooth_Discoloration_0_8820.jpeg,Tooth Discoloration,3,1
C:\lab-hackathon\dataset\Gingivitis\(626).jpg,Gingivitis,2,0
C:\lab-hackathon\dataset\yolo_bbox\images\train\39.jpg,Caries,0,0
C:\lab-hackathon\dataset\Ulcers\augmented\Mouth_Ulcer_0_9718.jpeg,Ulcers,4,1
C:\lab-hackathon\dataset\yolo_bbox\images\train\caries_0_624.jpeg,Caries,0,0
C:\lab-hackathon\dataset\yolo_bbox\images\train\(155).jpg,Gingivitis,2,0
C:\lab-hackathon\dataset\Tooth Discoloration\original\119.jpg,Tooth Discoloration,3,0
C:\lab-hackathon\dataset\Hypodontia\(761).JPG,Hypodontia,5,0
C:\lab-hackathon\dataset\Caries\augmented\caries_0_2643.jpeg,Caries,0,1
C:\lab-hackathon\dataset\Ulcers\augmented\Mouth_Ulcer_0_815.jpeg,Ulcers,4,1
C:\lab-hackathon\dataset\Caries\augmented\caries_0_7463.jpeg,Caries,0,1
C:\lab-hackathon\dataset\Gingivitis\(1553).jpg,Gingivitis,2,0
C:\lab-hackathon\dataset\Gingivitis\(2061).jpg,Gingivitis,2,0
C:\lab-hackathon\dataset\Caries\augmented\caries_0_5049.jpeg,Caries,0,1
C:\lab-hackathon\dataset\Ulcers\augmented\Mouth_Ulcer_0_4051.jpeg,Ulcers,4,1
C:\lab-hackathon\dataset\Calculus\(786).jpg,Calculus,1,0
C:\lab-hackathon\dataset\Ulcers\augmented\Mouth_Ulcer_0_4945.jpeg,Ulcers,4,1
C:\lab-hackathon\dataset\Caries\augmented\caries_0_864.jpeg,Caries,0,1
C:\lab-hackathon\dataset\Calculus\(732).jpg,Calculus,1,0
C:\lab-hackathon\dataset\Caries\augmented\caries_0_1807.jpeg,Caries,0,1
C:\lab-hackathon\dataset\Ulcers\augmented\Mouth_Ulcer_0_5759.jpeg,Ulcers,4,1
C:\lab-hackathon\dataset\Gingivitis\(208).jpg,Gingivitis,2,0
C:\lab-hackathon\dataset\yolo_bbox\images\train\45.jpg,Caries,0,0
C:\lab-hackathon\dataset\Caries\augmented\caries_0_3484.jpeg,Caries,0,1
C:\lab-hackathon\dataset\Calculus\(70).jpg,Calculus,1,0
C:\lab-hackathon\dataset\Gingivitis\(1500).jpg,Gingivitis,2,0
C:\lab-hackathon\dataset\Caries\augmented\caries_0_2614.jpeg,Caries,0,1
C:\lab-hackathon\dataset\Caries\augmented\caries_0_4350.jpeg,Caries,0,1
C:\lab-hackathon\dataset\yolo_bbox\images\train\369.jpg,Ulcers,4,0
C:\lab-hackathon\dataset\Hypodontia\(326).JPG,Hypodontia,5,0
C:\lab-hackathon\dataset\Hypodontia\(1247).jpg,Hypodontia,5,0
C:\lab-hackathon\dataset\Tooth Discoloration\augmented\Tooth_Discoloration_0_7448.jpeg,Tooth Discoloration,3,1
C:\lab-hackathon\dataset\Ulcers\augmented\Mouth_Ulcer_0_4875.jpeg,Ulcers,4,1
C:\lab-hackathon\dataset\Ulcers\augmented\Mouth_Ulcer_0_8136.jpeg,Ulcers,4,1
C:\lab-hackathon\dataset\Gingivitis\(1529).jpg,Gingivitis,2,0
C:\lab-hackathon\dataset\yolo_bbox\images\train\caries_0_4698.jpeg,Caries,0,0
C:\lab-hackathon\dataset\Gingivitis\(802).jpg,Gingivitis,2,0
C:\lab-hackathon\dataset\yolo_bbox\images\train\(197).jpg,Gingivitis,2,0
C:\lab-hackathon\dataset\Caries\augmented\caries_0_215.jpeg,Caries,0,1
C:\lab-hackathon\dataset\Gingivitis\(56).jpg,Gingivitis,2,0
C:\lab-hackathon\dataset\Caries\original\180.jpg,Caries,0,0
C:\lab-hackathon\dataset\Gingivitis\(1955).jpg,Gingivitis,2,0
C:\lab-hackathon\dataset\Hypodontia\(27).JPG,Hypodontia,5,0
C:\lab-hackathon\dataset\Gingivitis\(1791).jpg,Gingivitis,2,0
C:\lab-hackathon\dataset\Ulcers\original\94.jpg,Ulcers,4,0
C:\lab-hackathon\dataset\yolo_bbox\images\train\500.jpg,Tooth Discoloration,3,0
C:\lab-hackathon\dataset\Gingivitis\(1439).jpg,Gingivitis,2,0
C:\lab-hackathon\dataset\Gingivitis\(1212).jpg,Gingivitis,2,0
C:\lab-hackathon\dataset\Hypodontia\(153).JPG,Hypodontia,5,0
C:\lab-hackathon\dataset\yolo_bbox\images\train\61.jpg,Caries,0,0
C:\lab-hackathon\dataset\Gingivitis\(812).jpg,Gingivitis,2,0
C:\lab-hackathon\dataset\Hypodontia\(481).JPG,Hypodontia,5,0
C:\lab-hackathon\dataset\Caries\augmented\caries_0_4371.jpeg,Caries,0,1
C:\lab-hackathon\dataset\yolo_bbox\images\train\caries_0_443.jpeg,Caries,0,0
C:\lab-hackathon\dataset\Hypodontia\(261).jpg,Hypodontia,5,0
C:\lab-hackathon\dataset\Gingivitis\(1133).jpg,Gingivitis,2,0
C:\lab-hackathon\dataset\Tooth Discoloration\original\50.jpg,Tooth Discoloration,3,0
C:\lab-hackathon\dataset\Hypodontia\(42).JPG,Hypodontia,5,0
C:\lab-hackathon\dataset\Tooth Discoloration\augmented\Tooth_Discoloration_0_8700.jpeg,Tooth Discoloration,3,1
C:\lab-hackathon\dataset\yolo_bbox\images\train\caries_0_703.jpeg,Caries,0,0
C:\lab-hackathon\dataset\Hypodontia\(516).JPG,Hypodontia,5,0
C:\lab-hackathon\dataset\Hypodontia\(1082).jpg,Hypodontia,5,0
C:\lab-hackathon\dataset\Hypodontia\(1127).JPG,Hypodontia,5,0
C:\lab-hackathon\dataset\Gingivitis\(362).jpg,Gingivitis,2,0
C:\lab-hackathon\dataset\Gingivitis\(288).jpg,Gingivitis,2,0
C:\lab-hackathon\dataset\Calculus\(912).jpg,Calculus,1,0
C:\lab-hackathon\dataset\Ulcers\original\48.jpg,Ulcers,4,0
C:\lab-hackathon\dataset\Tooth Discoloration\augmented\Tooth_Discoloration_0_2375.jpeg,Tooth Discoloration,3,1
C:\lab-hackathon\dataset\Tooth Discoloration\augmented\Tooth_Discoloration_0_596.jpeg,Tooth Discoloration,3,1
C:\lab-hackathon\dataset\Gingivitis\(1392).jpg,Gingivitis,2,0
C:\lab-hackathon\dataset\Tooth Discoloration\augmented\Tooth_Discoloration_0_8713.jpeg,Tooth Discoloration,3,1
C:\lab-hackathon\dataset\Ulcers\augmented\Mouth_Ulcer_0_7014.jpeg,Ulcers,4,1
C:\lab-hackathon\dataset\Ulcers\augmented\Mouth_Ulcer_0_7051.jpeg,Ulcers,4,1
C:\lab-hackathon\dataset\yolo_bbox\images\train\(110).jpg,Gingivitis,2,0
C:\lab-hackathon\dataset\Ulcers\original\154.jpg,Ulcers,4,0
C:\lab-hackathon\dataset\yolo_bbox\images\train\caries_0_80.jpeg,Caries,0,0
C:\lab-hackathon\dataset\Hypodontia\(1244).jpg,Hypodontia,5,0
C:\lab-hackathon\dataset\Caries\augmented\caries_0_980.jpeg,Caries,0,1
C:\lab-hackathon\dataset\Gingivitis\(1324).jpg,Gingivitis,2,0
C:\lab-hackathon\dataset\Calculus\(1277).jpg,Calculus,1,0
C:\lab-hackathon\dataset\Ulcers\augmented\Mouth_Ulcer_0_8021.jpeg,Ulcers,4,1
C:\lab-hackathon\dataset\Hypodontia\(431).JPG,Hypodontia,5,0
C:\lab-hackathon\dataset\Gingivitis\(1337).jpg,Gingivitis,2,0
C:\lab-hackathon\dataset\Ulcers\augmented\Mouth_Ulcer_0_4772.jpeg,Ulcers,4,1
C:\lab-hackathon\dataset\Hypodontia\(745).JPG,Hypodontia,5,0
C:\lab-hackathon\dataset\Ulcers\augmented\Mouth_Ulcer_0_3089.jpeg,Ulcers,4,1
C:\lab-hackathon\dataset\Gingivitis\(2017).jpg,Gingivitis,2,0
C:\lab-hackathon\dataset\Ulcers\augmented\Mouth_Ulcer_0_5220.jpeg,Ulcers,4,1
C:\lab-hackathon\dataset\Caries\augmented\caries_0_7810.jpeg,Caries,0,1
C:\lab-hackathon\dataset\Calculus\(3).jpg,Calculus,1,0
C:\lab-hackathon\dataset\Caries\augmented\caries_0_2009.jpeg,Caries,0,1
C:\lab-hackathon\dataset\Tooth Discoloration\augmented\Tooth_Discoloration_0_2839.jpeg,Tooth Discoloration,3,1
C:\lab-hackathon\dataset\yolo_bbox\images\train\568.jpg,Tooth Discoloration,3,0
C:\lab-hackathon\dataset\Caries\augmented\caries_0_5636.jpeg,Caries,0,1
C:\lab-hackathon\dataset\Gingivitis\(1391).jpg,Gingivitis,2,0
C:\lab-hackathon\dataset\yolo_bbox\images\train\caries_0_4674.jpeg,Caries,0,0
C:\lab-hackathon\dataset\Gingivitis\(1649).jpg,Gingivitis,2,0
C:\lab-hackathon\dataset\Caries\augmented\caries_0_7857.jpeg,Caries,0,1
C:\lab-hackathon\dataset\Gingivitis\(880).jpg,Gingivitis,2,0
C:\lab-hackathon\dataset\yolo_bbox\images\train\123.jpg,Caries,0,0
C:\lab-hackathon\dataset\Caries\augmented\caries_0_5541.jpeg,Caries,0,1
C:\lab-hackathon\dataset\Caries\augmented\caries_0_668.jpeg,Caries,0,1
C:\lab-hackathon\dataset\Tooth Discoloration\augmented\Tooth_Discoloration_0_5717.jpeg,Tooth Discoloration,3,1
C:\lab-hackathon\dataset\Hypodontia\(123).jpg,Hypodontia,5,0
C:\lab-hackathon\dataset\Caries\augmented\caries_0_9115.jpeg,Caries,0,1
C:\lab-hackathon\dataset\Ulcers\augmented\Mouth_Ulcer_0_5671.jpeg,Ulcers,4,1
C:\lab-hackathon\dataset\Tooth Discoloration\augmented\Tooth_Discoloration_0_8043.jpeg,Tooth Discoloration,3,1
C:\lab-hackathon\dataset\Gingivitis\(1985).jpg,Gingivitis,2,0
C:\lab-hackathon\dataset\Caries\original\113.jpg,Caries,0,0
C:\lab-hackathon\dataset\Gingivitis\(1842).jpg,Gingivitis,2,0
C:\lab-hackathon\dataset\yolo_bbox\images\train\297.jpg,Ulcers,4,0
C:\lab-hackathon\dataset\Hypodontia\(1066).JPG,Hypodontia,5,0
C:\lab-hackathon\dataset\yolo_bbox\images\train\525.jpg,Tooth Discoloration,3,0
C:\lab-hackathon\dataset\Ulcers\augmented\Mouth_Ulcer_0_6300.jpeg,Ulcers,4,1
C:\lab-hackathon\dataset\Gingivitis\(213).jpg,Gingivitis,2,0
C:\lab-hackathon\dataset\yolo_bbox\images\train\138.jpg,Caries,0,0
C:\lab-hackathon\dataset\Gingivitis\(671).jpg,Gingivitis,2,0
C:\lab-hackathon\dataset\Calculus\(319).jpg,Calculus,1,0
C:\lab-hackathon\dataset\Gingivitis\(1365).jpg,Gingivitis,2,0
C:\lab-hackathon\dataset\Gingivitis\(1571).jpg,Gingivitis,2,0
C:\lab-hackathon\dataset\Gingivitis\(1311).jpg,Gingivitis,2,0
C:\lab-hackathon\dataset\Gingivitis\(1839).jpg,Gingivitis,2,0
C:\lab-hackathon\dataset\yolo_bbox\images\train\caries_0_4339.jpeg,Caries,0,0
C:\lab-hackathon\dataset\yolo_bbox\images\train\caries_0_4197.jpeg,Caries,0,0
C:\lab-hackathon\dataset\Gingivitis\(1555).jpg,Gingivitis,2,0
C:\lab-hackathon\dataset\Calculus\(913).jpg,Calculus,1,0
C:\lab-hackathon\dataset\Ulcers\augmented\Mouth_Ulcer_0_372.jpeg,Ulcers,4,1
C:\lab-hackathon\dataset\yolo_bbox\images\train\(104).jpg,Gingivitis,2,0
C:\lab-hackathon\dataset\Caries\augmented\caries_0_1399.jpeg,Caries,0,1
C:\lab-hackathon\dataset\Gingivitis\(18).jpg,Gingivitis,2,0
C:\lab-hackathon\dataset\Caries\augmented\caries_0_841.jpeg,Caries,0,1
C:\lab-hackathon\dataset\Hypodontia\(883).JPG,Hypodontia,5,0
C:\lab-hackathon\dataset\Caries\original\107.jpg,Caries,0,0
C:\lab-hackathon\dataset\Gingivitis\(1782).jpg,Gingivitis,2,0
C:\lab-hackathon\dataset\Hypodontia\(901).JPG,Hypodontia,5,0
C:\lab-hackathon\dataset\Gingivitis\(1453).jpg,Gingivitis,2,0
C:\lab-hackathon\dataset\Hypodontia\(463).JPG,Hypodontia,5,0
C:\lab-hackathon\dataset\yolo_bbox\images\train\caries_0_5185.jpeg,Caries,0,0
C:\lab-hackathon\dataset\Gingivitis\(545).jpg,Gingivitis,2,0
C:\lab-hackathon\dataset\Gingivitis\(320).jpg,Gingivitis,2,0
C:\lab-hackathon\dataset\Ulcers\augmented\Mouth_Ulcer_0_9447.jpeg,Ulcers,4,1
C:\lab-hackathon\dataset\Calculus\(440).jpg,Calculus,1,0
C:\lab-hackathon\dataset\Ulcers\augmented\Mouth_Ulcer_0_8624.jpeg,Ulcers,4,1
C:\lab-hackathon\dataset\Ulcers\augmented\Mouth_Ulcer_0_8426.jpeg,Ulcers,4,1
C:\lab-hackathon\dataset\yolo_bbox\images\train\caries_0_4086.jpeg,Caries,0,0
C:\lab-hackathon\dataset\Gingivitis\(1229).jpg,Gingivitis,2,0
C:\lab-hackathon\dataset\Calculus\(821).jpg,Calculus,1,0
C:\lab-hackathon\dataset\Gingivitis\(1859).jpg,Gingivitis,2,0
C:\lab-hackathon\dataset\Gingivitis\(1846).jpg,Gingivitis,2,0
C:\lab-hackathon\dataset\Tooth Discoloration\augmented\Tooth_Discoloration_0_1470.jpeg,Tooth Discoloration,3,1
C:\lab-hackathon\dataset\Tooth Discoloration\augmented\Tooth_Discoloration_0_1114.jpeg,Tooth Discoloration,3,1
C:\lab-hackathon\dataset\Ulcers\augmented\Mouth_Ulcer_0_6805.jpeg,Ulcers,4,1
C:\lab-hackathon\dataset\yolo_bbox\images\train\caries_0_195.jpeg,Caries,0,0
C:\lab-hackathon\dataset\Hypodontia\(1031).JPG,Hypodontia,5,0
C:\lab-hackathon\dataset\Calculus\(576).jpg,Calculus,1,0
C:\lab-hackathon\dataset\Gingivitis\(2273).jpg,Gingivitis,2,0
C:\lab-hackathon\dataset\Tooth Discoloration\augmented\Tooth_Discoloration_0_1784.jpeg,Tooth Discoloration,3,1
C:\lab-hackathon\dataset\Gingivitis\(578).jpg,Gingivitis,2,0
C:\lab-hackathon\dataset\Gingivitis\(1808).jpg,Gingivitis,2,0
C:\lab-hackathon\dataset\yolo_bbox\images\train\caries_0_4082.jpeg,Caries,0,0
C:\lab-hackathon\dataset\Caries\augmented\caries_0_4427.jpeg,Caries,0,1
C:\lab-hackathon\dataset\yolo_bbox\images\train\340.jpg,Ulcers,4,0
C:\lab-hackathon\dataset\Tooth Discoloration\original\162.jpg,Tooth Discoloration,3,0
C:\lab-hackathon\dataset\Hypodontia\(770).JPG,Hypodontia,5,0
C:\lab-hackathon\dataset\Caries\augmented\caries_0_7860.jpeg,Caries,0,1
C:\lab-hackathon\dataset\yolo_bbox\images\train\197.jpg,Caries,0,0
C:\lab-hackathon\dataset\yolo_bbox\images\train\13.jpg,Caries,0,0
C:\lab-hackathon\dataset\Hypodontia\(772).JPG,Hypodontia,5,0
C:\lab-hackathon\dataset\Tooth Discoloration\original\94.jpg,Tooth Discoloration,3,0
C:\lab-hackathon\dataset\Caries\augmented\caries_0_4207.jpeg,Caries,0,1
C:\lab-hackathon\dataset\Tooth Discoloration\augmented\Tooth_Discoloration_0_4316.jpeg,Tooth Discoloration,3,1
C:\lab-hackathon\dataset\Tooth Discoloration\augmented\Tooth_Discoloration_0_9911.jpeg,Tooth Discoloration,3,1
C:\lab-hackathon\dataset\Caries\augmented\caries_0_7240.jpeg,Caries,0,1
C:\lab-hackathon\dataset\Tooth Discoloration\augmented\Tooth_Discoloration_0_5417.jpeg,Tooth Discoloration,3,1
C:\lab-hackathon\dataset\Caries\augmented\caries_0_9738.jpeg,Caries,0,1
C:\lab-hackathon\dataset\yolo_bbox\images\train\(8).jpg,Gingivitis,2,0
C:\lab-hackathon\dataset\Gingivitis\(917).jpg,Gingivitis,2,0
C:\lab-hackathon\dataset\Ulcers\augmented\Mouth_Ulcer_0_312.jpeg,Ulcers,4,1
C:\lab-hackathon\dataset\Caries\augmented\caries_0_9092.jpeg,Caries,0,1
C:\lab-hackathon\dataset\Gingivitis\(1944).jpg,Gingivitis,2,0
C:\lab-hackathon\dataset\yolo_bbox\images\train\caries_0_4310.jpeg,Caries,0,0
C:\lab-hackathon\dataset\Caries\original\31.jpg,Caries,0,0
C:\lab-hackathon\dataset\Tooth Discoloration\augmented\Tooth_Discoloration_0_7037.jpeg,Tooth Discoloration,3,1
C:\lab-hackathon\dataset\Gingivitis\(644).jpg,Gingivitis,2,0
C:\lab-hackathon\dataset\yolo_bbox\images\train\caries_0_600.jpeg,Caries,0,0
C:\lab-hackathon\dataset\yolo_bbox\images\train\caries_0_538.jpeg,Caries,0,0
C:\lab-hackathon\dataset\Calculus\(1280).jpg,Calculus,1,0
C:\lab-hackathon\dataset\Calculus\(678).jpg,Calculus,1,0
C:\lab-hackathon\dataset\Gingivitis\(1700).jpg,Gingivitis,2,0
C:\lab-hackathon\dataset\yolo_bbox\images\train\(162).jpg,Gingivitis,2,0
C:\lab-hackathon\dataset\Caries\original\38.jpg,Caries,0,0
C:\lab-hackathon\dataset\Ulcers\augmented\Mouth_Ulcer_0_2009.jpeg,Ulcers,4,1
C:\lab-hackathon\dataset\Calculus\(995).jpg,Calculus,1,0
C:\lab-hackathon\dataset\Tooth Discoloration\original\155.jpg,Tooth Discoloration,3,0
C:\lab-hackathon\dataset\Gingivitis\(614).jpg,Gingivitis,2,0
C:\lab-hackathon\dataset\Ulcers\augmented\Mouth_Ulcer_0_7133.jpeg,Ulcers,4,1
C:\lab-hackathon\dataset\Calculus\(465).jpg,Calculus,1,0
C:\lab-hackathon\dataset\Hypodontia\(6).JPG,Hypodontia,5,0
C:\lab-hackathon\dataset\Caries\augmented\caries_0_5552.jpeg,Caries,0,1
C:\lab-hackathon\dataset\Hypodontia\(1249).jpg,Hypodontia,5,0
C:\lab-hackathon\dataset\Ulcers\augmented\Mouth_Ulcer_0_8768.jpeg,Ulcers,4,1
C:\lab-hackathon\dataset\Caries\augmented\caries_0_36.jpeg,Caries,0,1
C:\lab-hackathon\dataset\Calculus\(560).jpg,Calculus,1,0
C:\lab-hackathon\dataset\yolo_bbox\images\train\279.jpg,Ulcers,4,0
C:\lab-hackathon\dataset\Hypodontia\(850).JPG,Hypodontia,5,0
C:\lab-hackathon\dataset\Hypodontia\(236).JPG,Hypodontia,5,0
C:\lab-hackathon\dataset\Ulcers\original\145.jpg,Ulcers,4,0
C:\lab-hackathon\dataset\Gingivitis\(1847).jpg,Gingivitis,2,0
C:\lab-hackathon\dataset\Hypodontia\(1075).jpg,Hypodontia,5,0
C:\lab-hackathon\dataset\yolo_bbox\images\train\6.jpg,Caries,0,0
C:\lab-hackathon\dataset\Caries\augmented\caries_0_6884.jpeg,Caries,0,1
C:\lab-hackathon\dataset\Gingivitis\(1076).jpg,Gingivitis,2,0
C:\lab-hackathon\dataset\yolo_bbox\images\train\41.jpg,Caries,0,0
C:\lab-hackathon\dataset\Tooth Discoloration\augmented\Tooth_Discoloration_0_4524.jpeg,Tooth Discoloration,3,1
C:\lab-hackathon\dataset\Ulcers\original\57.jpg,Ulcers,4,0
C:\lab-hackathon\dataset\Gingivitis\(1833).jpg,Gingivitis,2,0
C:\lab-hackathon\dataset\yolo_bbox\images\train\caries_0_191.jpeg,Caries,0,0
C:\lab-hackathon\dataset\Hypodontia\(875).JPG,Hypodontia,5,0
C:\lab-hackathon\dataset\Ulcers\original\38.jpg,Ulcers,4,0
C:\lab-hackathon\dataset\Caries\original\163.jpg,Caries,0,0
C:\lab-hackathon\dataset\Calculus\(1004).jpg,Calculus,1,0
C:\lab-hackathon\dataset\yolo_bbox\images\train\caries_0_3689.jpeg,Caries,0,0
C:\lab-hackathon\dataset\Caries\original\190.jpg,Caries,0,0
C:\lab-hackathon\dataset\Caries\augmented\caries_0_7790.jpeg,Caries,0,1
C:\lab-hackathon\dataset\Tooth Discoloration\original\100.jpg,Tooth Discoloration,3,0
C:\lab-hackathon\dataset\Ulcers\augmented\Mouth_Ulcer_0_2615.jpeg,Ulcers,4,1
C:\lab-hackathon\dataset\Tooth Discoloration\augmented\Tooth_Discoloration_0_39.jpeg,Tooth Discoloration,3,1
C:\lab-hackathon\dataset\Hypodontia\(124).jpg,Hypodontia,5,0
C:\lab-hackathon\dataset\Caries\augmented\caries_0_8223.jpeg,Caries,0,1
C:\lab-hackathon\dataset\Calculus\(752).jpg,Calculus,1,0
C:\lab-hackathon\dataset\Gingivitis\(846).jpg,Gingivitis,2,0
C:\lab-hackathon\dataset\Hypodontia\(1115).JPG,Hypodontia,5,0
C:\lab-hackathon\dataset\Tooth Discoloration\augmented\Tooth_Discoloration_0_3614.jpeg,Tooth Discoloration,3,1
C:\lab-hackathon\dataset\Caries\augmented\caries_0_7512.jpeg,Caries,0,1
C:\lab-hackathon\dataset\Ulcers\original\231.jpg,Ulcers,4,0
C:\lab-hackathon\dataset\Ulcers\augmented\Mouth_Ulcer_0_302.jpeg,Ulcers,4,1
C:\lab-hackathon\dataset\Calculus\(425).jpg,Calculus,1,0
C:\lab-hackathon\dataset\Calculus\(593).jpg,Calculus,1,0
C:\lab-hackathon\dataset\Ulcers\augmented\Mouth_Ulcer_0_6725.jpeg,Ulcers,4,1
C:\lab-hackathon\dataset\Caries\original\208.jpg,Caries,0,0
C:\lab-hackathon\dataset\yolo_bbox\images\train\400.jpg,Ulcers,4,0
C:\lab-hackathon\dataset\Hypodontia\(489).JPG,Hypodontia,5,0
C:\lab-hackathon\dataset\yolo_bbox\images\train\88.jpg,Caries,0,0
C:\lab-hackathon\dataset\yolo_bbox\images\train\572.jpg,Tooth Discoloration,3,0
C:\lab-hackathon\dataset\yolo_bbox\images\train\5.jpg,Caries,0,0
C:\lab-hackathon\dataset\Hypodontia\(1100).jpg,Hypodontia,5,0
C:\lab-hackathon\dataset\Gingivitis\(991).jpg,Gingivitis,2,0
C:\lab-hackathon\dataset\Calculus\(807).jpg,Calculus,1,0
C:\lab-hackathon\dataset\yolo_bbox\images\train\caries_0_291.jpeg,Caries,0,0
C:\lab-hackathon\dataset\Gingivitis\(842).jpg,Gingivitis,2,0
C:\lab-hackathon\dataset\Tooth Discoloration\augmented\Tooth_Discoloration_0_342.jpeg,Tooth Discoloration,3,1
C:\lab-hackathon\dataset\Hypodontia\(506).JPG,Hypodontia,5,0
C:\lab-hackathon\dataset\yolo_bbox\images\train\caries_0_457.jpeg,Caries,0,0
C:\lab-hackathon\dataset\Ulcers\augmented\Mouth_Ulcer_0_2909.jpeg,Ulcers,4,1
C:\lab-hackathon\dataset\Gingivitis\(236).jpg,Gingivitis,2,0
C:\lab-hackathon\dataset\yolo_bbox\images\train\caries_0_3396.jpeg,Caries,0,0
C:\lab-hackathon\dataset\yolo_bbox\images\train\536.jpg,Tooth Discoloration,3,0
C:\lab-hackathon\dataset\yolo_bbox\images\train\caries_0_3635.jpeg,Caries,0,0
C:\lab-hackathon\dataset\Tooth Discoloration\augmented\Tooth_Discoloration_0_8768.jpeg,Tooth Discoloration,3,1
C:\lab-hackathon\dataset\Gingivitis\(966).jpg,Gingivitis,2,0
C:\lab-hackathon\dataset\yolo_bbox\images\train\caries_0_4415.jpeg,Caries,0,0
C:\lab-hackathon\dataset\Gingivitis\(2055).jpg,Gingivitis,2,0
C:\lab-hackathon\dataset\Hypodontia\(496).JPG,Hypodontia,5,0
C:\lab-hackathon\dataset\Calculus\(295).jpg,Calculus,1,0
C:\lab-hackathon\dataset\yolo_bbox\images\train\caries_0_4345.jpeg,Caries,0,0
C:\lab-hackathon\dataset\yolo_bbox\images\train\153.jpg,Caries,0,0
C:\lab-hackathon\dataset\Gingivitis\(608).jpg,Gingivitis,2,0
C:\lab-hackathon\dataset\Caries\augmented\caries_0_4608.jpeg,Caries,0,1
C:\lab-hackathon\dataset\Caries\augmented\caries_0_7858.jpeg,Caries,0,1
C:\lab-hackathon\dataset\Ulcers\augmented\Mouth_Ulcer_0_5780.jpeg,Ulcers,4,1
C:\lab-hackathon\dataset\Hypodontia\(722).JPG,Hypodontia,5,0
C:\lab-hackathon\dataset\Hypodontia\(853).JPG,Hypodontia,5,0
C:\lab-hackathon\dataset\Tooth Discoloration\augmented\Tooth_Discoloration_0_267.jpeg,Tooth Discoloration,3,1
C:\lab-hackathon\dataset\Hypodontia\(653).JPG,Hypodontia,5,0
C:\lab-hackathon\dataset\Ulcers\augmented\Mouth_Ulcer_0_9750.jpeg,Ulcers,4,1
C:\lab-hackathon\dataset\Hypodontia\(968).jpg,Hypodontia,5,0
C:\lab-hackathon\dataset\Hypodontia\(311).JPG,Hypodontia,5,0
C:\lab-hackathon\dataset\Gingivitis\(2235).jpg,Gingivitis,2,0
C:\lab-hackathon\dataset\Gingivitis\(58).jpg,Gingivitis,2,0
C:\lab-hackathon\dataset\Gingivitis\(2045).jpg,Gingivitis,2,0
C:\lab-hackathon\dataset\Gingivitis\(588).jpg,Gingivitis,2,0
C:\lab-hackathon\dataset\Gingivitis\(989).jpg,Gingivitis,2,0
C:\lab-hackathon\dataset\Gingivitis\(142).jpg,Gingivitis,2,0
C:\lab-hackathon\dataset\Caries\augmented\caries_0_7460.jpeg,Caries,0,1
C:\lab-hackathon\dataset\Ulcers\augmented\Mouth_Ulcer_0_6610.jpeg,Ulcers,4,1
C:\lab-hackathon\dataset\Gingivitis\(768).jpg,Gingivitis,2,0
C:\lab-hackathon\dataset\Hypodontia\(687).JPG,Hypodontia,5,0
C:\lab-hackathon\dataset\Caries\augmented\caries_0_2167.jpeg,Caries,0,1
C:\lab-hackathon\dataset\Caries\original\89.jpg,Caries,0,0
C:\lab-hackathon\dataset\Gingivitis\(2135).jpg,Gingivitis,2,0
C:\lab-hackathon\dataset\Hypodontia\(870).JPG,Hypodontia,5,0
C:\lab-hackathon\dataset\Ulcers\augmented\Mouth_Ulcer_0_8196.jpeg,Ulcers,4,1
C:\lab-hackathon\dataset\yolo_bbox\images\train\caries_0_318.jpeg,Caries,0,0
C:\lab-hackathon\dataset\yolo_bbox\images\train\caries_0_4432.jpeg,Caries,0,0
C:\lab-hackathon\dataset\Tooth Discoloration\augmented\Tooth_Discoloration_0_616.jpeg,Tooth Discoloration,3,1
C:\lab-hackathon\dataset\Ulcers\augmented\Mouth_Ulcer_0_4041.jpeg,Ulcers,4,1
C:\lab-hackathon\dataset\Hypodontia\(971).jpg,Hypodontia,5,0
C:\lab-hackathon\dataset\Caries\augmented\caries_0_4325.jpeg,Caries,0,1
C:\lab-hackathon\dataset\Ulcers\original\241.jpg,Ulcers,4,0
C:\lab-hackathon\dataset\Gingivitis\(250).jpg,Gingivitis,2,0
C:\lab-hackathon\dataset\Ulcers\augmented\Mouth_Ulcer_0_3210.jpeg,Ulcers,4,1
C:\lab-hackathon\dataset\yolo_bbox\images\train\caries_0_3284.jpeg,Caries,0,0
C:\lab-hackathon\dataset\Gingivitis\(1126).jpg,Gingivitis,2,0
C:\lab-hackathon\dataset\yolo_bbox\images\train\471.jpg,Tooth Discoloration,3,0
C:\lab-hackathon\dataset\Gingivitis\(393).jpg,Gingivitis,2,0
C:\lab-hackathon\dataset\Tooth Discoloration\augmented\Tooth_Discoloration_0_6767.jpeg,Tooth Discoloration,3,1
C:\lab-hackathon\dataset\yolo_bbox\images\train\caries_0_108.jpeg,Caries,0,0
C:\lab-hackathon\dataset\Hypodontia\(1112).JPG,Hypodontia,5,0
C:\lab-hackathon\dataset\Tooth Discoloration\augmented\Tooth_Discoloration_0_9604.jpeg,Tooth Discoloration,3,1
C:\lab-hackathon\dataset\Gingivitis\(590).jpg,Gingivitis,2,0
C:\lab-hackathon\dataset\Gingivitis\(1653).jpg,Gingivitis,2,0
C:\lab-hackathon\dataset\Gingivitis\(1522).jpg,Gingivitis,2,0
C:\lab-hackathon\dataset\Tooth Discoloration\original\153.jpg,Tooth Discoloration,3,0
C:\lab-hackathon\dataset\Calculus\(650).jpg,Calculus,1,0
C:\lab-hackathon\dataset\Hypodontia\(369).JPG,Hypodontia,5,0
C:\lab-hackathon\dataset\Tooth Discoloration\augmented\Tooth_Discoloration_0_8966.jpeg,Tooth Discoloration,3,1
C:\lab-hackathon\dataset\Caries\augmented\caries_0_4684.jpeg,Caries,0,1
C:\lab-hackathon\dataset\Hypodontia\(898).JPG,Hypodontia,5,0
C:\lab-hackathon\dataset\Tooth Discoloration\original\11.jpg,Tooth Discoloration,3,0
C:\lab-hackathon\dataset\Hypodontia\(119).jpg,Hypodontia,5,0
C:\lab-hackathon\dataset\yolo_bbox\images\train\caries_0_516.jpeg,Caries,0,0
C:\lab-hackathon\dataset\yolo_bbox\images\train\(32).jpg,Gingivitis,2,0
C:\lab-hackathon\dataset\Calculus\(854).jpg,Calculus,1,0
C:\lab-hackathon\dataset\Gingivitis\(1172).jpg,Gingivitis,2,0
C:\lab-hackathon\dataset\yolo_bbox\images\train\caries_0_3348.jpeg,Caries,0,0
C:\lab-hackathon\dataset\Ulcers\augmented\Mouth_Ulcer_0_9424.jpeg,Ulcers,4,1
C:\lab-hackathon\dataset\Hypodontia\(1147).JPG,Hypodontia,5,0
C:\lab-hackathon\dataset\yolo_bbox\images\train\caries_0_4522.jpeg,Caries,0,0
C:\lab-hackathon\dataset\Calculus\(436).jpg,Calculus,1,0
C:\lab-hackathon\dataset\Ulcers\augmented\Mouth_Ulcer_0_4881.jpeg,Ulcers,4,1
C:\lab-hackathon\dataset\Caries\augmented\caries_0_1294.jpeg,Caries,0,1
C:\lab-hackathon\dataset\Hypodontia\(987).JPG,Hypodontia,5,0
C:\lab-hackathon\dataset\Gingivitis\(1002).jpg,Gingivitis,2,0
C:\lab-hackathon\dataset\Tooth Discoloration\augmented\Tooth_Discoloration_0_1061.jpeg,Tooth Discoloration,3,1
C:\lab-hackathon\dataset\Calculus\(210).jpg,Calculus,1,0
C:\lab-hackathon\dataset\Gingivitis\(396).jpg,Gingivitis,2,0
C:\lab-hackathon\dataset\Hypodontia\(1198).JPG,Hypodontia,5,0
C:\lab-hackathon\dataset\Gingivitis\(1137).jpg,Gingivitis,2,0
C:\lab-hackathon\dataset\Ulcers\augmented\Mouth_Ulcer_0_6254.jpeg,Ulcers,4,1
C:\lab-hackathon\dataset\Gingivitis\(2032).jpg,Gingivitis,2,0
C:\lab-hackathon\dataset\Tooth Discoloration\augmented\Tooth_Discoloration_0_3799.jpeg,Tooth Discoloration,3,1
C:\lab-hackathon\dataset\Gingivitis\(1906).jpg,Gingivitis,2,0
C:\lab-hackathon\dataset\Gingivitis\(1921).jpg,Gingivitis,2,0
C:\lab-hackathon\dataset\Tooth Discoloration\original\164.jpg,Tooth Discoloration,3,0
C:\lab-hackathon\dataset\Ulcers\augmented\Mouth_Ulcer_0_5721.jpeg,Ulcers,4,1
C:\lab-hackathon\dataset\yolo_bbox\images\train\590.jpg,Tooth Discoloration,3,0
C:\lab-hackathon\dataset\Hypodontia\(433).JPG,Hypodontia,5,0
C:\lab-hackathon\dataset\yolo_bbox\images\train\403.jpg,Ulcers,4,0
C:\lab-hackathon\dataset\Hypodontia\(519).jpg,Hypodontia,5,0
C:\lab-hackathon\dataset\Ulcers\augmented\Mouth_Ulcer_0_1052.jpeg,Ulcers,4,1
C:\lab-hackathon\dataset\Ulcers\augmented\Mouth_Ulcer_0_3661.jpeg,Ulcers,4,1
C:\lab-hackathon\dataset\yolo_bbox\images\train\243.jpg,Ulcers,4,0
C:\lab-hackathon\dataset\Gingivitis\(1502).jpg,Gingivitis,2,0
C:\lab-hackathon\dataset\Hypodontia\(1237).jpg,Hypodontia,5,0
C:\lab-hackathon\dataset\Gingivitis\(520).jpg,Gingivitis,2,0
C:\lab-hackathon\dataset\Tooth Discoloration\augmented\Tooth_Discoloration_0_9906.jpeg,Tooth Discoloration,3,1
C:\lab-hackathon\dataset\Tooth Discoloration\augmented\Tooth_Discoloration_0_538.jpeg,Tooth Discoloration,3,1
C:\lab-hackathon\dataset\yolo_bbox\images\train\2.jpg,Caries,0,0
C:\lab-hackathon\dataset\Gingivitis\(1073).jpg,Gingivitis,2,0
C:\lab-hackathon\dataset\Hypodontia\(684).jpg,Hypodontia,5,0
C:\lab-hackathon\dataset\Calculus\(784).jpg,Calculus,1,0
C:\lab-hackathon\dataset\Ulcers\augmented\Mouth_Ulcer_0_1615.jpeg,Ulcers,4,1
C:\lab-hackathon\dataset\Hypodontia\(638).JPG,Hypodontia,5,0
C:\lab-hackathon\dataset\Ulcers\augmented\Mouth_Ulcer_0_6124.jpeg,Ulcers,4,1
C:\lab-hackathon\dataset\Gingivitis\(1815).jpg,Gingivitis,2,0
C:\lab-hackathon\dataset\yolo_bbox\images\train\caries_0_299.jpeg,Caries,0,0
C:\lab-hackathon\dataset\Ulcers\augmented\Mouth_Ulcer_0_6131.jpeg,Ulcers,4,1
C:\lab-hackathon\dataset\yolo_bbox\images\train\(201).jpg,Gingivitis,2,0
C:\lab-hackathon\dataset\Ulcers\original\96.jpg,Ulcers,4,0
C:\lab-hackathon\dataset\yolo_bbox\images\train\204.jpg,Caries,0,0
C:\lab-hackathon\dataset\Hypodontia\(295).JPG,Hypodontia,5,0
C:\lab-hackathon\dataset\Gingivitis\(1783).jpg,Gingivitis,2,0
C:\lab-hackathon\dataset\yolo_bbox\images\train\caries_0_5020.jpeg,Caries,0,0
C:\lab-hackathon\dataset\yolo_bbox\images\train\caries_0_4414.jpeg,Caries,0,0
C:\lab-hackathon\dataset\Ulcers\augmented\Mouth_Ulcer_0_2825.jpeg,Ulcers,4,1
C:\lab-hackathon\dataset\Tooth Discoloration\original\47.jpg,Tooth Discoloration,3,0
C:\lab-hackathon\dataset\Gingivitis\(540).jpg,Gingivitis,2,0
C:\lab-hackathon\dataset\Ulcers\augmented\Mouth_Ulcer_0_5849.jpeg,Ulcers,4,1
C:\lab-hackathon\dataset\Caries\augmented\caries_0_3654.jpeg,Caries,0,1
C:\lab-hackathon\dataset\Caries\augmented\caries_0_4600.jpeg,Caries,0,1
C:\lab-hackathon\dataset\Gingivitis\(1075).jpg,Gingivitis,2,0
C:\lab-hackathon\dataset\yolo_bbox\images\train\(184).jpg,Gingivitis,2,0
C:\lab-hackathon\dataset\Gingivitis\(1918).jpg,Gingivitis,2,0
C:\lab-hackathon\dataset\Caries\augmented\caries_0_1199.jpeg,Caries,0,1
C:\lab-hackathon\dataset\Calculus\(1109).jpg,Calculus,1,0
C:\lab-hackathon\dataset\Gingivitis\(60).jpg,Gingivitis,2,0
C:\lab-hackathon\dataset\Ulcers\augmented\Mouth_Ulcer_0_532.jpeg,Ulcers,4,1
C:\lab-hackathon\dataset\Ulcers\augmented\Mouth_Ulcer_0_5438.jpeg,Ulcers,4,1
C:\lab-hackathon\dataset\Hypodontia\(449).JPG,Hypodontia,5,0
C:\lab-hackathon\dataset\Calculus\(378).jpg,Calculus,1,0
C:\lab-hackathon\dataset\Caries\original\70.jpg,Caries,0,0
C:\lab-hackathon\dataset\Caries\augmented\caries_0_8100.jpeg,Caries,0,1
C:\lab-hackathon\dataset\Caries\augmented\caries_0_6221.jpeg,Caries,0,1
C:\lab-hackathon\dataset\Hypodontia\(1084).jpg,Hypodontia,5,0
C:\lab-hackathon\dataset\Gingivitis\(2004).jpg,Gingivitis,2,0
C:\lab-hackathon\dataset\Caries\original\58.jpg,Caries,0,0
C:\lab-hackathon\dataset\Tooth Discoloration\original\32.jpg,Tooth Discoloration,3,0
C:\lab-hackathon\dataset\Caries\augmented\caries_0_8093.jpeg,Caries,0,1
C:\lab-hackathon\dataset\Ulcers\augmented\Mouth_Ulcer_0_6864.jpeg,Ulcers,4,1
C:\lab-hackathon\dataset\Gingivitis\(1132).jpg,Gingivitis,2,0
C:\lab-hackathon\dataset\Tooth Discoloration\augmented\Tooth_Discoloration_0_6129.jpeg,Tooth Discoloration,3,1
C:\lab-hackathon\dataset\Calculus\(1096).jpg,Calculus,1,0
C:\lab-hackathon\dataset\Calculus\(361).jpg,Calculus,1,0
C:\lab-hackathon\dataset\Tooth Discoloration\augmented\Tooth_Discoloration_0_1451.jpeg,Tooth Discoloration,3,1
C:\lab-hackathon\dataset\Caries\augmented\caries_0_7176.jpeg,Caries,0,1
C:\lab-hackathon\dataset\Gingivitis\(1966).jpg,Gingivitis,2,0
C:\lab-hackathon\dataset\yolo_bbox\images\train\caries_0_3358.jpeg,Caries,0,0
C:\lab-hackathon\dataset\Ulcers\augmented\Mouth_Ulcer_0_3281.jpeg,Ulcers,4,1
C:\lab-hackathon\dataset\Hypodontia\(339).JPG,Hypodontia,5,0
C:\lab-hackathon\dataset\Gingivitis\(190).jpg,Gingivitis,2,0
C:\lab-hackathon\dataset\Ulcers\augmented\Mouth_Ulcer_0_718.jpeg,Ulcers,4,1
C:\lab-hackathon\dataset\Calculus\(829).jpg,Calculus,1,0
C:\lab-hackathon\dataset\Ulcers\augmented\Mouth_Ulcer_0_192.jpeg,Ulcers,4,1
C:\lab-hackathon\dataset\Tooth Discoloration\augmented\Tooth_Discoloration_0_3371.jpeg,Tooth Discoloration,3,1
C:\lab-hackathon\dataset\Ulcers\original\227.jpg,Ulcers,4,0
C:\lab-hackathon\dataset\yolo_bbox\images\train\caries_0_4444.jpeg,Caries,0,0
C:\lab-hackathon\dataset\Caries\original\137.jpg,Caries,0,0
C:\lab-hackathon\dataset\yolo_bbox\images\train\273.jpg,Ulcers,4,0
C:\lab-hackathon\dataset\Calculus\(429).jpg,Calculus,1,0
C:\lab-hackathon\dataset\Calculus\(867).jpg,Calculus,1,0
C:\lab-hackathon\dataset\Caries\augmented\caries_0_7031.jpeg,Caries,0,1
C:\lab-hackathon\dataset\Ulcers\augmented\Mouth_Ulcer_0_3085.jpeg,Ulcers,4,1
C:\lab-hackathon\dataset\yolo_bbox\images\train\109.jpg,Caries,0,0
C:\lab-hackathon\dataset\Hypodontia\(630).JPG,Hypodontia,5,0
C:\lab-hackathon\dataset\Ulcers\original\117.jpg,Ulcers,4,0
C:\lab-hackathon\dataset\yolo_bbox\images\train\caries_0_4212.jpeg,Caries,0,0
C:\lab-hackathon\dataset\Tooth Discoloration\augmented\Tooth_Discoloration_0_6428.jpeg,Tooth Discoloration,3,1
C:\lab-hackathon\dataset\Calculus\(366).jpg,Calculus,1,0
C:\lab-hackathon\dataset\yolo_bbox\images\train\557.jpg,Tooth Discoloration,3,0
C:\lab-hackathon\dataset\Caries\augmented\caries_0_9756.jpeg,Caries,0,1
C:\lab-hackathon\dataset\Caries\augmented\caries_0_8226.jpeg,Caries,0,1
C:\lab-hackathon\dataset\Ulcers\original\51.jpg,Ulcers,4,0
C:\lab-hackathon\dataset\Gingivitis\(1882).jpg,Gingivitis,2,0
C:\lab-hackathon\dataset\Calculus\(857).jpg,Calculus,1,0
C:\lab-hackathon\dataset\Hypodontia\(246).jpg,Hypodontia,5,0
C:\lab-hackathon\dataset\yolo_bbox\images\train\caries_0_4851.jpeg,Caries,0,0
C:\lab-hackathon\dataset\yolo_bbox\images\train\(100).jpg,Gingivitis,2,0
C:\lab-hackathon\dataset\Hypodontia\(604).JPG,Hypodontia,5,0
C:\lab-hackathon\dataset\Gingivitis\(1913).jpg,Gingivitis,2,0
C:\lab-hackathon\dataset\Gingivitis\(1205).jpg,Gingivitis,2,0
C:\lab-hackathon\dataset\Hypodontia\(38).JPG,Hypodontia,5,0
C:\lab-hackathon\dataset\Ulcers\augmented\Mouth_Ulcer_0_1354.jpeg,Ulcers,4,1
C:\lab-hackathon\dataset\Hypodontia\(128).jpg,Hypodontia,5,0
C:\lab-hackathon\dataset\yolo_bbox\images\train\608.jpg,Tooth Discoloration,3,0
C:\lab-hackathon\dataset\Calculus\(661).jpg,Calculus,1,0
C:\lab-hackathon\dataset\yolo_bbox\images\train\(12).jpg,Gingivitis,2,0
C:\lab-hackathon\dataset\Gingivitis\(319).jpg,Gingivitis,2,0
C:\lab-hackathon\dataset\Gingivitis\(1207).jpg,Gingivitis,2,0
C:\lab-hackathon\dataset\Hypodontia\(938).jpg,Hypodontia,5,0
C:\lab-hackathon\dataset\yolo_bbox\images\train\587.jpg,Tooth Discoloration,3,0
C:\lab-hackathon\dataset\Ulcers\augmented\Mouth_Ulcer_0_5426.jpeg,Ulcers,4,1
C:\lab-hackathon\dataset\yolo_bbox\images\train\caries_0_3341.jpeg,Caries,0,0
C:\lab-hackathon\dataset\Ulcers\augmented\Mouth_Ulcer_0_8679.jpeg,Ulcers,4,1
C:\lab-hackathon\dataset\Ulcers\augmented\Mouth_Ulcer_0_2042.jpeg,Ulcers,4,1
C:\lab-hackathon\dataset\Ulcers\augmented\Mouth_Ulcer_0_6284.jpeg,Ulcers,4,1
C:\lab-hackathon\dataset\Tooth Discoloration\original\178.jpg,Tooth Discoloration,3,0
C:\lab-hackathon\dataset\Hypodontia\(222).JPG,Hypodontia,5,0
C:\lab-hackathon\dataset\Hypodontia\(1124).JPG,Hypodontia,5,0
C:\lab-hackathon\dataset\Ulcers\augmented\Mouth_Ulcer_0_2531.jpeg,Ulcers,4,1
C:\lab-hackathon\dataset\Ulcers\original\35.jpg,Ulcers,4,0
C:\lab-hackathon\dataset\Gingivitis\(666).jpg,Gingivitis,2,0
C:\lab-hackathon\dataset\Gingivitis\(1234).jpg,Gingivitis,2,0
C:\lab-hackathon\dataset\Ulcers\augmented\Mouth_Ulcer_0_4290.jpeg,Ulcers,4,1
C:\lab-hackathon\dataset\yolo_bbox\images\train\75.jpg,Caries,0,0
C:\lab-hackathon\dataset\Gingivitis\(2268).jpg,Gingivitis,2,0
C:\lab-hackathon\dataset\yolo_bbox\images\train\caries_0_3426.jpeg,Caries,0,0
C:\lab-hackathon\dataset\Tooth Discoloration\augmented\Tooth_Discoloration_0_7196.jpeg,Tooth Discoloration,3,1
C:\lab-hackathon\dataset\Hypodontia\(1125).JPG,Hypodontia,5,0
C:\lab-hackathon\dataset\Hypodontia\(1027).JPG,Hypodontia,5,0
C:\lab-hackathon\dataset\Ulcers\augmented\Mouth_Ulcer_0_2833.jpeg,Ulcers,4,1
C:\lab-hackathon\dataset\Tooth Discoloration\original\83.jpg,Tooth Discoloration,3,0
C:\lab-hackathon\dataset\Gingivitis\(1988).jpg,Gingivitis,2,0
C:\lab-hackathon\dataset\Calculus\(408).jpg,Calculus,1,0
C:\lab-hackathon\dataset\Ulcers\augmented\Mouth_Ulcer_0_2636.jpeg,Ulcers,4,1
C:\lab-hackathon\dataset\Ulcers\augmented\Mouth_Ulcer_0_1831.jpeg,Ulcers,4,1
C:\lab-hackathon\dataset\Ulcers\augmented\Mouth_Ulcer_0_7300.jpeg,Ulcers,4,1
C:\lab-hackathon\dataset\yolo_bbox\images\train\211.jpg,Caries,0,0
C:\lab-hackathon\dataset\Caries\augmented\caries_0_2334.jpeg,Caries,0,1
C:\lab-hackathon\dataset\Ulcers\augmented\Mouth_Ulcer_0_1169.jpeg,Ulcers,4,1
C:\lab-hackathon\dataset\Caries\augmented\caries_0_7615.jpeg,Caries,0,1
C:\lab-hackathon\dataset\yolo_bbox\images\train\caries_0_43.jpeg,Caries,0,0
C:\lab-hackathon\dataset\Ulcers\augmented\Mouth_Ulcer_0_838.jpeg,Ulcers,4,1
C:\lab-hackathon\dataset\Caries\augmented\caries_0_8302.jpeg,Caries,0,1
C:\lab-hackathon\dataset\yolo_bbox\images\train\caries_0_3553.jpeg,Caries,0,0
C:\lab-hackathon\dataset\yolo_bbox\images\train\caries_0_3255.jpeg,Caries,0,0
C:\lab-hackathon\dataset\Hypodontia\(1141).JPG,Hypodontia,5,0
C:\lab-hackathon\dataset\yolo_bbox\images\train\(21).jpg,Gingivitis,2,0
C:\lab-hackathon\dataset\Hypodontia\(983).JPG,Hypodontia,5,0
C:\lab-hackathon\dataset\Caries\original\204.jpg,Caries,0,0
C:\lab-hackathon\dataset\Gingivitis\(302).jpg,Gingivitis,2,0
C:\lab-hackathon\dataset\Ulcers\augmented\Mouth_Ulcer_0_4470.jpeg,Ulcers,4,1
C:\lab-hackathon\dataset\Tooth Discoloration\augmented\Tooth_Discoloration_0_910.jpeg,Tooth Discoloration,3,1
C:\lab-hackathon\dataset\Caries\original\142.jpg,Caries,0,0
C:\lab-hackathon\dataset\Gingivitis\(1670).jpg,Gingivitis,2,0
C:\lab-hackathon\dataset\Gingivitis\(652).jpg,Gingivitis,2,0
C:\lab-hackathon\dataset\Ulcers\augmented\Mouth_Ulcer_0_3548.jpeg,Ulcers,4,1
C:\lab-hackathon\dataset\yolo_bbox\images\train\226.jpg,Ulcers,4,0
C:\lab-hackathon\dataset\Ulcers\augmented\Mouth_Ulcer_0_5346.jpeg,Ulcers,4,1
C:\lab-hackathon\dataset\Gingivitis\(653).jpg,Gingivitis,2,0
C:\lab-hackathon\dataset\Gingivitis\(337).jpg,Gingivitis,2,0
C:\lab-hackathon\dataset\yolo_bbox\images\train\caries_0_5104.jpeg,Caries,0,0
C:\lab-hackathon\dataset\Caries\augmented\caries_0_6962.jpeg,Caries,0,1
C:\lab-hackathon\dataset\Ulcers\augmented\Mouth_Ulcer_0_8215.jpeg,Ulcers,4,1
C:\lab-hackathon\dataset\Gingivitis\(2050).jpg,Gingivitis,2,0
C:\lab-hackathon\dataset\Hypodontia\(1017).JPG,Hypodontia,5,0
C:\lab-hackathon\dataset\Hypodontia\(657).JPG,Hypodontia,5,0
C:\lab-hackathon\dataset\Calculus\(1106).jpg,Calculus,1,0
C:\lab-hackathon\dataset\Tooth Discoloration\original\177.jpg,Tooth Discoloration,3,0
C:\lab-hackathon\dataset\Gingivitis\(725).jpg,Gingivitis,2,0
C:\lab-hackathon\dataset\yolo_bbox\images\train\241.jpg,Ulcers,4,0
C:\lab-hackathon\dataset\Gingivitis\(794).jpg,Gingivitis,2,0
C:\lab-hackathon\dataset\Gingivitis\(543).jpg,Gingivitis,2,0
C:\lab-hackathon\dataset\Calculus\(1172).jpg,Calculus,1,0
C:\lab-hackathon\dataset\yolo_bbox\images\train\caries_0_4652.jpeg,Caries,0,0
C:\lab-hackathon\dataset\yolo_bbox\images\train\(178).jpg,Gingivitis,2,0
C:\lab-hackathon\dataset\Calculus\(797).jpg,Calculus,1,0
C:\lab-hackathon\dataset\Ulcers\augmented\Mouth_Ulcer_0_1902.jpeg,Ulcers,4,1
C:\lab-hackathon\dataset\Calculus\(762).jpg,Calculus,1,0
C:\lab-hackathon\dataset\Gingivitis\(1428).jpg,Gingivitis,2,0
C:\lab-hackathon\dataset\yolo_bbox\images\train\caries_0_5068.jpeg,Caries,0,0
C:\lab-hackathon\dataset\Tooth Discoloration\augmented\Tooth_Discoloration_0_9425.jpeg,Tooth Discoloration,3,1
C:\lab-hackathon\dataset\Calculus\(58).jpg,Calculus,1,0
C:\lab-hackathon\dataset\yolo_bbox\images\train\254.jpg,Ulcers,4,0
C:\lab-hackathon\dataset\yolo_bbox\images\train\187.jpg,Caries,0,0
C:\lab-hackathon\dataset\Ulcers\augmented\Mouth_Ulcer_0_4373.jpeg,Ulcers,4,1
C:\lab-hackathon\dataset\Hypodontia\(910).JPG,Hypodontia,5,0
C:\lab-hackathon\dataset\Caries\augmented\caries_0_2980.jpeg,Caries,0,1
C:\lab-hackathon\dataset\Hypodontia\(1099).jpg,Hypodontia,5,0
C:\lab-hackathon\dataset\Gingivitis\(1236).jpg,Gingivitis,2,0
C:\lab-hackathon\dataset\Ulcers\original\190.jpg,Ulcers,4,0
C:\lab-hackathon\dataset\Tooth Discoloration\augmented\Tooth_Discoloration_0_2240.jpeg,Tooth Discoloration,3,1
C:\lab-hackathon\dataset\Gingivitis\(1178).jpg,Gingivitis,2,0
C:\lab-hackathon\dataset\Gingivitis\(755).jpg,Gingivitis,2,0
C:\lab-hackathon\dataset\Ulcers\augmented\Mouth_Ulcer_0_7742.jpeg,Ulcers,4,1
C:\lab-hackathon\dataset\Ulcers\augmented\Mouth_Ulcer_0_8453.jpeg,Ulcers,4,1
C:\lab-hackathon\dataset\Hypodontia\(590).JPG,Hypodontia,5,0
C:\lab-hackathon\dataset\Ulcers\augmented\Mouth_Ulcer_0_2872.jpeg,Ulcers,4,1
C:\lab-hackathon\dataset\yolo_bbox\images\train\caries_0_4830.jpeg,Caries,0,0
C:\lab-hackathon\dataset\Ulcers\original\247.jpg,Ulcers,4,0
C:\lab-hackathon\dataset\yolo_bbox\images\train\caries_0_242.jpeg,Caries,0,0
C:\lab-hackathon\dataset\Tooth Discoloration\original\98.jpg,Tooth Discoloration,3,0
C:\lab-hackathon\dataset\yolo_bbox\images\train\caries_0_3882.jpeg,Caries,0,0
C:\lab-hackathon\dataset\Caries\augmented\caries_0_1539.jpeg,Caries,0,1
C:\lab-hackathon\dataset\Gingivitis\(2288).jpg,Gingivitis,2,0
C:\lab-hackathon\dataset\yolo_bbox\images\train\caries_0_3982.jpeg,Caries,0,0
C:\lab-hackathon\dataset\yolo_bbox\images\train\(173).jpg,Gingivitis,2,0
C:\lab-hackathon\dataset\Caries\augmented\caries_0_2171.jpeg,Caries,0,1
C:\lab-hackathon\dataset\Tooth Discoloration\augmented\Tooth_Discoloration_0_3010.jpeg,Tooth Discoloration,3,1
C:\lab-hackathon\dataset\Calculus\(801).jpg,Calculus,1,0
C:\lab-hackathon\dataset\Gingivitis\(391).jpg,Gingivitis,2,0
C:\lab-hackathon\dataset\yolo_bbox\images\train\378.jpg,Ulcers,4,0
C:\lab-hackathon\dataset\Ulcers\augmented\Mouth_Ulcer_0_2695.jpeg,Ulcers,4,1
C:\lab-hackathon\dataset\Ulcers\augmented\Mouth_Ulcer_0_810.jpeg,Ulcers,4,1
C:\lab-hackathon\dataset\Hypodontia\(355).JPG,Hypodontia,5,0
C:\lab-hackathon\dataset\Calculus\(733).jpg,Calculus,1,0
C:\lab-hackathon\dataset\Caries\augmented\caries_0_245.jpeg,Caries,0,1
C:\lab-hackathon\dataset\Gingivitis\(695).jpg,Gingivitis,2,0
C:\lab-hackathon\dataset\Gingivitis\(2096).jpg,Gingivitis,2,0
C:\lab-hackathon\dataset\Calculus\(1062).jpg,Calculus,1,0
C:\lab-hackathon\dataset\Gingivitis\(2257).jpg,Gingivitis,2,0
C:\lab-hackathon\dataset\Gingivitis\(468).jpg,Gingivitis,2,0
C:\lab-hackathon\dataset\Gingivitis\(2030).jpg,Gingivitis,2,0
C:\lab-hackathon\dataset\Ulcers\original\46.jpg,Ulcers,4,0
C:\lab-hackathon\dataset\Calculus\(314).jpg,Calculus,1,0
C:\lab-hackathon\dataset\Tooth Discoloration\augmented\Tooth_Discoloration_0_1201.jpeg,Tooth Discoloration,3,1
C:\lab-hackathon\dataset\Tooth Discoloration\augmented\Tooth_Discoloration_0_8737.jpeg,Tooth Discoloration,3,1
C:\lab-hackathon\dataset\Caries\augmented\caries_0_8583.jpeg,Caries,0,1
C:\lab-hackathon\dataset\Tooth Discoloration\augmented\Tooth_Discoloration_0_5082.jpeg,Tooth Discoloration,3,1
C:\lab-hackathon\dataset\Caries\augmented\caries_0_3906.jpeg,Caries,0,1
C:\lab-hackathon\dataset\Gingivitis\(1735).jpg,Gingivitis,2,0
C:\lab-hackathon\dataset\Hypodontia\(469).JPG,Hypodontia,5,0
C:\lab-hackathon\dataset\Ulcers\augmented\Mouth_Ulcer_0_1140.jpeg,Ulcers,4,1
C:\lab-hackathon\dataset\Ulcers\original\83.jpg,Ulcers,4,0
C:\lab-hackathon\dataset\yolo_bbox\images\train\343.jpg,Ulcers,4,0
C:\lab-hackathon\dataset\Caries\augmented\caries_0_1993.jpeg,Caries,0,1
C:\lab-hackathon\dataset\yolo_bbox\images\train\caries_0_4804.jpeg,Caries,0,0
C:\lab-hackathon\dataset\Gingivitis\(2007).jpg,Gingivitis,2,0
C:\lab-hackathon\dataset\Tooth Discoloration\augmented\Tooth_Discoloration_0_7847.jpeg,Tooth Discoloration,3,1
C:\lab-hackathon\dataset\Tooth Discoloration\augmented\Tooth_Discoloration_0_2136.jpeg,Tooth Discoloration,3,1
C:\lab-hackathon\dataset\Ulcers\original\45.jpg,Ulcers,4,0
C:\lab-hackathon\dataset\Ulcers\augmented\Mouth_Ulcer_0_5783.jpeg,Ulcers,4,1
C:\lab-hackathon\dataset\yolo_bbox\images\train\390.jpg,Ulcers,4,0
C:\lab-hackathon\dataset\Ulcers\augmented\Mouth_Ulcer_0_4383.jpeg,Ulcers,4,1
C:\lab-hackathon\dataset\Gingivitis\(2139).jpg,Gingivitis,2,0
C:\lab-hackathon\dataset\yolo_bbox\images\train\caries_0_160.jpeg,Caries,0,0
C:\lab-hackathon\dataset\yolo_bbox\images\train\(143).jpg,Gingivitis,2,0
C:\lab-hackathon\dataset\Caries\augmented\caries_0_1273.jpeg,Caries,0,1
C:\lab-hackathon\dataset\Ulcers\augmented\Mouth_Ulcer_0_7035.jpeg,Ulcers,4,1
C:\lab-hackathon\dataset\Tooth Discoloration\augmented\Tooth_Discoloration_0_5611.jpeg,Tooth Discoloration,3,1
C:\lab-hackathon\dataset\yolo_bbox\images\train\caries_0_4798.jpeg,Caries,0,0
C:\lab-hackathon\dataset\Gingivitis\(1707).jpg,Gingivitis,2,0
C:\lab-hackathon\dataset\Calculus\(828).jpg,Calculus,1,0
C:\lab-hackathon\dataset\yolo_bbox\images\train\caries_0_636.jpeg,Caries,0,0
C:\lab-hackathon\dataset\yolo_bbox\images\train\caries_0_4436.jpeg,Caries,0,0
C:\lab-hackathon\dataset\Caries\augmented\caries_0_3724.jpeg,Caries,0,1
C:\lab-hackathon\dataset\Hypodontia\(617).JPG,Hypodontia,5,0
C:\lab-hackathon\dataset\yolo_bbox\images\train\429.jpg,Ulcers,4,0
C:\lab-hackathon\dataset\Gingivitis\(1648).jpg,Gingivitis,2,0
C:\lab-hackathon\dataset\Gingivitis\(1355).jpg,Gingivitis,2,0
C:\lab-hackathon\dataset\Ulcers\augmented\Mouth_Ulcer_0_3378.jpeg,Ulcers,4,1
C:\lab-hackathon\dataset\Ulcers\original\199.jpg,Ulcers,4,0
C:\lab-hackathon\dataset\yolo_bbox\images\train\266.jpg,Ulcers,4,0
C:\lab-hackathon\dataset\Hypodontia\(235).JPG,Hypodontia,5,0
C:\lab-hackathon\dataset\Hypodontia\(258).jpg,Hypodontia,5,0
C:\lab-hackathon\dataset\Gingivitis\(1650).jpg,Gingivitis,2,0
C:\lab-hackathon\dataset\Gingivitis\(1286).jpg,Gingivitis,2,0
C:\lab-hackathon\dataset\Tooth Discoloration\augmented\Tooth_Discoloration_0_6830.jpeg,Tooth Discoloration,3,1
C:\lab-hackathon\dataset\Ulcers\augmented\Mouth_Ulcer_0_959.jpeg,Ulcers,4,1
C:\lab-hackathon\dataset\yolo_bbox\images\train\399.jpg,Ulcers,4,0
C:\lab-hackathon\dataset\Gingivitis\(1850).jpg,Gingivitis,2,0
C:\lab-hackathon\dataset\Gingivitis\(1432).jpg,Gingivitis,2,0
C:\lab-hackathon\dataset\Hypodontia\(79).JPG,Hypodontia,5,0
C:\lab-hackathon\dataset\Gingivitis\(981).jpg,Gingivitis,2,0
C:\lab-hackathon\dataset\Gingivitis\(867).jpg,Gingivitis,2,0
C:\lab-hackathon\dataset\Ulcers\augmented\Mouth_Ulcer_0_8674.jpeg,Ulcers,4,1
C:\lab-hackathon\dataset\Hypodontia\(82).JPG,Hypodontia,5,0
C:\lab-hackathon\dataset\yolo_bbox\images\train\caries_0_5153.jpeg,Caries,0,0
C:\lab-hackathon\dataset\yolo_bbox\images\train\caries_0_4422.jpeg,Caries,0,0
C:\lab-hackathon\dataset\Ulcers\augmented\Mouth_Ulcer_0_4807.jpeg,Ulcers,4,1
C:\lab-hackathon\dataset\Gingivitis\(346).jpg,Gingivitis,2,0
C:\lab-hackathon\dataset\Calculus\(657).jpg,Calculus,1,0
C:\lab-hackathon\dataset\Calculus\(24).jpg,Calculus,1,0
C:\lab-hackathon\dataset\Calculus\(923).jpg,Calculus,1,0
C:\lab-hackathon\dataset\Caries\augmented\caries_0_1158.jpeg,Caries,0,1
C:\lab-hackathon\dataset\Gingivitis\(556).jpg,Gingivitis,2,0
C:\lab-hackathon\dataset\Caries\augmented\caries_0_4163.jpeg,Caries,0,1
C:\lab-hackathon\dataset\Gingivitis\(970).jpg,Gingivitis,2,0
C:\lab-hackathon\dataset\Hypodontia\(748).JPG,Hypodontia,5,0
C:\lab-hackathon\dataset\Calculus\(804).jpg,Calculus,1,0
C:\lab-hackathon\dataset\Caries\augmented\caries_0_760.jpeg,Caries,0,1
C:\lab-hackathon\dataset\Hypodontia\(487).jpg,Hypodontia,5,0
C:\lab-hackathon\dataset\Calculus\(793).jpg,Calculus,1,0
C:\lab-hackathon\dataset\Caries\augmented\caries_0_1522.jpeg,Caries,0,1
C:\lab-hackathon\dataset\Caries\augmented\caries_0_7981.jpeg,Caries,0,1
C:\lab-hackathon\dataset\yolo_bbox\images\train\caries_0_109.jpeg,Ulcers,4,0
C:\lab-hackathon\dataset\Hypodontia\(1129).JPG,Hypodontia,5,0
C:\lab-hackathon\dataset\Hypodontia\(623).JPG,Hypodontia,5,0
C:\lab-hackathon\dataset\yolo_bbox\images\train\137.jpg,Caries,0,0
C:\lab-hackathon\dataset\Ulcers\original\27.jpg,Ulcers,4,0
C:\lab-hackathon\dataset\Ulcers\augmented\Mouth_Ulcer_0_6445.jpeg,Ulcers,4,1
C:\lab-hackathon\dataset\Hypodontia\(12).JPG,Hypodontia,5,0
C:\lab-hackathon\dataset\yolo_bbox\images\train\346.jpg,Ulcers,4,0
C:\lab-hackathon\dataset\Hypodontia\(621).JPG,Hypodontia,5,0
C:\lab-hackathon\dataset\Hypodontia\(602).JPG,Hypodontia,5,0
C:\lab-hackathon\dataset\Caries\augmented\caries_0_4716.jpeg,Caries,0,1
C:\lab-hackathon\dataset\Gingivitis\(686).jpg,Gingivitis,2,0
C:\lab-hackathon\dataset\Gingivitis\(1581).jpg,Gingivitis,2,0
C:\lab-hackathon\dataset\Caries\augmented\caries_0_118.jpeg,Caries,0,1
C:\lab-hackathon\dataset\yolo_bbox\images\train\caries_0_377.jpeg,Caries,0,0
C:\lab-hackathon\dataset\Calculus\(205).jpg,Calculus,1,0
C:\lab-hackathon\dataset\yolo_bbox\images\train\248.jpg,Ulcers,4,0
C:\lab-hackathon\dataset\Ulcers\augmented\Mouth_Ulcer_0_3921.jpeg,Ulcers,4,1
C:\lab-hackathon\dataset\yolo_bbox\images\train\484.jpg,Tooth Discoloration,3,0
C:\lab-hackathon\dataset\yolo_bbox\images\train\85.jpg,Caries,0,0
C:\lab-hackathon\dataset\Hypodontia\(467).JPG,Hypodontia,5,0
C:\lab-hackathon\dataset\Gingivitis\(972).jpg,Gingivitis,2,0
C:\lab-hackathon\dataset\Caries\augmented\caries_0_2449.jpeg,Caries,0,1
C:\lab-hackathon\dataset\yolo_bbox\images\train\caries_0_3246.jpeg,Caries,0,0
C:\lab-hackathon\dataset\yolo_bbox\images\train\caries_0_421.jpeg,Caries,0,0
C:\lab-hackathon\dataset\yolo_bbox\images\train\(91).jpg,Gingivitis,2,0
C:\lab-hackathon\dataset\Ulcers\original\183.jpg,Ulcers,4,0
C:\lab-hackathon\dataset\Caries\augmented\caries_0_8139.jpeg,Caries,0,1
C:\lab-hackathon\dataset\Hypodontia\(265).jpg,Hypodontia,5,0
C:\lab-hackathon\dataset\Calculus\(1288).jpg,Calculus,1,0
C:\lab-hackathon\dataset\Ulcers\augmented\Mouth_Ulcer_0_6374.jpeg,Ulcers,4,1
C:\lab-hackathon\dataset\Gingivitis\(2211).jpg,Gingivitis,2,0
C:\lab-hackathon\dataset\Calculus\(983).jpg,Calculus,1,0
C:\lab-hackathon\dataset\Tooth Discoloration\augmented\Tooth_Discoloration_0_5515.jpeg,Tooth Discoloration,3,1
C:\lab-hackathon\dataset\Gingivitis\(611).jpg,Gingivitis,2,0
C:\lab-hackathon\dataset\Gingivitis\(1821).jpg,Gingivitis,2,0
C:\lab-hackathon\dataset\Tooth Discoloration\augmented\Tooth_Discoloration_0_6303.jpeg,Tooth Discoloration,3,1
C:\lab-hackathon\dataset\Ulcers\augmented\Mouth_Ulcer_0_6944.jpeg,Ulcers,4,1
C:\lab-hackathon\dataset\yolo_bbox\images\train\(217).jpg,Gingivitis,2,0
C:\lab-hackathon\dataset\yolo_bbox\images\train\(62).jpg,Gingivitis,2,0
C:\lab-hackathon\dataset\Caries\augmented\caries_0_7888.jpeg,Caries,0,1
C:\lab-hackathon\dataset\Hypodontia\(1053).JPG,Hypodontia,5,0
C:\lab-hackathon\dataset\Gingivitis\(1179).jpg,Gingivitis,2,0
C:\lab-hackathon\dataset\Tooth Discoloration\augmented\Tooth_Discoloration_0_3913.jpeg,Tooth Discoloration,3,1
C:\lab-hackathon\dataset\Gingivitis\(352).jpg,Gingivitis,2,0
C:\lab-hackathon\dataset\Calculus\(1099).jpg,Calculus,1,0
C:\lab-hackathon\dataset\Gingivitis\(2313).jpg,Gingivitis,2,0
C:\lab-hackathon\dataset\Caries\augmented\caries_0_4356.jpeg,Caries,0,1
C:\lab-hackathon\dataset\Calculus\(1048).jpg,Calculus,1,0
C:\lab-hackathon\dataset\Caries\augmented\caries_0_295.jpeg,Caries,0,1
C:\lab-hackathon\dataset\Gingivitis\(114).jpg,Gingivitis,2,0
C:\lab-hackathon\dataset\yolo_bbox\images\train\caries_0_279.jpeg,Caries,0,0
C:\lab-hackathon\dataset\Tooth Discoloration\augmented\Tooth_Discoloration_0_7658.jpeg,Tooth Discoloration,3,1
C:\lab-hackathon\dataset\Calculus\(1047).jpg,Calculus,1,0
C:\lab-hackathon\dataset\Tooth Discoloration\original\139.jpg,Tooth Discoloration,3,0
C:\lab-hackathon\dataset\Hypodontia\(365).jpg,Hypodontia,5,0
C:\lab-hackathon\dataset\Gingivitis\(119).jpg,Gingivitis,2,0
C:\lab-hackathon\dataset\Hypodontia\(1096).jpg,Hypodontia,5,0
C:\lab-hackathon\dataset\yolo_bbox\images\train\caries_0_4199.jpeg,Caries,0,0
C:\lab-hackathon\dataset\Tooth Discoloration\augmented\Tooth_Discoloration_0_1892.jpeg,Tooth Discoloration,3,1
C:\lab-hackathon\dataset\Gingivitis\(572).jpg,Gingivitis,2,0
C:\lab-hackathon\dataset\Gingivitis\(1300).jpg,Gingivitis,2,0
C:\lab-hackathon\dataset\Calculus\(227).jpg,Calculus,1,0
C:\lab-hackathon\dataset\Caries\augmented\caries_0_1435.jpeg,Caries,0,1
C:\lab-hackathon\dataset\Ulcers\original\192.jpg,Ulcers,4,0
C:\lab-hackathon\dataset\Gingivitis\(192).jpg,Gingivitis,2,0
C:\lab-hackathon\dataset\Calculus\(250).jpg,Calculus,1,0
C:\lab-hackathon\dataset\yolo_bbox\images\train\(61).jpg,Gingivitis,2,0
C:\lab-hackathon\dataset\Gingivitis\(1625).jpg,Gingivitis,2,0
C:\lab-hackathon\dataset\Calculus\(439).jpg,Calculus,1,0
C:\lab-hackathon\dataset\Calculus\(1267).jpg,Calculus,1,0
C:\lab-hackathon\dataset\Tooth Discoloration\augmented\Tooth_Discoloration_0_4228.jpeg,Tooth Discoloration,3,1
C:\lab-hackathon\dataset\Gingivitis\(1685).jpg,Gingivitis,2,0
C:\lab-hackathon\dataset\Caries\augmented\caries_0_521.jpeg,Caries,0,1
C:\lab-hackathon\dataset\yolo_bbox\images\train\caries_0_5127.jpeg,Caries,0,0
C:\lab-hackathon\dataset\Caries\augmented\caries_0_9633.jpeg,Caries,0,1
C:\lab-hackathon\dataset\Gingivitis\(1601).jpg,Gingivitis,2,0
C:\lab-hackathon\dataset\yolo_bbox\images\train\caries_0_374.jpeg,Caries,0,0
C:\lab-hackathon\dataset\Gingivitis\(1227).jpg,Gingivitis,2,0
C:\lab-hackathon\dataset\Caries\augmented\caries_0_1866.jpeg,Caries,0,1
C:\lab-hackathon\dataset\Ulcers\augmented\Mouth_Ulcer_0_1918.jpeg,Ulcers,4,1
C:\lab-hackathon\dataset\Gingivitis\(941).jpg,Gingivitis,2,0
C:\lab-hackathon\dataset\Gingivitis\(20).jpg,Gingivitis,2,0
C:\lab-hackathon\dataset\Hypodontia\(991).JPG,Hypodontia,5,0
C:\lab-hackathon\dataset\Caries\augmented\caries_0_5151.jpeg,Caries,0,1
C:\lab-hackathon\dataset\Gingivitis\(1961).jpg,Gingivitis,2,0
C:\lab-hackathon\dataset\Calculus\(1127).jpg,Calculus,1,0
C:\lab-hackathon\dataset\Gingivitis\(159).jpg,Gingivitis,2,0
C:\lab-hackathon\dataset\yolo_bbox\images\train\475.jpg,Tooth Discoloration,3,0
C:\lab-hackathon\dataset\Gingivitis\(1376).jpg,Gingivitis,2,0
C:\lab-hackathon\dataset\Tooth Discoloration\augmented\Tooth_Discoloration_0_1660.jpeg,Tooth Discoloration,3,1
C:\lab-hackathon\dataset\Caries\original\213.jpg,Caries,0,0
C:\lab-hackathon\dataset\yolo_bbox\images\train\caries_0_5191.jpeg,Caries,0,0
C:\lab-hackathon\dataset\Gingivitis\(694).jpg,Gingivitis,2,0
C:\lab-hackathon\dataset\Caries\augmented\caries_0_2428.jpeg,Caries,0,1
C:\lab-hackathon\dataset\yolo_bbox\images\train\(73).jpg,Gingivitis,2,0
C:\lab-hackathon\dataset\yolo_bbox\images\train\(60).jpg,Gingivitis,2,0
C:\lab-hackathon\dataset\Ulcers\augmented\Mouth_Ulcer_0_1007.jpeg,Ulcers,4,1
C:\lab-hackathon\dataset\Ulcers\augmented\Mouth_Ulcer_0_5004.jpeg,Ulcers,4,1
C:\lab-hackathon\dataset\Gingivitis\(882).jpg,Gingivitis,2,0
C:\lab-hackathon\dataset\Calculus\(608).jpg,Calculus,1,0
C:\lab-hackathon\dataset\Ulcers\augmented\Mouth_Ulcer_0_1031.jpeg,Ulcers,4,1
C:\lab-hackathon\dataset\Tooth Discoloration\augmented\Tooth_Discoloration_0_8928.jpeg,Tooth Discoloration,3,1
C:\lab-hackathon\dataset\Gingivitis\(128).jpg,Gingivitis,2,0
C:\lab-hackathon\dataset\Ulcers\augmented\Mouth_Ulcer_0_2645.jpeg,Ulcers,4,1
C:\lab-hackathon\dataset\Gingivitis\(1962).jpg,Gingivitis,2,0
C:\lab-hackathon\dataset\Ulcers\augmented\Mouth_Ulcer_0_1106.jpeg,Ulcers,4,1
C:\lab-hackathon\dataset\Gingivitis\(1824).jpg,Gingivitis,2,0
C:\lab-hackathon\dataset\Ulcers\augmented\Mouth_Ulcer_0_5469.jpeg,Ulcers,4,1
C:\lab-hackathon\dataset\Gingivitis\(959).jpg,Gingivitis,2,0
C:\lab-hackathon\dataset\Hypodontia\(196).JPG,Hypodontia,5,0
C:\lab-hackathon\dataset\Caries\augmented\caries_0_2432.jpeg,Caries,0,1
C:\lab-hackathon\dataset\yolo_bbox\images\train\caries_0_4363.jpeg,Caries,0,0
C:\lab-hackathon\dataset\Gingivitis\(902).jpg,Gingivitis,2,0
C:\lab-hackathon\dataset\Hypodontia\(524).jpg,Hypodontia,5,0
C:\lab-hackathon\dataset\yolo_bbox\images\train\caries_0_722.jpeg,Caries,0,0
C:\lab-hackathon\dataset\Tooth Discoloration\augmented\Tooth_Discoloration_0_1927.jpeg,Tooth Discoloration,3,1
C:\lab-hackathon\dataset\yolo_bbox\images\train\364.jpg,Ulcers,4,0
C:\lab-hackathon\dataset\yolo_bbox\images\train\caries_0_17.jpeg,Caries,0,0
C:\lab-hackathon\dataset\Gingivitis\(398).jpg,Gingivitis,2,0
C:\lab-hackathon\dataset\yolo_bbox\images\train\59.jpg,Caries,0,0
C:\lab-hackathon\dataset\Caries\augmented\caries_0_7013.jpeg,Caries,0,1
C:\lab-hackathon\dataset\Caries\augmented\caries_0_6735.jpeg,Caries,0,1
C:\lab-hackathon\dataset\Calculus\(681).jpg,Calculus,1,0
C:\lab-hackathon\dataset\Hypodontia\(744).JPG,Hypodontia,5,0
C:\lab-hackathon\dataset\Caries\augmented\caries_0_268.jpeg,Caries,0,1
C:\lab-hackathon\dataset\Tooth Discoloration\augmented\Tooth_Discoloration_0_2320.jpeg,Tooth Discoloration,3,1
C:\lab-hackathon\dataset\yolo_bbox\images\train\640.jpg,Tooth Discoloration,3,0
C:\lab-hackathon\dataset\yolo_bbox\images\train\66.jpg,Caries,0,0
C:\lab-hackathon\dataset\yolo_bbox\images\train\caries_0_4848.jpeg,Caries,0,0
C:\lab-hackathon\dataset\Ulcers\augmented\Mouth_Ulcer_0_7466.jpeg,Ulcers,4,1
C:\lab-hackathon\dataset\Tooth Discoloration\augmented\Tooth_Discoloration_0_1226.jpeg,Tooth Discoloration,3,1
C:\lab-hackathon\dataset\Caries\augmented\caries_0_2160.jpeg,Caries,0,1
C:\lab-hackathon\dataset\Hypodontia\(287).JPG,Hypodontia,5,0
C:\lab-hackathon\dataset\Hypodontia\(893).JPG,Hypodontia,5,0
C:\lab-hackathon\dataset\yolo_bbox\images\train\caries_0_154.jpeg,Caries,0,0
C:\lab-hackathon\dataset\yolo_bbox\images\train\caries_0_3764.jpeg,Caries,0,0
C:\lab-hackathon\dataset\Gingivitis\(987).jpg,Gingivitis,2,0
C:\lab-hackathon\dataset\Gingivitis\(2306).jpg,Gingivitis,2,0
C:\lab-hackathon\dataset\Tooth Discoloration\original\160.jpg,Tooth Discoloration,3,0
C:\lab-hackathon\dataset\Caries\augmented\caries_0_5055.jpeg,Caries,0,1
C:\lab-hackathon\dataset\Ulcers\augmented\Mouth_Ulcer_0_7830.jpeg,Ulcers,4,1
C:\lab-hackathon\dataset\yolo_bbox\images\train\394.jpg,Ulcers,4,0
C:\lab-hackathon\dataset\Hypodontia\(976).JPG,Hypodontia,5,0
C:\lab-hackathon\dataset\Gingivitis\(1023).jpg,Gingivitis,2,0
C:\lab-hackathon\dataset\Tooth Discoloration\augmented\Tooth_Discoloration_0_8659.jpeg,Tooth Discoloration,3,1
C:\lab-hackathon\dataset\Caries\augmented\caries_0_4086.jpeg,Caries,0,1
C:\lab-hackathon\dataset\Tooth Discoloration\augmented\Tooth_Discoloration_0_3959.jpeg,Tooth Discoloration,3,1
C:\lab-hackathon\dataset\Calculus\(1225).jpg,Calculus,1,0
C:\lab-hackathon\dataset\Hypodontia\(48).JPG,Hypodontia,5,0
C:\lab-hackathon\dataset\yolo_bbox\images\train\522.jpg,Tooth Discoloration,3,0
C:\lab-hackathon\dataset\Calculus\(168).jpg,Calculus,1,0
C:\lab-hackathon\dataset\Caries\augmented\caries_0_5840.jpeg,Caries,0,1
C:\lab-hackathon\dataset\Gingivitis\(1).jpg,Gingivitis,2,0
C:\lab-hackathon\dataset\Gingivitis\(809).jpg,Gingivitis,2,0
C:\lab-hackathon\dataset\Calculus\(599).jpg,Calculus,1,0
C:\lab-hackathon\dataset\yolo_bbox\images\train\537.jpg,Tooth Discoloration,3,0
C:\lab-hackathon\dataset\yolo_bbox\images\train\158.jpg,Caries,0,0
C:\lab-hackathon\dataset\yolo_bbox\images\train\caries_0_4922.jpeg,Caries,0,0
C:\lab-hackathon\dataset\Caries\augmented\caries_0_2719.jpeg,Caries,0,1
C:\lab-hackathon\dataset\Caries\augmented\caries_0_6136.jpeg,Caries,0,1
C:\lab-hackathon\dataset\yolo_bbox\images\train\caries_0_3643.jpeg,Caries,0,0
C:\lab-hackathon\dataset\Gingivitis\(1305).jpg,Gingivitis,2,0
C:\lab-hackathon\dataset\Gingivitis\(549).jpg,Gingivitis,2,0
C:\lab-hackathon\dataset\Calculus\(569).jpg,Calculus,1,0
C:\lab-hackathon\dataset\yolo_bbox\images\train\caries_0_392.jpeg,Caries,0,0
C:\lab-hackathon\dataset\yolo_bbox\images\train\327.jpg,Ulcers,4,0
C:\lab-hackathon\dataset\Ulcers\augmented\Mouth_Ulcer_0_8640.jpeg,Ulcers,4,1
C:\lab-hackathon\dataset\Caries\original\123.jpg,Caries,0,0
C:\lab-hackathon\dataset\Ulcers\augmented\Mouth_Ulcer_0_3052.jpeg,Ulcers,4,1
C:\lab-hackathon\dataset\Caries\augmented\caries_0_5987.jpeg,Caries,0,1
C:\lab-hackathon\dataset\Ulcers\augmented\Mouth_Ulcer_0_1772.jpeg,Ulcers,4,1
C:\lab-hackathon\dataset\yolo_bbox\images\train\402.jpg,Ulcers,4,0
C:\lab-hackathon\dataset\yolo_bbox\images\train\360.jpg,Ulcers,4,0
C:\lab-hackathon\dataset\yolo_bbox\images\train\583.jpg,Tooth Discoloration,3,0
C:\lab-hackathon\dataset\yolo_bbox\images\train\caries_0_3803.jpeg,Caries,0,0
C:\lab-hackathon\dataset\Gingivitis\(1583).jpg,Gingivitis,2,0
C:\lab-hackathon\dataset\yolo_bbox\images\train\caries_0_4078.jpeg,Caries,0,0
C:\lab-hackathon\dataset\Gingivitis\(859).jpg,Gingivitis,2,0
C:\lab-hackathon\dataset\Hypodontia\(873).JPG,Hypodontia,5,0
C:\lab-hackathon\dataset\Hypodontia\(757).JPG,Hypodontia,5,0
C:\lab-hackathon\dataset\Tooth Discoloration\augmented\Tooth_Discoloration_0_6579.jpeg,Tooth Discoloration,3,1
C:\lab-hackathon\dataset\Caries\original\28.jpg,Caries,0,0
C:\lab-hackathon\dataset\Tooth Discoloration\augmented\Tooth_Discoloration_0_2287.jpeg,Tooth Discoloration,3,1
C:\lab-hackathon\dataset\Tooth Discoloration\augmented\Tooth_Discoloration_0_2753.jpeg,Tooth Discoloration,3,1
C:\lab-hackathon\dataset\Ulcers\augmented\Mouth_Ulcer_0_6937.jpeg,Ulcers,4,1
C:\lab-hackathon\dataset\Ulcers\augmented\Mouth_Ulcer_0_2494.jpeg,Ulcers,4,1
C:\lab-hackathon\dataset\Hypodontia\(274).jpg,Hypodontia,5,0
C:\lab-hackathon\dataset\Ulcers\augmented\Mouth_Ulcer_0_5480.jpeg,Ulcers,4,1
C:\lab-hackathon\dataset\yolo_bbox\images\train\77.jpg,Caries,0,0
C:\lab-hackathon\dataset\Tooth Discoloration\augmented\Tooth_Discoloration_0_7649.jpeg,Tooth Discoloration,3,1
C:\lab-hackathon\dataset\Caries\augmented\caries_0_6436.jpeg,Caries,0,1
C:\lab-hackathon\dataset\Gingivitis\(111)(1).jpg,Gingivitis,2,0
C:\lab-hackathon\dataset\Gingivitis\(1528).jpg,Gingivitis,2,0
C:\lab-hackathon\dataset\Hypodontia\(948).JPG,Hypodontia,5,0
C:\lab-hackathon\dataset\Gingivitis\(1563).jpg,Gingivitis,2,0
C:\lab-hackathon\dataset\Calculus\(944).jpg,Calculus,1,0
C:\lab-hackathon\dataset\Ulcers\augmented\Mouth_Ulcer_0_8356.jpeg,Ulcers,4,1
C:\lab-hackathon\dataset\Calculus\(190).jpg,Calculus,1,0
C:\lab-hackathon\dataset\Gingivitis\(1927).jpg,Gingivitis,2,0
C:\lab-hackathon\dataset\Caries\augmented\caries_0_6020.jpeg,Caries,0,1
C:\lab-hackathon\dataset\yolo_bbox\images\train\(124).jpg,Gingivitis,2,0
C:\lab-hackathon\dataset\Gingivitis\(2233).jpg,Gingivitis,2,0
C:\lab-hackathon\dataset\Calculus\(317).jpg,Calculus,1,0
C:\lab-hackathon\dataset\Gingivitis\(50).jpg,Gingivitis,2,0
C:\lab-hackathon\dataset\Ulcers\augmented\Mouth_Ulcer_0_3081.jpeg,Ulcers,4,1
C:\lab-hackathon\dataset\Hypodontia\(1169).JPG,Hypodontia,5,0
C:\lab-hackathon\dataset\Gingivitis\(410).jpg,Gingivitis,2,0
C:\lab-hackathon\dataset\Hypodontia\(1120).JPG,Hypodontia,5,0
C:\lab-hackathon\dataset\yolo_bbox\images\train\456.jpg,Ulcers,4,0
C:\lab-hackathon\dataset\Calculus\(853).jpg,Calculus,1,0
C:\lab-hackathon\dataset\yolo_bbox\images\train\356.jpg,Ulcers,4,0
C:\lab-hackathon\dataset\Calculus\(1033).jpg,Calculus,1,0
C:\lab-hackathon\dataset\yolo_bbox\images\train\238.jpg,Ulcers,4,0
C:\lab-hackathon\dataset\Calculus\(23).jpg,Calculus,1,0
C:\lab-hackathon\dataset\Hypodontia\(502).jpg,Hypodontia,5,0
C:\lab-hackathon\dataset\yolo_bbox\images\train\627.jpg,Tooth Discoloration,3,0
C:\lab-hackathon\dataset\Gingivitis\(1960).jpg,Gingivitis,2,0
C:\lab-hackathon\dataset\Calculus\(852).jpg,Calculus,1,0
C:\lab-hackathon\dataset\Ulcers\augmented\Mouth_Ulcer_0_9474.jpeg,Ulcers,4,1
C:\lab-hackathon\dataset\Gingivitis\(1374).jpg,Gingivitis,2,0
C:\lab-hackathon\dataset\yolo_bbox\images\train\147.jpg,Caries,0,0
C:\lab-hackathon\dataset\Hypodontia\(1230).jpg,Hypodontia,5,0
C:\lab-hackathon\dataset\Hypodontia\(869).JPG,Hypodontia,5,0
C:\lab-hackathon\dataset\Hypodontia\(654).jpg,Hypodontia,5,0
C:\lab-hackathon\dataset\Calculus\(376).jpg,Calculus,1,0
C:\lab-hackathon\dataset\Ulcers\augmented\Mouth_Ulcer_0_8816.jpeg,Ulcers,4,1
C:\lab-hackathon\dataset\yolo_bbox\images\train\526.jpg,Tooth Discoloration,3,0
C:\lab-hackathon\dataset\Calculus\(308).jpg,Calculus,1,0
C:\lab-hackathon\dataset\Gingivitis\(239).jpg,Gingivitis,2,0
C:\lab-hackathon\dataset\yolo_bbox\images\train\caries_0_465.jpeg,Caries,0,0
C:\lab-hackathon\dataset\Ulcers\original\261.jpg,Ulcers,4,0
C:\lab-hackathon\dataset\Tooth Discoloration\augmented\Tooth_Discoloration_0_1157.jpeg,Tooth Discoloration,3,1
C:\lab-hackathon\dataset\Gingivitis\(623).jpg,Gingivitis,2,0
C:\lab-hackathon\dataset\Calculus\(558).jpg,Calculus,1,0
C:\lab-hackathon\dataset\Gingivitis\(1948).jpg,Gingivitis,2,0
C:\lab-hackathon\dataset\Tooth Discoloration\augmented\Tooth_Discoloration_0_4777.jpeg,Tooth Discoloration,3,1
C:\lab-hackathon\dataset\Calculus\(185).jpg,Calculus,1,0
C:\lab-hackathon\dataset\Tooth Discoloration\augmented\Tooth_Discoloration_0_4871.jpeg,Tooth Discoloration,3,1
C:\lab-hackathon\dataset\Gingivitis\(642).jpg,Gingivitis,2,0
C:\lab-hackathon\dataset\yolo_bbox\images\train\616.jpg,Tooth Discoloration,3,0
C:\lab-hackathon\dataset\Ulcers\original\20.jpg,Ulcers,4,0
C:\lab-hackathon\dataset\Ulcers\augmented\Mouth_Ulcer_0_9850.jpeg,Ulcers,4,1
C:\lab-hackathon\dataset\Caries\augmented\caries_0_6129.jpeg,Caries,0,1
C:\lab-hackathon\dataset\yolo_bbox\images\train\caries_0_3302.jpeg,Caries,0,0
C:\lab-hackathon\dataset\yolo_bbox\images\train\caries_0_556.jpeg,Caries,0,0
C:\lab-hackathon\dataset\Hypodontia\(160).JPG,Hypodontia,5,0
C:\lab-hackathon\dataset\Gingivitis\(238).jpg,Gingivitis,2,0
C:\lab-hackathon\dataset\yolo_bbox\images\train\caries_0_4981.jpeg,Caries,0,0
C:\lab-hackathon\dataset\Gingivitis\(2241).jpg,Gingivitis,2,0
C:\lab-hackathon\dataset\Gingivitis\(100).jpg,Gingivitis,2,0
C:\lab-hackathon\dataset\Gingivitis\(203).jpg,Gingivitis,2,0
C:\lab-hackathon\dataset\Caries\original\75.jpg,Caries,0,0
C:\lab-hackathon\dataset\Gingivitis\(1245).jpg,Gingivitis,2,0
C:\lab-hackathon\dataset\yolo_bbox\images\train\589.jpg,Tooth Discoloration,3,0
C:\lab-hackathon\dataset\yolo_bbox\images\train\caries_0_3381.jpeg,Caries,0,0
C:\lab-hackathon\dataset\Gingivitis\(1637).jpg,Gingivitis,2,0
C:\lab-hackathon\dataset\Gingivitis\(1510).jpg,Gingivitis,2,0
C:\lab-hackathon\dataset\Calculus\(451).jpg,Calculus,1,0
C:\lab-hackathon\dataset\yolo_bbox\images\train\427.jpg,Ulcers,4,0
C:\lab-hackathon\dataset\Calculus\(176).jpg,Calculus,1,0
C:\lab-hackathon\dataset\Caries\augmented\caries_0_3012.jpeg,Caries,0,1
C:\lab-hackathon\dataset\Hypodontia\(1024).JPG,Hypodontia,5,0
C:\lab-hackathon\dataset\Tooth Discoloration\augmented\Tooth_Discoloration_0_4354.jpeg,Tooth Discoloration,3,1
C:\lab-hackathon\dataset\Hypodontia\(751).JPG,Hypodontia,5,0
C:\lab-hackathon\dataset\Gingivitis\(997).jpg,Gingivitis,2,0
C:\lab-hackathon\dataset\yolo_bbox\images\train\caries_0_3906.jpeg,Caries,0,0
C:\lab-hackathon\dataset\Tooth Discoloration\augmented\Tooth_Discoloration_0_9552.jpeg,Tooth Discoloration,3,1
C:\lab-hackathon\dataset\Gingivitis\(1849).jpg,Gingivitis,2,0
C:\lab-hackathon\dataset\Tooth Discoloration\augmented\Tooth_Discoloration_0_7298.jpeg,Tooth Discoloration,3,1
C:\lab-hackathon\dataset\Caries\augmented\caries_0_1928.jpeg,Caries,0,1
C:\lab-hackathon\dataset\Calculus\(355).jpg,Calculus,1,0
C:\lab-hackathon\dataset\Calculus\(1184).jpg,Calculus,1,0
C:\lab-hackathon\dataset\yolo_bbox\images\train\caries_0_3483.jpeg,Caries,0,0
C:\lab-hackathon\dataset\Gingivitis\(1479).jpg,Gingivitis,2,0
C:\lab-hackathon\dataset\Caries\augmented\caries_0_9007.jpeg,Caries,0,1
C:\lab-hackathon\dataset\Gingivitis\(952).jpg,Gingivitis,2,0
C:\lab-hackathon\dataset\Hypodontia\(798).JPG,Hypodontia,5,0
C:\lab-hackathon\dataset\yolo_bbox\images\train\(153).jpg,Gingivitis,2,0
C:\lab-hackathon\dataset\Gingivitis\(470).jpg,Gingivitis,2,0
C:\lab-hackathon\dataset\Ulcers\augmented\Mouth_Ulcer_0_3243.jpeg,Ulcers,4,1
C:\lab-hackathon\dataset\Hypodontia\(984).JPG,Hypodontia,5,0
C:\lab-hackathon\dataset\Gingivitis\(1752).jpg,Gingivitis,2,0
C:\lab-hackathon\dataset\Ulcers\augmented\Mouth_Ulcer_0_8372.jpeg,Ulcers,4,1
C:\lab-hackathon\dataset\Tooth Discoloration\augmented\Tooth_Discoloration_0_633.jpeg,Tooth Discoloration,3,1
C:\lab-hackathon\dataset\Gingivitis\(965).jpg,Gingivitis,2,0
C:\lab-hackathon\dataset\Tooth Discoloration\augmented\Tooth_Discoloration_0_699.jpeg,Tooth Discoloration,3,1
C:\lab-hackathon\dataset\Ulcers\augmented\Mouth_Ulcer_0_8960.jpeg,Ulcers,4,1
C:\lab-hackathon\dataset\Gingivitis\(2149).jpg,Gingivitis,2,0
C:\lab-hackathon\dataset\Calculus\(848).jpg,Calculus,1,0
C:\lab-hackathon\dataset\Gingivitis\(1830).jpg,Gingivitis,2,0
C:\lab-hackathon\dataset\yolo_bbox\images\train\caries_0_3382.jpeg,Caries,0,0
C:\lab-hackathon\dataset\yolo_bbox\images\train\570.jpg,Tooth Discoloration,3,0
C:\lab-hackathon\dataset\Gingivitis\(2293).jpg,Gingivitis,2,0
C:\lab-hackathon\dataset\Gingivitis\(913).jpg,Gingivitis,2,0
C:\lab-hackathon\dataset\Calculus\(1125).jpg,Calculus,1,0
C:\lab-hackathon\dataset\Hypodontia\(1150).JPG,Hypodontia,5,0
C:\lab-hackathon\dataset\yolo_bbox\images\train\caries_0_3682.jpeg,Caries,0,0
C:\lab-hackathon\dataset\Gingivitis\(795).jpg,Gingivitis,2,0
C:\lab-hackathon\dataset\Gingivitis\(756).jpg,Gingivitis,2,0
C:\lab-hackathon\dataset\Calculus\(881).jpg,Calculus,1,0
C:\lab-hackathon\dataset\yolo_bbox\images\train\373.jpg,Ulcers,4,0
C:\lab-hackathon\dataset\Calculus\(86).jpg,Calculus,1,0
C:\lab-hackathon\dataset\yolo_bbox\images\train\caries_0_3656.jpeg,Caries,0,0
C:\lab-hackathon\dataset\Gingivitis\(141).jpg,Gingivitis,2,0
C:\lab-hackathon\dataset\Gingivitis\(1568).jpg,Gingivitis,2,0
C:\lab-hackathon\dataset\yolo_bbox\images\train\caries_0_3579.jpeg,Caries,0,0
C:\lab-hackathon\dataset\Caries\original\143.jpg,Caries,0,0
C:\lab-hackathon\dataset\Gingivitis\(823).jpg,Gingivitis,2,0
C:\lab-hackathon\dataset\Hypodontia\(1138).JPG,Hypodontia,5,0
C:\lab-hackathon\dataset\Ulcers\augmented\Mouth_Ulcer_0_2643.jpeg,Ulcers,4,1
C:\lab-hackathon\dataset\Ulcers\augmented\Mouth_Ulcer_0_7676.jpeg,Ulcers,4,1
C:\lab-hackathon\dataset\yolo_bbox\images\train\caries_0_3372.jpeg,Caries,0,0
C:\lab-hackathon\dataset\Ulcers\original\11.jpg,Ulcers,4,0
C:\lab-hackathon\dataset\Caries\augmented\caries_0_1102.jpeg,Caries,0,1
C:\lab-hackathon\dataset\Gingivitis\(323).jpg,Gingivitis,2,0
C:\lab-hackathon\dataset\Tooth Discoloration\augmented\Tooth_Discoloration_0_7508.jpeg,Tooth Discoloration,3,1
C:\lab-hackathon\dataset\Gingivitis\(2026).jpg,Gingivitis,2,0
C:\lab-hackathon\dataset\Hypodontia\(790).JPG,Hypodontia,5,0
C:\lab-hackathon\dataset\Hypodontia\(568).JPG,Hypodontia,5,0
C:\lab-hackathon\dataset\Hypodontia\(472).JPG,Hypodontia,5,0
C:\lab-hackathon\dataset\Hypodontia\(913).JPG,Hypodontia,5,0
C:\lab-hackathon\dataset\Hypodontia\(1051).JPG,Hypodontia,5,0
C:\lab-hackathon\dataset\Caries\augmented\caries_0_4846.jpeg,Caries,0,1
C:\lab-hackathon\dataset\Tooth Discoloration\augmented\Tooth_Discoloration_0_576.jpeg,Tooth Discoloration,3,1
C:\lab-hackathon\dataset\Ulcers\augmented\Mouth_Ulcer_0_9314.jpeg,Ulcers,4,1
C:\lab-hackathon\dataset\Ulcers\augmented\Mouth_Ulcer_0_8380.jpeg,Ulcers,4,1
C:\lab-hackathon\dataset\Ulcers\original\53.jpg,Ulcers,4,0
C:\lab-hackathon\dataset\Ulcers\augmented\Mouth_Ulcer_0_6159.jpeg,Ulcers,4,1
C:\lab-hackathon\dataset\Gingivitis\(1910).jpg,Gingivitis,2,0
C:\lab-hackathon\dataset\Caries\original\218.jpg,Caries,0,0
C:\lab-hackathon\dataset\Hypodontia\(69).jpg,Hypodontia,5,0
C:\lab-hackathon\dataset\Calculus\(751).jpg,Calculus,1,0
C:\lab-hackathon\dataset\Gingivitis\(973).jpg,Gingivitis,2,0
C:\lab-hackathon\dataset\Calculus\(1226).jpg,Calculus,1,0
C:\lab-hackathon\dataset\yolo_bbox\images\train\caries_0_3413.jpeg,Caries,0,0
C:\lab-hackathon\dataset\Ulcers\augmented\Mouth_Ulcer_0_2559.jpeg,Ulcers,4,1
C:\lab-hackathon\dataset\Tooth Discoloration\augmented\Tooth_Discoloration_0_7109.jpeg,Tooth Discoloration,3,1
C:\lab-hackathon\dataset\Ulcers\original\172.jpg,Ulcers,4,0
C:\lab-hackathon\dataset\Calculus\(773).jpg,Calculus,1,0
C:\lab-hackathon\dataset\Calculus\(911).jpg,Calculus,1,0
C:\lab-hackathon\dataset\yolo_bbox\images\train\caries_0_4751.jpeg,Caries,0,0
C:\lab-hackathon\dataset\Tooth Discoloration\augmented\Tooth_Discoloration_0_3335.jpeg,Tooth Discoloration,3,1
C:\lab-hackathon\dataset\Caries\augmented\caries_0_6858.jpeg,Caries,0,1
C:\lab-hackathon\dataset\Ulcers\augmented\Mouth_Ulcer_0_1018.jpeg,Ulcers,4,1
C:\lab-hackathon\dataset\Hypodontia\(776).jpg,Hypodontia,5,0
C:\lab-hackathon\dataset\Caries\augmented\caries_0_1504.jpeg,Caries,0,1
C:\lab-hackathon\dataset\Calculus\(36).jpg,Calculus,1,0
C:\lab-hackathon\dataset\Ulcers\augmented\Mouth_Ulcer_0_4096.jpeg,Ulcers,4,1
C:\lab-hackathon\dataset\yolo_bbox\images\train\(161).jpg,Gingivitis,2,0
C:\lab-hackathon\dataset\Gingivitis\(1462).jpg,Gingivitis,2,0
C:\lab-hackathon\dataset\Gingivitis\(1457).jpg,Gingivitis,2,0
C:\lab-hackathon\dataset\Ulcers\original\174.jpg,Ulcers,4,0
C:\lab-hackathon\dataset\Ulcers\augmented\Mouth_Ulcer_0_4525.jpeg,Ulcers,4,1
C:\lab-hackathon\dataset\Tooth Discoloration\augmented\Tooth_Discoloration_0_2994.jpeg,Tooth Discoloration,3,1
C:\lab-hackathon\dataset\Calculus\(140).jpg,Calculus,1,0
C:\lab-hackathon\dataset\Hypodontia\(550).jpg,Hypodontia,5,0
C:\lab-hackathon\dataset\Gingivitis\(299).jpg,Gingivitis,2,0
C:\lab-hackathon\dataset\Tooth Discoloration\augmented\Tooth_Discoloration_0_2841.jpeg,Tooth Discoloration,3,1
C:\lab-hackathon\dataset\yolo_bbox\images\train\295.jpg,Ulcers,4,0
C:\lab-hackathon\dataset\yolo_bbox\images\train\caries_0_3706.jpeg,Caries,0,0
C:\lab-hackathon\dataset\Hypodontia\(205).JPG,Hypodontia,5,0
C:\lab-hackathon\dataset\Caries\augmented\caries_0_4881.jpeg,Caries,0,1
C:\lab-hackathon\dataset\Ulcers\augmented\Mouth_Ulcer_0_65.jpeg,Ulcers,4,1
C:\lab-hackathon\dataset\Caries\augmented\caries_0_2215.jpeg,Caries,0,1
C:\lab-hackathon\dataset\Calculus\(368).jpg,Calculus,1,0
C:\lab-hackathon\dataset\Caries\original\22.jpg,Caries,0,0
C:\lab-hackathon\dataset\Gingivitis\(2148).jpg,Gingivitis,2,0
C:\lab-hackathon\dataset\Calculus\(619).jpg,Calculus,1,0
C:\lab-hackathon\dataset\Hypodontia\(1164).JPG,Hypodontia,5,0
C:\lab-hackathon\dataset\Gingivitis\(1329).jpg,Gingivitis,2,0
C:\lab-hackathon\dataset\Ulcers\augmented\Mouth_Ulcer_0_6991.jpeg,Ulcers,4,1
C:\lab-hackathon\dataset\Tooth Discoloration\augmented\Tooth_Discoloration_0_1569.jpeg,Tooth Discoloration,3,1
C:\lab-hackathon\dataset\Ulcers\augmented\Mouth_Ulcer_0_8651.jpeg,Ulcers,4,1
C:\lab-hackathon\dataset\yolo_bbox\images\train\caries_0_60.jpeg,Caries,0,0
C:\lab-hackathon\dataset\yolo_bbox\images\train\caries_0_613.jpeg,Caries,0,0
C:\lab-hackathon\dataset\Gingivitis\(2078).jpg,Gingivitis,2,0
C:\lab-hackathon\dataset\Calculus\(1266).jpg,Calculus,1,0
C:\lab-hackathon\dataset\Tooth Discoloration\augmented\Tooth_Discoloration_0_7909.jpeg,Tooth Discoloration,3,1
C:\lab-hackathon\dataset\Calculus\(232).jpg,Calculus,1,0
C:\lab-hackathon\dataset\Ulcers\augmented\Mouth_Ulcer_0_5335.jpeg,Ulcers,4,1
C:\lab-hackathon\dataset\Tooth Discoloration\augmented\Tooth_Discoloration_0_8599.jpeg,Tooth Discoloration,3,1
C:\lab-hackathon\dataset\Caries\augmented\caries_0_1016.jpeg,Caries,0,1
C:\lab-hackathon\dataset\Gingivitis\(1099).jpg,Gingivitis,2,0
C:\lab-hackathon\dataset\Caries\original\154.jpg,Caries,0,0
C:\lab-hackathon\dataset\Caries\augmented\caries_0_8601.jpeg,Caries,0,1
C:\lab-hackathon\dataset\Tooth Discoloration\augmented\Tooth_Discoloration_0_3475.jpeg,Tooth Discoloration,3,1
C:\lab-hackathon\dataset\Ulcers\augmented\Mouth_Ulcer_0_3386.jpeg,Ulcers,4,1
C:\lab-hackathon\dataset\Ulcers\original\215.jpg,Ulcers,4,0
C:\lab-hackathon\dataset\Gingivitis\(2002).jpg,Gingivitis,2,0
C:\lab-hackathon\dataset\Gingivitis\(1290).jpg,Gingivitis,2,0
C:\lab-hackathon\dataset\Hypodontia\(573).JPG,Hypodontia,5,0
C:\lab-hackathon\dataset\Tooth Discoloration\original\88.jpg,Tooth Discoloration,3,0
C:\lab-hackathon\dataset\yolo_bbox\images\train\(99).jpg,Gingivitis,2,0
C:\lab-hackathon\dataset\Calculus\(865).jpg,Calculus,1,0
C:\lab-hackathon\dataset\Calculus\(666).jpg,Calculus,1,0
C:\lab-hackathon\dataset\Gingivitis\(2040).JPG,Gingivitis,2,0
C:\lab-hackathon\dataset\Calculus\(424).jpg,Calculus,1,0
C:\lab-hackathon\dataset\Hypodontia\(1131).JPG,Hypodontia,5,0
C:\lab-hackathon\dataset\Hypodontia\(64).JPG,Hypodontia,5,0
C:\lab-hackathon\dataset\Ulcers\augmented\Mouth_Ulcer_0_2995.jpeg,Ulcers,4,1
C:\lab-hackathon\dataset\yolo_bbox\images\train\79.jpg,Caries,0,0
C:\lab-hackathon\dataset\Caries\augmented\caries_0_8121.jpeg,Caries,0,1
C:\lab-hackathon\dataset\Gingivitis\(2136).jpg,Gingivitis,2,0
C:\lab-hackathon\dataset\Gingivitis\(448).jpg,Gingivitis,2,0
C:\lab-hackathon\dataset\Hypodontia\(161).JPG,Hypodontia,5,0
C:\lab-hackathon\dataset\Hypodontia\(1212).JPG,Hypodontia,5,0
C:\lab-hackathon\dataset\Hypodontia\(817).jpg,Hypodontia,5,0
C:\lab-hackathon\dataset\Gingivitis\(2016).jpg,Gingivitis,2,0
C:\lab-hackathon\dataset\Ulcers\augmented\Mouth_Ulcer_0_9072.jpeg,Ulcers,4,1
C:\lab-hackathon\dataset\Hypodontia\(3).JPG,Hypodontia,5,0
C:\lab-hackathon\dataset\Calculus\(516).jpg,Calculus,1,0
C:\lab-hackathon\dataset\Gingivitis\(416).jpg,Gingivitis,2,0
C:\lab-hackathon\dataset\Ulcers\original\36.jpg,Ulcers,4,0
C:\lab-hackathon\dataset\Caries\augmented\caries_0_940.jpeg,Caries,0,1
C:\lab-hackathon\dataset\Caries\augmented\caries_0_3643.jpeg,Caries,0,1
C:\lab-hackathon\dataset\Gingivitis\(2058).jpg,Gingivitis,2,0
C:\lab-hackathon\dataset\Hypodontia\(144).JPG,Hypodontia,5,0
C:\lab-hackathon\dataset\yolo_bbox\images\train\caries_0_4515.jpeg,Caries,0,0
C:\lab-hackathon\dataset\Caries\original\191.jpg,Caries,0,0
C:\lab-hackathon\dataset\yolo_bbox\images\train\caries_0_3633.jpeg,Caries,0,0
C:\lab-hackathon\dataset\Calculus\(675).jpg,Calculus,1,0
C:\lab-hackathon\dataset\Ulcers\augmented\Mouth_Ulcer_0_8175.jpeg,Ulcers,4,1
C:\lab-hackathon\dataset\Gingivitis\(739).jpg,Gingivitis,2,0
C:\lab-hackathon\dataset\yolo_bbox\images\train\566.jpg,Tooth Discoloration,3,0
C:\lab-hackathon\dataset\Ulcers\augmented\Mouth_Ulcer_0_3678.jpeg,Ulcers,4,1
C:\lab-hackathon\dataset\yolo_bbox\images\train\633.jpg,Tooth Discoloration,3,0
C:\lab-hackathon\dataset\Caries\augmented\caries_0_3007.jpeg,Caries,0,1
C:\lab-hackathon\dataset\yolo_bbox\images\train\14.jpg,Caries,0,0
C:\lab-hackathon\dataset\Ulcers\augmented\Mouth_Ulcer_0_1738.jpeg,Ulcers,4,1
C:\lab-hackathon\dataset\Gingivitis\(1864).jpg,Gingivitis,2,0
C:\lab-hackathon\dataset\Ulcers\augmented\Mouth_Ulcer_0_7038.jpeg,Ulcers,4,1
C:\lab-hackathon\dataset\Gingivitis\(1109).jpg,Gingivitis,2,0
C:\lab-hackathon\dataset\Caries\augmented\caries_0_7268.jpeg,Caries,0,1
C:\lab-hackathon\dataset\Caries\augmented\caries_0_2531.jpeg,Caries,0,1
C:\lab-hackathon\dataset\Gingivitis\(1979).jpg,Gingivitis,2,0
C:\lab-hackathon\dataset\Ulcers\augmented\Mouth_Ulcer_0_5379.jpeg,Ulcers,4,1
C:\lab-hackathon\dataset\yolo_bbox\images\train\353.jpg,Ulcers,4,0
C:\lab-hackathon\dataset\yolo_bbox\images\train\461.jpg,Tooth Discoloration,3,0
C:\lab-hackathon\dataset\Caries\augmented\caries_0_9772.jpeg,Caries,0,1
C:\lab-hackathon\dataset\Gingivitis\(109).jpg,Gingivitis,2,0
C:\lab-hackathon\dataset\Ulcers\original\56.jpg,Ulcers,4,0
C:\lab-hackathon\dataset\Ulcers\augmented\Mouth_Ulcer_0_1029.jpeg,Ulcers,4,1
C:\lab-hackathon\dataset\Hypodontia\(669).jpg,Hypodontia,5,0
C:\lab-hackathon\dataset\Gingivitis\(1067).jpg,Gingivitis,2,0
C:\lab-hackathon\dataset\Caries\augmented\caries_0_8898.jpeg,Caries,0,1
C:\lab-hackathon\dataset\Caries\augmented\caries_0_5622.jpeg,Caries,0,1
C:\lab-hackathon\dataset\Calculus\(75).jpg,Calculus,1,0
C:\lab-hackathon\dataset\Caries\augmented\caries_0_9645.jpeg,Caries,0,1
C:\lab-hackathon\dataset\yolo_bbox\images\train\110.jpg,Caries,0,0
C:\lab-hackathon\dataset\Tooth Discoloration\augmented\Tooth_Discoloration_0_6555.jpeg,Tooth Discoloration,3,1
C:\lab-hackathon\dataset\Gingivitis\(1211).jpg,Gingivitis,2,0
C:\lab-hackathon\dataset\yolo_bbox\images\train\caries_0_4542.jpeg,Caries,0,0
C:\lab-hackathon\dataset\Caries\augmented\caries_0_1347.jpeg,Caries,0,1
C:\lab-hackathon\dataset\Gingivitis\(1886).jpg,Gingivitis,2,0
C:\lab-hackathon\dataset\Caries\augmented\caries_0_5138.jpeg,Caries,0,1
C:\lab-hackathon\dataset\yolo_bbox\images\train\126.jpg,Caries,0,0
C:\lab-hackathon\dataset\Hypodontia\(166).JPG,Hypodontia,5,0
C:\lab-hackathon\dataset\yolo_bbox\images\train\133.jpg,Caries,0,0
C:\lab-hackathon\dataset\yolo_bbox\images\train\caries_0_3849.jpeg,Caries,0,0
C:\lab-hackathon\dataset\Calculus\(463).jpg,Calculus,1,0
C:\lab-hackathon\dataset\Gingivitis\(1071).jpg,Gingivitis,2,0
C:\lab-hackathon\dataset\yolo_bbox\images\train\caries_0_194.jpeg,Caries,0,0
C:\lab-hackathon\dataset\yolo_bbox\images\train\caries_0_4634.jpeg,Caries,0,0
C:\lab-hackathon\dataset\Caries\augmented\caries_0_8988.jpeg,Caries,0,1
C:\lab-hackathon\dataset\Ulcers\original\62.jpg,Ulcers,4,0
C:\lab-hackathon\dataset\Ulcers\augmented\Mouth_Ulcer_0_2560.jpeg,Ulcers,4,1
C:\lab-hackathon\dataset\Hypodontia\(934).JPG,Hypodontia,5,0
C:\lab-hackathon\dataset\yolo_bbox\images\train\256.jpg,Ulcers,4,0
C:\lab-hackathon\dataset\Ulcers\augmented\Mouth_Ulcer_0_6998.jpeg,Ulcers,4,1
C:\lab-hackathon\dataset\Calculus\(653).jpg,Calculus,1,0
C:\lab-hackathon\dataset\Ulcers\augmented\Mouth_Ulcer_0_1568.jpeg,Ulcers,4,1
C:\lab-hackathon\dataset\Gingivitis\(1104).jpg,Gingivitis,2,0
C:\lab-hackathon\dataset\Calculus\(37).jpg,Calculus,1,0
C:\lab-hackathon\dataset\Ulcers\augmented\Mouth_Ulcer_0_6404.jpeg,Ulcers,4,1
C:\lab-hackathon\dataset\Caries\augmented\caries_0_6750.jpeg,Caries,0,1
C:\lab-hackathon\dataset\Calculus\(151).jpg,Calculus,1,0
C:\lab-hackathon\dataset\Ulcers\augmented\Mouth_Ulcer_0_2761.jpeg,Ulcers,4,1
C:\lab-hackathon\dataset\Tooth Discoloration\augmented\Tooth_Discoloration_0_3314.jpeg,Tooth Discoloration,3,1
C:\lab-hackathon\dataset\Ulcers\augmented\Mouth_Ulcer_0_7856.jpeg,Ulcers,4,1
C:\lab-hackathon\dataset\Hypodontia\(978).JPG,Hypodontia,5,0
C:\lab-hackathon\dataset\Ulcers\augmented\Mouth_Ulcer_0_7526.jpeg,Ulcers,4,1
C:\lab-hackathon\dataset\Gingivitis\(487).jpg,Gingivitis,2,0
C:\lab-hackathon\dataset\Hypodontia\(1030).JPG,Hypodontia,5,0
C:\lab-hackathon\dataset\Calculus\(994).jpg,Calculus,1,0
C:\lab-hackathon\dataset\Ulcers\augmented\Mouth_Ulcer_0_9.jpeg,Ulcers,4,1
C:\lab-hackathon\dataset\Hypodontia\(994).JPG,Hypodontia,5,0
C:\lab-hackathon\dataset\Tooth Discoloration\augmented\Tooth_Discoloration_0_7472.jpeg,Tooth Discoloration,3,1
C:\lab-hackathon\dataset\Hypodontia\(60).JPG,Hypodontia,5,0
C:\lab-hackathon\dataset\yolo_bbox\images\train\492.jpg,Tooth Discoloration,3,0
C:\lab-hackathon\dataset\Hypodontia\(1155).JPG,Hypodontia,5,0
C:\lab-hackathon\dataset\Ulcers\augmented\Mouth_Ulcer_0_5915.jpeg,Ulcers,4,1
C:\lab-hackathon\dataset\Caries\augmented\caries_0_4758.jpeg,Caries,0,1
C:\lab-hackathon\dataset\Gingivitis\(4).jpg,Gingivitis,2,0
C:\lab-hackathon\dataset\Caries\original\126.jpg,Caries,0,0
C:\lab-hackathon\dataset\Tooth Discoloration\augmented\Tooth_Discoloration_0_7117.jpeg,Tooth Discoloration,3,1
C:\lab-hackathon\dataset\Ulcers\augmented\Mouth_Ulcer_0_6504.jpeg,Ulcers,4,1
C:\lab-hackathon\dataset\Ulcers\original\47.jpg,Ulcers,4,0
C:\lab-hackathon\dataset\Tooth Discoloration\augmented\Tooth_Discoloration_0_9487.jpeg,Tooth Discoloration,3,1
C:\lab-hackathon\dataset\Tooth Discoloration\augmented\Tooth_Discoloration_0_2031.jpeg,Tooth Discoloration,3,1
C:\lab-hackathon\dataset\Hypodontia\(1086).jpg,Hypodontia,5,0
C:\lab-hackathon\dataset\yolo_bbox\images\train\caries_0_4487.jpeg,Caries,0,0
C:\lab-hackathon\dataset\Hypodontia\(528).jpg,Hypodontia,5,0
C:\lab-hackathon\dataset\Ulcers\augmented\Mouth_Ulcer_0_7107.jpeg,Ulcers,4,1
C:\lab-hackathon\dataset\Calculus\(1126).jpg,Calculus,1,0
C:\lab-hackathon\dataset\Gingivitis\(827).jpg,Gingivitis,2,0
C:\lab-hackathon\dataset\Hypodontia\(1225).jpg,Hypodontia,5,0
C:\lab-hackathon\dataset\Gingivitis\(1094).jpg,Gingivitis,2,0
C:\lab-hackathon\dataset\Calculus\(1133).jpg,Calculus,1,0
C:\lab-hackathon\dataset\Gingivitis\(2070).jpg,Gingivitis,2,0
C:\lab-hackathon\dataset\Caries\augmented\caries_0_6727.jpeg,Caries,0,1
C:\lab-hackathon\dataset\Gingivitis\(1264).jpg,Gingivitis,2,0
C:\lab-hackathon\dataset\Gingivitis\(537).jpg,Gingivitis,2,0
C:\lab-hackathon\dataset\Tooth Discoloration\augmented\Tooth_Discoloration_0_6881.jpeg,Tooth Discoloration,3,1
C:\lab-hackathon\dataset\Calculus\(532).jpg,Calculus,1,0
C:\lab-hackathon\dataset\yolo_bbox\images\train\242.jpg,Ulcers,4,0
C:\lab-hackathon\dataset\Hypodontia\(220).jpg,Hypodontia,5,0
C:\lab-hackathon\dataset\Ulcers\augmented\Mouth_Ulcer_0_376.jpeg,Ulcers,4,1
C:\lab-hackathon\dataset\Caries\augmented\caries_0_6079.jpeg,Caries,0,1
C:\lab-hackathon\dataset\yolo_bbox\images\train\caries_0_542.jpeg,Caries,0,0
C:\lab-hackathon\dataset\Caries\original\132.jpg,Caries,0,0
C:\lab-hackathon\dataset\Ulcers\augmented\Mouth_Ulcer_0_8519.jpeg,Ulcers,4,1
C:\lab-hackathon\dataset\yolo_bbox\images\train\caries_0_4969.jpeg,Caries,0,0
C:\lab-hackathon\dataset\Gingivitis\(1141).jpg,Gingivitis,2,0
C:\lab-hackathon\dataset\Gingivitis\(1074).jpg,Gingivitis,2,0
C:\lab-hackathon\dataset\yolo_bbox\images\train\caries_0_3522.jpeg,Caries,0,0
C:\lab-hackathon\dataset\Caries\augmented\caries_0_7770.jpeg,Caries,0,1
C:\lab-hackathon\dataset\Ulcers\augmented\Mouth_Ulcer_0_3814.jpeg,Ulcers,4,1
C:\lab-hackathon\dataset\Gingivitis\(1785).jpg,Gingivitis,2,0
C:\lab-hackathon\dataset\Caries\augmented\caries_0_3764.jpeg,Caries,0,1
C:\lab-hackathon\dataset\Calculus\(949).jpg,Calculus,1,0
C:\lab-hackathon\dataset\Caries\augmented\caries_0_508.jpeg,Caries,0,1
C:\lab-hackathon\dataset\Calculus\(113).jpg,Calculus,1,0
C:\lab-hackathon\dataset\yolo_bbox\images\train\caries_0_493.jpeg,Caries,0,0
C:\lab-hackathon\dataset\Gingivitis\(2033).jpg,Gingivitis,2,0
C:\lab-hackathon\dataset\Gingivitis\(1716).jpg,Gingivitis,2,0
C:\lab-hackathon\dataset\Tooth Discoloration\augmented\Tooth_Discoloration_0_4697.jpeg,Tooth Discoloration,3,1
C:\lab-hackathon\dataset\Ulcers\original\138.jpg,Ulcers,4,0
C:\lab-hackathon\dataset\Gingivitis\(1404).jpg,Gingivitis,2,0
C:\lab-hackathon\dataset\Tooth Discoloration\augmented\Tooth_Discoloration_0_4096.jpeg,Tooth Discoloration,3,1
C:\lab-hackathon\dataset\Ulcers\original\191.jpg,Ulcers,4,0
C:\lab-hackathon\dataset\Gingivitis\(948).jpg,Gingivitis,2,0
C:\lab-hackathon\dataset\Tooth Discoloration\augmented\Tooth_Discoloration_0_1351.jpeg,Tooth Discoloration,3,1
C:\lab-hackathon\dataset\Calculus\(1055).jpg,Calculus,1,0
C:\lab-hackathon\dataset\Gingivitis\(2250).jpg,Gingivitis,2,0
C:\lab-hackathon\dataset\Ulcers\augmented\Mouth_Ulcer_0_1331.jpeg,Ulcers,4,1
C:\lab-hackathon\dataset\Gingivitis\(843).jpg,Gingivitis,2,0
C:\lab-hackathon\dataset\Tooth Discoloration\augmented\Tooth_Discoloration_0_7024.jpeg,Tooth Discoloration,3,1
C:\lab-hackathon\dataset\Ulcers\augmented\Mouth_Ulcer_0_7146.jpeg,Ulcers,4,1
C:\lab-hackathon\dataset\Caries\original\195.jpg,Caries,0,0
C:\lab-hackathon\dataset\Tooth Discoloration\original\43.jpg,Tooth Discoloration,3,0
C:\lab-hackathon\dataset\Hypodontia\(282).JPG,Hypodontia,5,0
C:\lab-hackathon\dataset\Calculus\(248).jpg,Calculus,1,0
C:\lab-hackathon\dataset\Hypodontia\(1029).JPG,Hypodontia,5,0
C:\lab-hackathon\dataset\Tooth Discoloration\augmented\Tooth_Discoloration_0_1632.jpeg,Tooth Discoloration,3,1
C:\lab-hackathon\dataset\Calculus\(435).jpg,Calculus,1,0
C:\lab-hackathon\dataset\Gingivitis\(871).jpg,Gingivitis,2,0
C:\lab-hackathon\dataset\Hypodontia\(515).jpg,Hypodontia,5,0
C:\lab-hackathon\dataset\Ulcers\augmented\Mouth_Ulcer_0_9634.jpeg,Ulcers,4,1
C:\lab-hackathon\dataset\Gingivitis\(834).jpg,Gingivitis,2,0
C:\lab-hackathon\dataset\Hypodontia\(596).JPG,Hypodontia,5,0
C:\lab-hackathon\dataset\Ulcers\augmented\Mouth_Ulcer_0_3923.jpeg,Ulcers,4,1
C:\lab-hackathon\dataset\Caries\augmented\caries_0_42.jpeg,Caries,0,1
C:\lab-hackathon\dataset\Ulcers\original\119.jpg,Ulcers,4,0
C:\lab-hackathon\dataset\Tooth Discoloration\original\108.jpg,Tooth Discoloration,3,0
C:\lab-hackathon\dataset\Gingivitis\(1069).jpg,Gingivitis,2,0
C:\lab-hackathon\dataset\Gingivitis\(1474).jpg,Gingivitis,2,0
C:\lab-hackathon\dataset\yolo_bbox\images\train\472.jpg,Tooth Discoloration,3,0
C:\lab-hackathon\dataset\Calculus\(360).jpg,Calculus,1,0
C:\lab-hackathon\dataset\Gingivitis\(1277).jpg,Gingivitis,2,0
C:\lab-hackathon\dataset\Hypodontia\(1032).JPG,Hypodontia,5,0
C:\lab-hackathon\dataset\Calculus\(563).jpg,Calculus,1,0
C:\lab-hackathon\dataset\Hypodontia\(145).JPG,Hypodontia,5,0
C:\lab-hackathon\dataset\Gingivitis\(1663).jpg,Gingivitis,2,0
C:\lab-hackathon\dataset\Calculus\(1064).jpg,Calculus,1,0
C:\lab-hackathon\dataset\Ulcers\augmented\Mouth_Ulcer_0_3891.jpeg,Ulcers,4,1
C:\lab-hackathon\dataset\Gingivitis\(2317).jpg,Gingivitis,2,0
C:\lab-hackathon\dataset\Calculus\(1025).jpg,Calculus,1,0
C:\lab-hackathon\dataset\Calculus\(631).jpg,Calculus,1,0
C:\lab-hackathon\dataset\yolo_bbox\images\train\51.jpg,Caries,0,0
C:\lab-hackathon\dataset\yolo_bbox\images\train\caries_0_3305.jpeg,Caries,0,0
C:\lab-hackathon\dataset\Hypodontia\(219).JPG,Hypodontia,5,0
C:\lab-hackathon\dataset\Hypodontia\(742).JPG,Hypodontia,5,0
C:\lab-hackathon\dataset\Caries\augmented\caries_0_2046.jpeg,Caries,0,1
C:\lab-hackathon\dataset\Gingivitis\(2251).jpg,Gingivitis,2,0
C:\lab-hackathon\dataset\yolo_bbox\images\train\caries_0_4518.jpeg,Caries,0,0
C:\lab-hackathon\dataset\Calculus\(66).jpg,Calculus,1,0
C:\lab-hackathon\dataset\Ulcers\augmented\Mouth_Ulcer_0_132.jpeg,Ulcers,4,1
C:\lab-hackathon\dataset\yolo_bbox\images\train\caries_0_331.jpeg,Caries,0,0
C:\lab-hackathon\dataset\Gingivitis\(1544).jpg,Gingivitis,2,0
C:\lab-hackathon\dataset\Calculus\(1087).jpg,Calculus,1,0
C:\lab-hackathon\dataset\Gingivitis\(1817).jpg,Gingivitis,2,0
C:\lab-hackathon\dataset\Caries\augmented\caries_0_6768.jpeg,Caries,0,1
C:\lab-hackathon\dataset\Gingivitis\(1024).jpg,Gingivitis,2,0
C:\lab-hackathon\dataset\Ulcers\augmented\Mouth_Ulcer_0_3000.jpeg,Ulcers,4,1
C:\lab-hackathon\dataset\Ulcers\augmented\Mouth_Ulcer_0_1762.jpeg,Ulcers,4,1
C:\lab-hackathon\dataset\yolo_bbox\images\train\320.jpg,Ulcers,4,0
C:\lab-hackathon\dataset\Caries\original\176.jpg,Caries,0,0
C:\lab-hackathon\dataset\Hypodontia\(839).JPG,Hypodontia,5,0
C:\lab-hackathon\dataset\Calculus\(706).jpg,Calculus,1,0
C:\lab-hackathon\dataset\yolo_bbox\images\train\(170).jpg,Gingivitis,2,0
C:\lab-hackathon\dataset\Caries\augmented\caries_0_9188.jpeg,Caries,0,1
C:\lab-hackathon\dataset\yolo_bbox\images\train\(38).jpg,Gingivitis,2,0
C:\lab-hackathon\dataset\Caries\augmented\caries_0_5260.jpeg,Caries,0,1
C:\lab-hackathon\dataset\Calculus\(1191).jpg,Calculus,1,0
C:\lab-hackathon\dataset\Gingivitis\(667).jpg,Gingivitis,2,0
C:\lab-hackathon\dataset\Hypodontia\(414).jpg,Hypodontia,5,0
C:\lab-hackathon\dataset\yolo_bbox\images\train\caries_0_4777.jpeg,Caries,0,0
C:\lab-hackathon\dataset\yolo_bbox\images\train\524.jpg,Tooth Discoloration,3,0
C:\lab-hackathon\dataset\Ulcers\augmented\Mouth_Ulcer_0_366.jpeg,Ulcers,4,1
C:\lab-hackathon\dataset\Hypodontia\(324).JPG,Hypodontia,5,0
C:\lab-hackathon\dataset\Gingivitis\(2248).jpg,Gingivitis,2,0
C:\lab-hackathon\dataset\yolo_bbox\images\train\(198).jpg,Gingivitis,2,0
C:\lab-hackathon\dataset\Ulcers\augmented\Mouth_Ulcer_0_990.jpeg,Ulcers,4,1
C:\lab-hackathon\dataset\yolo_bbox\images\train\458.jpg,Tooth Discoloration,3,0
C:\lab-hackathon\dataset\yolo_bbox\images\train\181.jpg,Caries,0,0
C:\lab-hackathon\dataset\Hypodontia\(666).jpg,Hypodontia,5,0
C:\lab-hackathon\dataset\yolo_bbox\images\train\caries_0_175.jpeg,Caries,0,0
C:\lab-hackathon\dataset\Caries\augmented\caries_0_955.jpeg,Caries,0,1
C:\lab-hackathon\dataset\yolo_bbox\images\train\caries_0_3249.jpeg,Caries,0,0
C:\lab-hackathon\dataset\Ulcers\augmented\Mouth_Ulcer_0_6384.jpeg,Ulcers,4,1
C:\lab-hackathon\dataset\Gingivitis\(926).jpg,Gingivitis,2,0
C:\lab-hackathon\dataset\Caries\augmented\caries_0_1388.jpeg,Caries,0,1
C:\lab-hackathon\dataset\Ulcers\augmented\Mouth_Ulcer_0_4728.jpeg,Ulcers,4,1
C:\lab-hackathon\dataset\yolo_bbox\images\train\caries_0_633.jpeg,Caries,0,0
C:\lab-hackathon\dataset\yolo_bbox\images\train\caries_0_3943.jpeg,Caries,0,0
C:\lab-hackathon\dataset\Hypodontia\(723).JPG,Hypodontia,5,0
C:\lab-hackathon\dataset\Calculus\(458).jpg,Calculus,1,0
C:\lab-hackathon\dataset\Gingivitis\(106).jpg,Gingivitis,2,0
C:\lab-hackathon\dataset\yolo_bbox\images\train\caries_0_3253.jpeg,Caries,0,0
C:\lab-hackathon\dataset\Tooth Discoloration\original\19.jpg,Tooth Discoloration,3,0
C:\lab-hackathon\dataset\yolo_bbox\images\train\caries_0_3450.jpeg,Caries,0,0
C:\lab-hackathon\dataset\yolo_bbox\images\train\(221).jpg,Gingivitis,2,0
C:\lab-hackathon\dataset\Gingivitis\(1999).jpg,Gingivitis,2,0
C:\lab-hackathon\dataset\Calculus\(152).jpg,Calculus,1,0
C:\lab-hackathon\dataset\Hypodontia\(936).jpg,Hypodontia,5,0
C:\lab-hackathon\dataset\Caries\augmented\caries_0_192.jpeg,Caries,0,1
C:\lab-hackathon\dataset\Caries\augmented\caries_0_9447.jpeg,Caries,0,1
C:\lab-hackathon\dataset\Gingivitis\(2138).jpg,Gingivitis,2,0
C:\lab-hackathon\dataset\yolo_bbox\images\train\54.jpg,Caries,0,0
C:\lab-hackathon\dataset\Ulcers\original\110.jpg,Ulcers,4,0
C:\lab-hackathon\dataset\Tooth Discoloration\augmented\Tooth_Discoloration_0_9749.jpeg,Tooth Discoloration,3,1
C:\lab-hackathon\dataset\Calculus\(886).jpg,Calculus,1,0
C:\lab-hackathon\dataset\Calculus\(139).jpg,Calculus,1,0
C:\lab-hackathon\dataset\Ulcers\augmented\Mouth_Ulcer_0_6070.jpeg,Ulcers,4,1
C:\lab-hackathon\dataset\Caries\augmented\caries_0_2751.jpeg,Caries,0,1
C:\lab-hackathon\dataset\Caries\augmented\caries_0_8592.jpeg,Caries,0,1
C:\lab-hackathon\dataset\Ulcers\augmented\Mouth_Ulcer_0_7691.jpeg,Ulcers,4,1
C:\lab-hackathon\dataset\yolo_bbox\images\train\caries_0_3647.jpeg,Caries,0,0
C:\lab-hackathon\dataset\Tooth Discoloration\original\116.jpg,Tooth Discoloration,3,0
C:\lab-hackathon\dataset\Tooth Discoloration\augmented\Tooth_Discoloration_0_6689.jpeg,Tooth Discoloration,3,1
C:\lab-hackathon\dataset\Caries\augmented\caries_0_2742.jpeg,Caries,0,1
C:\lab-hackathon\dataset\Ulcers\augmented\Mouth_Ulcer_0_2004.jpeg,Ulcers,4,1
C:\lab-hackathon\dataset\Hypodontia\(926).jpg,Hypodontia,5,0
C:\lab-hackathon\dataset\Gingivitis\(1911).jpg,Gingivitis,2,0
C:\lab-hackathon\dataset\Tooth Discoloration\augmented\Tooth_Discoloration_0_7082.jpeg,Tooth Discoloration,3,1
C:\lab-hackathon\dataset\Tooth Discoloration\augmented\Tooth_Discoloration_0_166.jpeg,Tooth Discoloration,3,1
C:\lab-hackathon\dataset\Tooth Discoloration\augmented\Tooth_Discoloration_0_764.jpeg,Tooth Discoloration,3,1
C:\lab-hackathon\dataset\Calculus\(957).jpg,Calculus,1,0
C:\lab-hackathon\dataset\Calculus\(34).jpg,Calculus,1,0
C:\lab-hackathon\dataset\Ulcers\augmented\Mouth_Ulcer_0_9201.jpeg,Ulcers,4,1
C:\lab-hackathon\dataset\Tooth Discoloration\augmented\Tooth_Discoloration_0_1661.jpeg,Tooth Discoloration,3,1
C:\lab-hackathon\dataset\Caries\original\27.jpg,Caries,0,0
C:\lab-hackathon\dataset\Gingivitis\(2286).jpg,Gingivitis,2,0
C:\lab-hackathon\dataset\Tooth Discoloration\augmented\Tooth_Discoloration_0_9677.jpeg,Tooth Discoloration,3,1
C:\lab-hackathon\dataset\Gingivitis\(674).jpg,Gingivitis,2,0
C:\lab-hackathon\dataset\Ulcers\augmented\Mouth_Ulcer_0_6927.jpeg,Ulcers,4,1
C:\lab-hackathon\dataset\Tooth Discoloration\augmented\Tooth_Discoloration_0_5601.jpeg,Tooth Discoloration,3,1
C:\lab-hackathon\dataset\yolo_bbox\images\train\72.jpg,Caries,0,0
C:\lab-hackathon\dataset\yolo_bbox\images\train\caries_0_583.jpeg,Caries,0,0
C:\lab-hackathon\dataset\Tooth Discoloration\augmented\Tooth_Discoloration_0_6796.jpeg,Tooth Discoloration,3,1
C:\lab-hackathon\dataset\Ulcers\augmented\Mouth_Ulcer_0_4517.jpeg,Ulcers,4,1
C:\lab-hackathon\dataset\Gingivitis\(760).jpg,Gingivitis,2,0
C:\lab-hackathon\dataset\Caries\original\212.jpg,Caries,0,0
C:\lab-hackathon\dataset\Calculus\(943).jpg,Calculus,1,0
C:\lab-hackathon\dataset\Ulcers\augmented\Mouth_Ulcer_0_4085.jpeg,Ulcers,4,1
C:\lab-hackathon\dataset\Hypodontia\(762).JPG,Hypodontia,5,0
C:\lab-hackathon\dataset\yolo_bbox\images\train\caries_0_4281.jpeg,Caries,0,0
C:\lab-hackathon\dataset\yolo_bbox\images\train\521.jpg,Tooth Discoloration,3,0
C:\lab-hackathon\dataset\Gingivitis\(1450).jpg,Gingivitis,2,0
C:\lab-hackathon\dataset\Ulcers\augmented\Mouth_Ulcer_0_1004.jpeg,Ulcers,4,1
C:\lab-hackathon\dataset\Caries\augmented\caries_0_4698.jpeg,Caries,0,1
C:\lab-hackathon\dataset\yolo_bbox\images\train\516.jpg,Tooth Discoloration,3,0
C:\lab-hackathon\dataset\Gingivitis\(1472).jpg,Gingivitis,2,0
C:\lab-hackathon\dataset\Hypodontia\(70).jpg,Hypodontia,5,0
C:\lab-hackathon\dataset\Calculus\(1140).jpg,Calculus,1,0
C:\lab-hackathon\dataset\Gingivitis\(1566).jpg,Gingivitis,2,0
C:\lab-hackathon\dataset\Gingivitis\(244).jpg,Gingivitis,2,0
C:\lab-hackathon\dataset\Caries\augmented\caries_0_281.jpeg,Caries,0,1
C:\lab-hackathon\dataset\Caries\augmented\caries_0_3260.jpeg,Caries,0,1
C:\lab-hackathon\dataset\Caries\augmented\caries_0_7719.jpeg,Caries,0,1
C:\lab-hackathon\dataset\yolo_bbox\images\train\(50).jpg,Gingivitis,2,0
C:\lab-hackathon\dataset\Hypodontia\(824).jpg,Hypodontia,5,0
C:\lab-hackathon\dataset\Caries\augmented\caries_0_8137.jpeg,Caries,0,1
C:\lab-hackathon\dataset\Ulcers\augmented\Mouth_Ulcer_0_2980.jpeg,Ulcers,4,1
C:\lab-hackathon\dataset\yolo_bbox\images\train\caries_0_3405.jpeg,Caries,0,0
C:\lab-hackathon\dataset\Gingivitis\(163).jpg,Gingivitis,2,0
C:\lab-hackathon\dataset\Gingivitis\(1353).jpg,Gingivitis,2,0
C:\lab-hackathon\dataset\Hypodontia\(61).JPG,Hypodontia,5,0
C:\lab-hackathon\dataset\Caries\augmented\caries_0_4847.jpeg,Caries,0,1
C:\lab-hackathon\dataset\Ulcers\augmented\Mouth_Ulcer_0_9269.jpeg,Ulcers,4,1
C:\lab-hackathon\dataset\Hypodontia\(141).JPG,Hypodontia,5,0
C:\lab-hackathon\dataset\yolo_bbox\images\train\caries_0_22.jpeg,Caries,0,0
C:\lab-hackathon\dataset\Hypodontia\(398).JPG,Hypodontia,5,0
C:\lab-hackathon\dataset\Calculus\(403).jpg,Calculus,1,0
C:\lab-hackathon\dataset\Hypodontia\(616).JPG,Hypodontia,5,0
C:\lab-hackathon\dataset\Gingivitis\(2085).jpg,Gingivitis,2,0
C:\lab-hackathon\dataset\Caries\augmented\caries_0_8274.jpeg,Caries,0,1
C:\lab-hackathon\dataset\Hypodontia\(514).JPG,Hypodontia,5,0
C:\lab-hackathon\dataset\Ulcers\augmented\Mouth_Ulcer_0_3087.jpeg,Ulcers,4,1
C:\lab-hackathon\dataset\Caries\augmented\caries_0_8947.jpeg,Caries,0,1
C:\lab-hackathon\dataset\Tooth Discoloration\augmented\Tooth_Discoloration_0_4782.jpeg,Tooth Discoloration,3,1
C:\lab-hackathon\dataset\Gingivitis\(285).jpg,Gingivitis,2,0
C:\lab-hackathon\dataset\Gingivitis\(424).jpg,Gingivitis,2,0
C:\lab-hackathon\dataset\Gingivitis\(1020).jpg,Gingivitis,2,0
C:\lab-hackathon\dataset\Tooth Discoloration\augmented\Tooth_Discoloration_0_2748.jpeg,Tooth Discoloration,3,1
C:\lab-hackathon\dataset\Caries\augmented\caries_0_4451.jpeg,Caries,0,1
C:\lab-hackathon\dataset\Hypodontia\(100).JPG,Hypodontia,5,0
C:\lab-hackathon\dataset\Calculus\(864).jpg,Calculus,1,0
C:\lab-hackathon\dataset\Hypodontia\(1069).JPG,Hypodontia,5,0
C:\lab-hackathon\dataset\Tooth Discoloration\augmented\Tooth_Discoloration_0_3704.jpeg,Tooth Discoloration,3,1
C:\lab-hackathon\dataset\Calculus\(47).jpg,Calculus,1,0
C:\lab-hackathon\dataset\Calculus\(617).jpg,Calculus,1,0
C:\lab-hackathon\dataset\Ulcers\original\32.jpg,Ulcers,4,0
C:\lab-hackathon\dataset\Gingivitis\(388).jpg,Gingivitis,2,0
C:\lab-hackathon\dataset\Calculus\(1205).jpg,Calculus,1,0
C:\lab-hackathon\dataset\Gingivitis\(392).jpg,Gingivitis,2,0
C:\lab-hackathon\dataset\yolo_bbox\images\train\caries_0_3422.jpeg,Caries,0,0
C:\lab-hackathon\dataset\Hypodontia\(992).JPG,Hypodontia,5,0
C:\lab-hackathon\dataset\Ulcers\augmented\Mouth_Ulcer_0_3261.jpeg,Ulcers,4,1
C:\lab-hackathon\dataset\Tooth Discoloration\augmented\Tooth_Discoloration_0_8639.jpeg,Tooth Discoloration,3,1
C:\lab-hackathon\dataset\Caries\augmented\caries_0_309.jpeg,Caries,0,1
C:\lab-hackathon\dataset\Caries\original\51.jpg,Caries,0,0
C:\lab-hackathon\dataset\Gingivitis\(1892).jpg,Gingivitis,2,0
C:\lab-hackathon\dataset\Gingivitis\(791).jpg,Gingivitis,2,0
C:\lab-hackathon\dataset\Ulcers\original\72.jpg,Ulcers,4,0
C:\lab-hackathon\dataset\Ulcers\augmented\Mouth_Ulcer_0_2823.jpeg,Ulcers,4,1
C:\lab-hackathon\dataset\Hypodontia\(754).JPG,Hypodontia,5,0
C:\lab-hackathon\dataset\yolo_bbox\images\train\caries_0_4692.jpeg,Caries,0,0
C:\lab-hackathon\dataset\yolo_bbox\images\train\caries_0_136.jpeg,Caries,0,0
C:\lab-hackathon\dataset\Ulcers\augmented\Mouth_Ulcer_0_9375.jpeg,Ulcers,4,1
C:\lab-hackathon\dataset\Calculus\(306).jpg,Calculus,1,0
C:\lab-hackathon\dataset\yolo_bbox\images\train\463.jpg,Tooth Discoloration,3,0
C:\lab-hackathon\dataset\yolo_bbox\images\train\caries_0_3824.jpeg,Caries,0,0
C:\lab-hackathon\dataset\Hypodontia\(730).JPG,Hypodontia,5,0
C:\lab-hackathon\dataset\Tooth Discoloration\augmented\Tooth_Discoloration_0_6715.jpeg,Tooth Discoloration,3,1
C:\lab-hackathon\dataset\Caries\augmented\caries_0_9852.jpeg,Caries,0,1
C:\lab-hackathon\dataset\yolo_bbox\images\train\caries_0_4218.jpeg,Caries,0,0
C:\lab-hackathon\dataset\Tooth Discoloration\augmented\Tooth_Discoloration_0_4629.jpeg,Tooth Discoloration,3,1
C:\lab-hackathon\dataset\Caries\augmented\caries_0_2173.jpeg,Caries,0,1
C:\lab-hackathon\dataset\Calculus\(1086).jpg,Calculus,1,0
C:\lab-hackathon\dataset\Caries\original\194.jpg,Caries,0,0
C:\lab-hackathon\dataset\Tooth Discoloration\augmented\Tooth_Discoloration_0_3630.jpeg,Tooth Discoloration,3,1
C:\lab-hackathon\dataset\Tooth Discoloration\augmented\Tooth_Discoloration_0_8134.jpeg,Tooth Discoloration,3,1
C:\lab-hackathon\dataset\yolo_bbox\images\train\441.jpg,Ulcers,4,0
C:\lab-hackathon\dataset\Hypodontia\(627).JPG,Hypodontia,5,0
C:\lab-hackathon\dataset\Hypodontia\(921).jpg,Hypodontia,5,0
C:\lab-hackathon\dataset\yolo_bbox\images\train\179.jpg,Caries,0,0
C:\lab-hackathon\dataset\Hypodontia\(242).JPG,Hypodontia,5,0
C:\lab-hackathon\dataset\Gingivitis\(839).jpg,Gingivitis,2,0
C:\lab-hackathon\dataset\yolo_bbox\images\train\488.jpg,Tooth Discoloration,3,0
C:\lab-hackathon\dataset\Hypodontia\(377).JPG,Hypodontia,5,0
C:\lab-hackathon\dataset\yolo_bbox\images\train\496.jpg,Tooth Discoloration,3,0
C:\lab-hackathon\dataset\yolo_bbox\images\train\308.jpg,Ulcers,4,0
C:\lab-hackathon\dataset\Caries\augmented\caries_0_2940.jpeg,Caries,0,1
C:\lab-hackathon\dataset\Hypodontia\(509).jpg,Hypodontia,5,0
C:\lab-hackathon\dataset\Gingivitis\(1876).jpg,Gingivitis,2,0
C:\lab-hackathon\dataset\yolo_bbox\images\train\caries_0_3810.jpeg,Caries,0,0
C:\lab-hackathon\dataset\yolo_bbox\images\train\134.jpg,Caries,0,0
C:\lab-hackathon\dataset\yolo_bbox\images\train\477.jpg,Tooth Discoloration,3,0
C:\lab-hackathon\dataset\Ulcers\augmented\Mouth_Ulcer_0_4298.jpeg,Ulcers,4,1
C:\lab-hackathon\dataset\Caries\original\164.jpg,Caries,0,0
C:\lab-hackathon\dataset\yolo_bbox\images\train\caries_0_452.jpeg,Caries,0,0
C:\lab-hackathon\dataset\Gingivitis\(767).jpg,Gingivitis,2,0
C:\lab-hackathon\dataset\yolo_bbox\images\train\caries_0_351.jpeg,Caries,0,0
C:\lab-hackathon\dataset\Hypodontia\(465).JPG,Hypodontia,5,0
C:\lab-hackathon\dataset\Caries\augmented\caries_0_8482.jpeg,Caries,0,1
C:\lab-hackathon\dataset\Gingivitis\(2321).jpg,Gingivitis,2,0
C:\lab-hackathon\dataset\Calculus\(627).jpg,Calculus,1,0
C:\lab-hackathon\dataset\Gingivitis\(702).jpg,Gingivitis,2,0
C:\lab-hackathon\dataset\Gingivitis\(371).jpg,Gingivitis,2,0
C:\lab-hackathon\dataset\yolo_bbox\images\train\177.jpg,Caries,0,0
C:\lab-hackathon\dataset\Tooth Discoloration\augmented\Tooth_Discoloration_0_2666.jpeg,Tooth Discoloration,3,1
C:\lab-hackathon\dataset\yolo_bbox\images\train\(219).jpg,Gingivitis,2,0
C:\lab-hackathon\dataset\Gingivitis\(801).jpg,Gingivitis,2,0
C:\lab-hackathon\dataset\Ulcers\augmented\Mouth_Ulcer_0_8262.jpeg,Ulcers,4,1
C:\lab-hackathon\dataset\Ulcers\augmented\Mouth_Ulcer_0_2747.jpeg,Ulcers,4,1
C:\lab-hackathon\dataset\Tooth Discoloration\augmented\Tooth_Discoloration_0_1705.jpeg,Tooth Discoloration,3,1
C:\lab-hackathon\dataset\Tooth Discoloration\augmented\Tooth_Discoloration_0_5801.jpeg,Tooth Discoloration,3,1
C:\lab-hackathon\dataset\Caries\augmented\caries_0_5263.jpeg,Caries,0,1
C:\lab-hackathon\dataset\Gingivitis\(763).jpg,Gingivitis,2,0
C:\lab-hackathon\dataset\yolo_bbox\images\train\(18).jpg,Gingivitis,2,0
C:\lab-hackathon\dataset\Ulcers\augmented\Mouth_Ulcer_0_1208.jpeg,Ulcers,4,1
C:\lab-hackathon\dataset\Hypodontia\(583).JPG,Hypodontia,5,0
C:\lab-hackathon\dataset\Gingivitis\(2328).jpg,Gingivitis,2,0
C:\lab-hackathon\dataset\Gingivitis\(1303).jpg,Gingivitis,2,0
C:\lab-hackathon\dataset\Gingivitis\(2323).jpg,Gingivitis,2,0
C:\lab-hackathon\dataset\Caries\augmented\caries_0_8120.jpeg,Caries,0,1
C:\lab-hackathon\dataset\Caries\original\136.jpg,Caries,0,0
C:\lab-hackathon\dataset\Gingivitis\(513).jpg,Gingivitis,2,0
C:\lab-hackathon\dataset\Hypodontia\(483).JPG,Hypodontia,5,0
C:\lab-hackathon\dataset\Caries\augmented\caries_0_2970.jpeg,Caries,0,1
C:\lab-hackathon\dataset\Ulcers\augmented\Mouth_Ulcer_0_745.jpeg,Ulcers,4,1
C:\lab-hackathon\dataset\Calculus\(744).jpg,Calculus,1,0
C:\lab-hackathon\dataset\Caries\augmented\caries_0_6520.jpeg,Caries,0,1
C:\lab-hackathon\dataset\Gingivitis\(932).jpg,Gingivitis,2,0
C:\lab-hackathon\dataset\Calculus\(1124).jpg,Calculus,1,0
C:\lab-hackathon\dataset\Ulcers\augmented\Mouth_Ulcer_0_9872.jpeg,Ulcers,4,1
C:\lab-hackathon\dataset\Caries\augmented\caries_0_455.jpeg,Caries,0,1
C:\lab-hackathon\dataset\Tooth Discoloration\augmented\Tooth_Discoloration_0_3458.jpeg,Tooth Discoloration,3,1
C:\lab-hackathon\dataset\Caries\augmented\caries_0_4245.jpeg,Caries,0,1
C:\lab-hackathon\dataset\Gingivitis\(1193).jpg,Gingivitis,2,0
C:\lab-hackathon\dataset\Tooth Discoloration\augmented\Tooth_Discoloration_0_3118.jpeg,Tooth Discoloration,3,1
C:\lab-hackathon\dataset\Caries\augmented\caries_0_2729.jpeg,Caries,0,1
C:\lab-hackathon\dataset\Tooth Discoloration\augmented\Tooth_Discoloration_0_5615.jpeg,Tooth Discoloration,3,1
C:\lab-hackathon\dataset\Caries\augmented\caries_0_5059.jpeg,Caries,0,1
C:\lab-hackathon\dataset\Gingivitis\(381).jpg,Gingivitis,2,0
C:\lab-hackathon\dataset\yolo_bbox\images\train\336.jpg,Ulcers,4,0
C:\lab-hackathon\dataset\Ulcers\augmented\Mouth_Ulcer_0_5908.jpeg,Ulcers,4,1
C:\lab-hackathon\dataset\yolo_bbox\images\train\(44).jpg,Gingivitis,2,0
C:\lab-hackathon\dataset\Tooth Discoloration\augmented\Tooth_Discoloration_0_3600.jpeg,Tooth Discoloration,3,1
C:\lab-hackathon\dataset\Hypodontia\(497).JPG,Hypodontia,5,0
C:\lab-hackathon\dataset\Tooth Discoloration\original\165.jpg,Tooth Discoloration,3,0
C:\lab-hackathon\dataset\Caries\augmented\caries_0_881.jpeg,Caries,0,1
C:\lab-hackathon\dataset\Ulcers\augmented\Mouth_Ulcer_0_9942.jpeg,Ulcers,4,1
C:\lab-hackathon\dataset\Ulcers\augmented\Mouth_Ulcer_0_7858.jpeg,Ulcers,4,1
C:\lab-hackathon\dataset\Gingivitis\(1256).jpg,Gingivitis,2,0
C:\lab-hackathon\dataset\Calculus\(708).jpg,Calculus,1,0
C:\lab-hackathon\dataset\Tooth Discoloration\augmented\Tooth_Discoloration_0_1672.jpeg,Tooth Discoloration,3,1
C:\lab-hackathon\dataset\Hypodontia\(997).JPG,Hypodontia,5,0
C:\lab-hackathon\dataset\Gingivitis\(684).jpg,Gingivitis,2,0
C:\lab-hackathon\dataset\yolo_bbox\images\train\(76).jpg,Gingivitis,2,0
C:\lab-hackathon\dataset\Gingivitis\(463).jpg,Gingivitis,2,0
C:\lab-hackathon\dataset\Calculus\(1078).jpg,Calculus,1,0
C:\lab-hackathon\dataset\yolo_bbox\images\train\caries_0_4238.jpeg,Caries,0,0
C:\lab-hackathon\dataset\yolo_bbox\images\train\299.jpg,Ulcers,4,0
C:\lab-hackathon\dataset\Calculus\(941).jpg,Calculus,1,0
C:\lab-hackathon\dataset\Caries\original\155.jpg,Caries,0,0
C:\lab-hackathon\dataset\Ulcers\augmented\Mouth_Ulcer_0_9225.jpeg,Ulcers,4,1
C:\lab-hackathon\dataset\Gingivitis\(1405).jpg,Gingivitis,2,0
C:\lab-hackathon\dataset\Ulcers\original\245.jpg,Ulcers,4,0
C:\lab-hackathon\dataset\yolo_bbox\images\train\455.jpg,Ulcers,4,0
C:\lab-hackathon\dataset\Gingivitis\(168).jpg,Gingivitis,2,0
C:\lab-hackathon\dataset\Gingivitis\(1520).JPG,Gingivitis,2,0
C:\lab-hackathon\dataset\Gingivitis\(885).jpg,Gingivitis,2,0
C:\lab-hackathon\dataset\Tooth Discoloration\augmented\Tooth_Discoloration_0_3299.jpeg,Tooth Discoloration,3,1
C:\lab-hackathon\dataset\yolo_bbox\images\train\caries_0_23.jpeg,Caries,0,0
C:\lab-hackathon\dataset\Calculus\(939).jpg,Calculus,1,0
C:\lab-hackathon\dataset\yolo_bbox\images\train\309.jpg,Ulcers,4,0
C:\lab-hackathon\dataset\Hypodontia\(333).JPG,Hypodontia,5,0
C:\lab-hackathon\dataset\Gingivitis\(911).jpg,Gingivitis,2,0
C:\lab-hackathon\dataset\Ulcers\augmented\Mouth_Ulcer_0_1720.jpeg,Ulcers,4,1
C:\lab-hackathon\dataset\Hypodontia\(511).JPG,Hypodontia,5,0
C:\lab-hackathon\dataset\Ulcers\augmented\Mouth_Ulcer_0_6555.jpeg,Ulcers,4,1
C:\lab-hackathon\dataset\Caries\augmented\caries_0_3113.jpeg,Caries,0,1
C:\lab-hackathon\dataset\Gingivitis\(171).jpg,Gingivitis,2,0
C:\lab-hackathon\dataset\Caries\original\149.jpg,Caries,0,0
C:\lab-hackathon\dataset\Gingivitis\(806).jpg,Gingivitis,2,0
C:\lab-hackathon\dataset\Tooth Discoloration\augmented\Tooth_Discoloration_0_2955.jpeg,Tooth Discoloration,3,1
C:\lab-hackathon\dataset\Tooth Discoloration\augmented\Tooth_Discoloration_0_1764.jpeg,Tooth Discoloration,3,1
C:\lab-hackathon\dataset\Ulcers\augmented\Mouth_Ulcer_0_5363.jpeg,Ulcers,4,1
C:\lab-hackathon\dataset\Calculus\(72).jpg,Calculus,1,0
C:\lab-hackathon\dataset\Calculus\(1187).jpg,Calculus,1,0
C:\lab-hackathon\dataset\Calculus\(870).jpg,Calculus,1,0
C:\lab-hackathon\dataset\Gingivitis\(1556).jpg,Gingivitis,2,0
C:\lab-hackathon\dataset\Gingivitis\(9).jpg,Gingivitis,2,0
C:\lab-hackathon\dataset\Calculus\(898).jpg,Calculus,1,0
C:\lab-hackathon\dataset\Tooth Discoloration\augmented\Tooth_Discoloration_0_1517.jpeg,Tooth Discoloration,3,1
C:\lab-hackathon\dataset\yolo_bbox\images\train\caries_0_5059.jpeg,Caries,0,0
C:\lab-hackathon\dataset\Calculus\(1013).jpg,Calculus,1,0
C:\lab-hackathon\dataset\Ulcers\augmented\Mouth_Ulcer_0_1264.jpeg,Ulcers,4,1
C:\lab-hackathon\dataset\Calculus\(7).jpg,Calculus,1,0
C:\lab-hackathon\dataset\Calculus\(729).jpg,Calculus,1,0
C:\lab-hackathon\dataset\Gingivitis\(376).jpg,Gingivitis,2,0
C:\lab-hackathon\dataset\Tooth Discoloration\augmented\Tooth_Discoloration_0_2546.jpeg,Tooth Discoloration,3,1
C:\lab-hackathon\dataset\yolo_bbox\images\train\caries_0_535.jpeg,Caries,0,0
C:\lab-hackathon\dataset\Gingivitis\(1092).jpg,Gingivitis,2,0
C:\lab-hackathon\dataset\yolo_bbox\images\train\60.jpg,Caries,0,0
C:\lab-hackathon\dataset\Caries\augmented\caries_0_7941.jpeg,Caries,0,1
C:\lab-hackathon\dataset\yolo_bbox\images\train\caries_0_641.jpeg,Caries,0,0
C:\lab-hackathon\dataset\Gingivitis\(1304).jpg,Gingivitis,2,0
C:\lab-hackathon\dataset\Hypodontia\(177).JPG,Hypodontia,5,0
C:\lab-hackathon\dataset\yolo_bbox\images\train\460.jpg,Tooth Discoloration,3,0
C:\lab-hackathon\dataset\yolo_bbox\images\train\76.jpg,Caries,0,0
C:\lab-hackathon\dataset\yolo_bbox\images\train\245.jpg,Ulcers,4,0
C:\lab-hackathon\dataset\Ulcers\augmented\Mouth_Ulcer_0_4592.jpeg,Ulcers,4,1
C:\lab-hackathon\dataset\Hypodontia\(317).JPG,Hypodontia,5,0
C:\lab-hackathon\dataset\Tooth Discoloration\augmented\Tooth_Discoloration_0_4437.jpeg,Tooth Discoloration,3,1
C:\lab-hackathon\dataset\Ulcers\augmented\Mouth_Ulcer_0_581.jpeg,Ulcers,4,1
C:\lab-hackathon\dataset\Gingivitis\(988).jpg,Gingivitis,2,0
C:\lab-hackathon\dataset\Ulcers\augmented\Mouth_Ulcer_0_5775.jpeg,Ulcers,4,1
C:\lab-hackathon\dataset\Hypodontia\(455).JPG,Hypodontia,5,0
C:\lab-hackathon\dataset\yolo_bbox\images\train\caries_0_4466.jpeg,Caries,0,0
C:\lab-hackathon\dataset\Ulcers\original\0.jpg,Ulcers,4,0
C:\lab-hackathon\dataset\Ulcers\augmented\Mouth_Ulcer_0_4872.jpeg,Ulcers,4,1
C:\lab-hackathon\dataset\Ulcers\original\67.jpg,Ulcers,4,0
C:\lab-hackathon\dataset\yolo_bbox\images\train\113.jpg,Caries,0,0
C:\lab-hackathon\dataset\Ulcers\augmented\Mouth_Ulcer_0_1508.jpeg,Ulcers,4,1
C:\lab-hackathon\dataset\Ulcers\augmented\Mouth_Ulcer_0_8975.jpeg,Ulcers,4,1
C:\lab-hackathon\dataset\Hypodontia\(30).JPG,Hypodontia,5,0
C:\lab-hackathon\dataset\Calculus\(158).jpg,Calculus,1,0
C:\lab-hackathon\dataset\Gingivitis\(81).jpg,Gingivitis,2,0
C:\lab-hackathon\dataset\Gingivitis\(1281).jpg,Gingivitis,2,0
C:\lab-hackathon\dataset\Caries\original\85.jpg,Caries,0,0
C:\lab-hackathon\dataset\Tooth Discoloration\augmented\Tooth_Discoloration_0_8834.jpeg,Tooth Discoloration,3,1
C:\lab-hackathon\dataset\Hypodontia\(1228).jpg,Hypodontia,5,0
C:\lab-hackathon\dataset\Calculus\(1221).jpg,Calculus,1,0
C:\lab-hackathon\dataset\Hypodontia\(855).JPG,Hypodontia,5,0
C:\lab-hackathon\dataset\Hypodontia\(307).JPG,Hypodontia,5,0
C:\lab-hackathon\dataset\yolo_bbox\images\train\(85).jpg,Gingivitis,2,0
C:\lab-hackathon\dataset\yolo_bbox\images\train\caries_0_5102.jpeg,Caries,0,0
C:\lab-hackathon\dataset\Ulcers\augmented\Mouth_Ulcer_0_7050.jpeg,Ulcers,4,1
C:\lab-hackathon\dataset\Ulcers\augmented\Mouth_Ulcer_0_5408.jpeg,Ulcers,4,1
C:\lab-hackathon\dataset\Gingivitis\(978).jpg,Gingivitis,2,0
C:\lab-hackathon\dataset\Gingivitis\(283).jpg,Gingivitis,2,0
C:\lab-hackathon\dataset\yolo_bbox\images\train\caries_0_5213.jpeg,Ulcers,4,0
C:\lab-hackathon\dataset\Gingivitis\(1413).jpg,Gingivitis,2,0
C:\lab-hackathon\dataset\Gingivitis\(937).jpg,Gingivitis,2,0
C:\lab-hackathon\dataset\Hypodontia\(564).JPG,Hypodontia,5,0
C:\lab-hackathon\dataset\Hypodontia\(1167).JPG,Hypodontia,5,0
C:\lab-hackathon\dataset\Calculus\(1274).jpg,Calculus,1,0
C:\lab-hackathon\dataset\Gingivitis\(2269).jpg,Gingivitis,2,0
C:\lab-hackathon\dataset\Gingivitis\(2175).jpg,Gingivitis,2,0
C:\lab-hackathon\dataset\Ulcers\augmented\Mouth_Ulcer_0_4959.jpeg,Ulcers,4,1
C:\lab-hackathon\dataset\Gingivitis\(1995).jpg,Gingivitis,2,0
C:\lab-hackathon\dataset\Caries\augmented\caries_0_4177.jpeg,Caries,0,1
C:\lab-hackathon\dataset\Ulcers\augmented\Mouth_Ulcer_0_796.jpeg,Ulcers,4,1
C:\lab-hackathon\dataset\Caries\augmented\caries_0_7541.jpeg,Caries,0,1
C:\lab-hackathon\dataset\Caries\augmented\caries_0_7566.jpeg,Caries,0,1
C:\lab-hackathon\dataset\Calculus\(69).jpg,Calculus,1,0
C:\lab-hackathon\dataset\Calculus\(276).jpg,Calculus,1,0
C:\lab-hackathon\dataset\Gingivitis\(2214).jpg,Gingivitis,2,0
C:\lab-hackathon\dataset\Ulcers\augmented\Mouth_Ulcer_0_1839.jpeg,Ulcers,4,1
C:\lab-hackathon\dataset\Ulcers\augmented\Mouth_Ulcer_0_2326.jpeg,Ulcers,4,1
C:\lab-hackathon\dataset\Caries\original\47.jpg,Caries,0,0
C:\lab-hackathon\dataset\Hypodontia\(93).JPG,Hypodontia,5,0
C:\lab-hackathon\dataset\Ulcers\original\243.jpg,Ulcers,4,0
C:\lab-hackathon\dataset\Calculus\(82).jpg,Calculus,1,0
C:\lab-hackathon\dataset\Hypodontia\(109).jpg,Hypodontia,5,0
C:\lab-hackathon\dataset\Gingivitis\(1425).jpg,Gingivitis,2,0
C:\lab-hackathon\dataset\Gingivitis\(1440).jpg,Gingivitis,2,0
C:\lab-hackathon\dataset\yolo_bbox\images\train\451.jpg,Ulcers,4,0
C:\lab-hackathon\dataset\Ulcers\augmented\Mouth_Ulcer_0_5827.jpeg,Ulcers,4,1
C:\lab-hackathon\dataset\Ulcers\augmented\Mouth_Ulcer_0_9090.jpeg,Ulcers,4,1
C:\lab-hackathon\dataset\Tooth Discoloration\augmented\Tooth_Discoloration_0_828.jpeg,Tooth Discoloration,3,1
C:\lab-hackathon\dataset\Tooth Discoloration\augmented\Tooth_Discoloration_0_4556.jpeg,Tooth Discoloration,3,1
C:\lab-hackathon\dataset\Tooth Discoloration\original\82.jpg,Tooth Discoloration,3,0
C:\lab-hackathon\dataset\Gingivitis\(1972).jpg,Gingivitis,2,0
C:\lab-hackathon\dataset\Caries\original\61.jpg,Caries,0,0
C:\lab-hackathon\dataset\Gingivitis\(437).jpg,Gingivitis,2,0
C:\lab-hackathon\dataset\Ulcers\augmented\Mouth_Ulcer_0_2441.jpeg,Ulcers,4,1
C:\lab-hackathon\dataset\Ulcers\augmented\Mouth_Ulcer_0_7915.jpeg,Ulcers,4,1
C:\lab-hackathon\dataset\Caries\augmented\caries_0_937.jpeg,Caries,0,1
C:\lab-hackathon\dataset\Hypodontia\(740).JPG,Hypodontia,5,0
C:\lab-hackathon\dataset\Caries\original\171.jpg,Caries,0,0
C:\lab-hackathon\dataset\yolo_bbox\images\train\(140).jpg,Gingivitis,2,0
C:\lab-hackathon\dataset\Calculus\(1188).jpg,Calculus,1,0
C:\lab-hackathon\dataset\Gingivitis\(1138).jpg,Gingivitis,2,0
C:\lab-hackathon\dataset\Calculus\(652).jpg,Calculus,1,0
C:\lab-hackathon\dataset\Gingivitis\(378).jpg,Gingivitis,2,0
C:\lab-hackathon\dataset\yolo_bbox\images\train\588.jpg,Tooth Discoloration,3,0
C:\lab-hackathon\dataset\Ulcers\augmented\Mouth_Ulcer_0_600.jpeg,Ulcers,4,1
C:\lab-hackathon\dataset\Gingivitis\(384).jpg,Gingivitis,2,0
C:\lab-hackathon\dataset\Ulcers\augmented\Mouth_Ulcer_0_8590.jpeg,Ulcers,4,1
C:\lab-hackathon\dataset\Hypodontia\(139).JPG,Hypodontia,5,0
C:\lab-hackathon\dataset\Gingivitis\(359).jpg,Gingivitis,2,0
C:\lab-hackathon\dataset\Calculus\(1069).jpg,Calculus,1,0
C:\lab-hackathon\dataset\Calculus\(469).jpg,Calculus,1,0
C:\lab-hackathon\dataset\Ulcers\augmented\Mouth_Ulcer_0_9261.jpeg,Ulcers,4,1
C:\lab-hackathon\dataset\Caries\augmented\caries_0_7613.jpeg,Caries,0,1
C:\lab-hackathon\dataset\Gingivitis\(1125).jpg,Gingivitis,2,0
C:\lab-hackathon\dataset\Tooth Discoloration\augmented\Tooth_Discoloration_0_2527.jpeg,Tooth Discoloration,3,1
C:\lab-hackathon\dataset\Gingivitis\(1915).jpg,Gingivitis,2,0
C:\lab-hackathon\dataset\Gingivitis\(191).jpg,Gingivitis,2,0
C:\lab-hackathon\dataset\yolo_bbox\images\train\caries_0_3610.jpeg,Caries,0,0
C:\lab-hackathon\dataset\Calculus\(947).jpg,Calculus,1,0
C:\lab-hackathon\dataset\Caries\augmented\caries_0_4890.jpeg,Caries,0,1
C:\lab-hackathon\dataset\yolo_bbox\images\train\410.jpg,Ulcers,4,0
C:\lab-hackathon\dataset\yolo_bbox\images\train\196.jpg,Caries,0,0
C:\lab-hackathon\dataset\Gingivitis\(1551).jpg,Gingivitis,2,0
C:\lab-hackathon\dataset\Hypodontia\(598).JPG,Hypodontia,5,0
C:\lab-hackathon\dataset\Hypodontia\(673).jpg,Hypodontia,5,0
C:\lab-hackathon\dataset\Ulcers\augmented\Mouth_Ulcer_0_6490.jpeg,Ulcers,4,1
C:\lab-hackathon\dataset\Ulcers\augmented\Mouth_Ulcer_0_3208.jpeg,Ulcers,4,1
C:\lab-hackathon\dataset\Gingivitis\(2258).jpg,Gingivitis,2,0
C:\lab-hackathon\dataset\Caries\augmented\caries_0_132.jpeg,Caries,0,1
C:\lab-hackathon\dataset\Caries\augmented\caries_0_9190.jpeg,Caries,0,1
C:\lab-hackathon\dataset\Hypodontia\(478).JPG,Hypodontia,5,0
C:\lab-hackathon\dataset\Hypodontia\(960).jpg,Hypodontia,5,0
C:\lab-hackathon\dataset\yolo_bbox\images\train\caries_0_4782.jpeg,Caries,0,0
C:\lab-hackathon\dataset\Calculus\(410).jpg,Calculus,1,0
C:\lab-hackathon\dataset\Calculus\(520).jpg,Calculus,1,0
C:\lab-hackathon\dataset\Ulcers\augmented\Mouth_Ulcer_0_5835.jpeg,Ulcers,4,1
C:\lab-hackathon\dataset\Ulcers\augmented\Mouth_Ulcer_0_314.jpeg,Ulcers,4,1
C:\lab-hackathon\dataset\Caries\augmented\caries_0_4990.jpeg,Caries,0,1
C:\lab-hackathon\dataset\Tooth Discoloration\augmented\Tooth_Discoloration_0_2318.jpeg,Tooth Discoloration,3,1
C:\lab-hackathon\dataset\Caries\augmented\caries_0_8437.jpeg,Caries,0,1
C:\lab-hackathon\dataset\Hypodontia\(419).JPG,Hypodontia,5,0
C:\lab-hackathon\dataset\Hypodontia\(215).JPG,Hypodontia,5,0
C:\lab-hackathon\dataset\Gingivitis\(664).jpg,Gingivitis,2,0
C:\lab-hackathon\dataset\Hypodontia\(11).JPG,Hypodontia,5,0
C:\lab-hackathon\dataset\yolo_bbox\images\train\180.jpg,Caries,0,0
C:\lab-hackathon\dataset\Ulcers\augmented\Mouth_Ulcer_0_2109.jpeg,Ulcers,4,1
C:\lab-hackathon\dataset\Gingivitis\(183).jpg,Gingivitis,2,0
C:\lab-hackathon\dataset\Gingivitis\(42).jpg,Gingivitis,2,0
C:\lab-hackathon\dataset\Caries\augmented\caries_0_4432.jpeg,Caries,0,1
C:\lab-hackathon\dataset\Calculus\(178).jpg,Calculus,1,0
C:\lab-hackathon\dataset\Caries\augmented\caries_0_2370.jpeg,Caries,0,1
C:\lab-hackathon\dataset\Calculus\(1132).jpg,Calculus,1,0
C:\lab-hackathon\dataset\Gingivitis\(830).jpg,Gingivitis,2,0
C:\lab-hackathon\dataset\Gingivitis\(2).jpg,Gingivitis,2,0
C:\lab-hackathon\dataset\Gingivitis\(1796).jpg,Gingivitis,2,0
C:\lab-hackathon\dataset\Calculus\(965).jpg,Calculus,1,0
C:\lab-hackathon\dataset\Tooth Discoloration\augmented\Tooth_Discoloration_0_3698.jpeg,Tooth Discoloration,3,1
C:\lab-hackathon\dataset\Hypodontia\(213).JPG,Hypodontia,5,0
C:\lab-hackathon\dataset\Tooth Discoloration\augmented\Tooth_Discoloration_0_4930.jpeg,Tooth Discoloration,3,1
C:\lab-hackathon\dataset\Gingivitis\(1756).jpg,Gingivitis,2,0
C:\lab-hackathon\dataset\Tooth Discoloration\augmented\Tooth_Discoloration_0_5393.jpeg,Tooth Discoloration,3,1
C:\lab-hackathon\dataset\yolo_bbox\images\train\caries_0_4859.jpeg,Caries,0,0
C:\lab-hackathon\dataset\yolo_bbox\images\train\289.jpg,Ulcers,4,0
C:\lab-hackathon\dataset\Tooth Discoloration\original\59.jpg,Tooth Discoloration,3,0
C:\lab-hackathon\dataset\Hypodontia\(822).jpg,Hypodontia,5,0
C:\lab-hackathon\dataset\Gingivitis\(433).jpg,Gingivitis,2,0
C:\lab-hackathon\dataset\yolo_bbox\images\train\560.jpg,Tooth Discoloration,3,0
C:\lab-hackathon\dataset\Gingivitis\(1739).jpg,Gingivitis,2,0
C:\lab-hackathon\dataset\Gingivitis\(249).jpg,Gingivitis,2,0
C:\lab-hackathon\dataset\Gingivitis\(1107).jpg,Gingivitis,2,0
C:\lab-hackathon\dataset\Tooth Discoloration\augmented\Tooth_Discoloration_0_6919.jpeg,Tooth Discoloration,3,1
C:\lab-hackathon\dataset\Hypodontia\(75).JPG,Hypodontia,5,0
C:\lab-hackathon\dataset\Gingivitis\(512).jpg,Gingivitis,2,0
C:\lab-hackathon\dataset\Gingivitis\(925).jpg,Gingivitis,2,0
C:\lab-hackathon\dataset\Caries\augmented\caries_0_1907.jpeg,Caries,0,1
C:\lab-hackathon\dataset\Ulcers\augmented\Mouth_Ulcer_0_4719.jpeg,Ulcers,4,1
C:\lab-hackathon\dataset\Ulcers\augmented\Mouth_Ulcer_0_5370.jpeg,Ulcers,4,1
C:\lab-hackathon\dataset\Hypodontia\(1156).JPG,Hypodontia,5,0
C:\lab-hackathon\dataset\Ulcers\augmented\Mouth_Ulcer_0_9626.jpeg,Ulcers,4,1
C:\lab-hackathon\dataset\Calculus\(739).jpg,Calculus,1,0
C:\lab-hackathon\dataset\yolo_bbox\images\train\caries_0_4881.jpeg,Caries,0,0
C:\lab-hackathon\dataset\Tooth Discoloration\augmented\Tooth_Discoloration_0_4857.jpeg,Tooth Discoloration,3,1
C:\lab-hackathon\dataset\Gingivitis\(207).jpg,Gingivitis,2,0
C:\lab-hackathon\dataset\yolo_bbox\images\train\49.jpg,Caries,0,0
C:\lab-hackathon\dataset\Ulcers\augmented\Mouth_Ulcer_0_8359.jpeg,Ulcers,4,1
C:\lab-hackathon\dataset\yolo_bbox\images\train\507.jpg,Tooth Discoloration,3,0
C:\lab-hackathon\dataset\Tooth Discoloration\augmented\Tooth_Discoloration_0_3356.jpeg,Tooth Discoloration,3,1
C:\lab-hackathon\dataset\Ulcers\original\28.jpg,Ulcers,4,0
C:\lab-hackathon\dataset\Calculus\(431).jpg,Calculus,1,0
C:\lab-hackathon\dataset\Ulcers\augmented\Mouth_Ulcer_0_3757.jpeg,Ulcers,4,1
C:\lab-hackathon\dataset\Gingivitis\(1114).jpg,Gingivitis,2,0
C:\lab-hackathon\dataset\yolo_bbox\images\train\508.jpg,Tooth Discoloration,3,0
C:\lab-hackathon\dataset\Ulcers\augmented\Mouth_Ulcer_0_8954.jpeg,Ulcers,4,1
C:\lab-hackathon\dataset\yolo_bbox\images\train\251.jpg,Ulcers,4,0
C:\lab-hackathon\dataset\Caries\augmented\caries_0_9477.jpeg,Caries,0,1
C:\lab-hackathon\dataset\Calculus\(660).jpg,Calculus,1,0
C:\lab-hackathon\dataset\Calculus\(170).jpg,Calculus,1,0
C:\lab-hackathon\dataset\Gingivitis\(1201).jpg,Gingivitis,2,0
C:\lab-hackathon\dataset\Caries\augmented\caries_0_456.jpeg,Caries,0,1
C:\lab-hackathon\dataset\yolo_bbox\images\train\caries_0_4223.jpeg,Caries,0,0
C:\lab-hackathon\dataset\yolo_bbox\images\train\503.jpg,Tooth Discoloration,3,0
C:\lab-hackathon\dataset\Tooth Discoloration\augmented\Tooth_Discoloration_0_1891.jpeg,Tooth Discoloration,3,1
C:\lab-hackathon\dataset\Hypodontia\(523).jpg,Hypodontia,5,0
C:\lab-hackathon\dataset\Hypodontia\(393).JPG,Hypodontia,5,0
C:\lab-hackathon\dataset\Gingivitis\(1481).jpg,Gingivitis,2,0
C:\lab-hackathon\dataset\Calculus\(1003).jpg,Calculus,1,0
C:\lab-hackathon\dataset\Tooth Discoloration\augmented\Tooth_Discoloration_0_8783.jpeg,Tooth Discoloration,3,1
C:\lab-hackathon\dataset\Caries\augmented\caries_0_9401.jpeg,Caries,0,1
C:\lab-hackathon\dataset\yolo_bbox\images\train\caries_0_686.jpeg,Caries,0,0
C:\lab-hackathon\dataset\Ulcers\augmented\Mouth_Ulcer_0_5687.jpeg,Ulcers,4,1
C:\lab-hackathon\dataset\Calculus\(177).jpg,Calculus,1,0
C:\lab-hackathon\dataset\Calculus\(570).jpg,Calculus,1,0
C:\lab-hackathon\dataset\Caries\original\91.jpg,Caries,0,0
C:\lab-hackathon\dataset\Gingivitis\(287).jpg,Gingivitis,2,0
C:\lab-hackathon\dataset\yolo_bbox\images\train\483.jpg,Tooth Discoloration,3,0
C:\lab-hackathon\dataset\Gingivitis\(1377).jpg,Gingivitis,2,0
C:\lab-hackathon\dataset\Gingivitis\(1902).jpg,Gingivitis,2,0
C:\lab-hackathon\dataset\Ulcers\original\240.jpg,Ulcers,4,0
C:\lab-hackathon\dataset\Caries\augmented\caries_0_2066.jpeg,Caries,0,1
C:\lab-hackathon\dataset\Ulcers\augmented\Mouth_Ulcer_0_769.jpeg,Ulcers,4,1
C:\lab-hackathon\dataset\Tooth Discoloration\augmented\Tooth_Discoloration_0_1223.jpeg,Tooth Discoloration,3,1
C:\lab-hackathon\dataset\Calculus\(1092).jpg,Calculus,1,0
C:\lab-hackathon\dataset\Gingivitis\(1005).jpg,Gingivitis,2,0
C:\lab-hackathon\dataset\Calculus\(188).jpg,Calculus,1,0
C:\lab-hackathon\dataset\Ulcers\original\229.jpg,Ulcers,4,0
C:\lab-hackathon\dataset\Hypodontia\(151).JPG,Hypodontia,5,0
C:\lab-hackathon\dataset\Hypodontia\(865).JPG,Hypodontia,5,0
C:\lab-hackathon\dataset\yolo_bbox\images\train\(172).jpg,Gingivitis,2,0
C:\lab-hackathon\dataset\yolo_bbox\images\train\caries_0_3323.jpeg,Caries,0,0
C:\lab-hackathon\dataset\Caries\augmented\caries_0_3986.jpeg,Caries,0,1
C:\lab-hackathon\dataset\Tooth Discoloration\augmented\Tooth_Discoloration_0_8442.jpeg,Tooth Discoloration,3,1
C:\lab-hackathon\dataset\yolo_bbox\images\train\220.jpg,Ulcers,4,0
C:\lab-hackathon\dataset\Gingivitis\(2330).jpg,Gingivitis,2,0
C:\lab-hackathon\dataset\Calculus\(148).jpg,Calculus,1,0
C:\lab-hackathon\dataset\Gingivitis\(2015).jpg,Gingivitis,2,0
C:\lab-hackathon\dataset\Caries\augmented\caries_0_390.jpeg,Caries,0,1
C:\lab-hackathon\dataset\Ulcers\augmented\Mouth_Ulcer_0_7983.jpeg,Ulcers,4,1
C:\lab-hackathon\dataset\yolo_bbox\images\train\493.jpg,Tooth Discoloration,3,0
C:\lab-hackathon\dataset\Ulcers\augmented\Mouth_Ulcer_0_4011.jpeg,Ulcers,4,1
C:\lab-hackathon\dataset\Hypodontia\(690).jpg,Hypodontia,5,0
C:\lab-hackathon\dataset\Gingivitis\(1935).jpg,Gingivitis,2,0
C:\lab-hackathon\dataset\yolo_bbox\images\train\caries_0_422.jpeg,Caries,0,0
C:\lab-hackathon\dataset\Ulcers\augmented\Mouth_Ulcer_0_3144.jpeg,Ulcers,4,1
C:\lab-hackathon\dataset\yolo_bbox\images\train\(187).jpg,Gingivitis,2,0
C:\lab-hackathon\dataset\Hypodontia\(565).JPG,Hypodontia,5,0
C:\lab-hackathon\dataset\Ulcers\augmented\Mouth_Ulcer_0_9990.jpeg,Ulcers,4,1
C:\lab-hackathon\dataset\Gingivitis\(1272).jpg,Gingivitis,2,0
C:\lab-hackathon\dataset\Caries\augmented\caries_0_5046.jpeg,Caries,0,1
C:\lab-hackathon\dataset\yolo_bbox\images\train\caries_0_3526.jpeg,Caries,0,0
C:\lab-hackathon\dataset\Gingivitis\(252).jpg,Gingivitis,2,0
C:\lab-hackathon\dataset\Gingivitis\(1215).jpg,Gingivitis,2,0
C:\lab-hackathon\dataset\Caries\augmented\caries_0_102.jpeg,Caries,0,1
C:\lab-hackathon\dataset\Calculus\(192).jpg,Calculus,1,0
C:\lab-hackathon\dataset\Caries\augmented\caries_0_6473.jpeg,Caries,0,1
C:\lab-hackathon\dataset\Hypodontia\(18).JPG,Hypodontia,5,0
C:\lab-hackathon\dataset\Gingivitis\(1901).jpg,Gingivitis,2,0
C:\lab-hackathon\dataset\Calculus\(74).jpg,Calculus,1,0
C:\lab-hackathon\dataset\Tooth Discoloration\augmented\Tooth_Discoloration_0_1.jpeg,Tooth Discoloration,3,1
C:\lab-hackathon\dataset\Caries\augmented\caries_0_3000.jpeg,Caries,0,1
C:\lab-hackathon\dataset\Caries\augmented\caries_0_8315.jpeg,Caries,0,1
C:\lab-hackathon\dataset\yolo_bbox\images\train\caries_0_3274.jpeg,Caries,0,0
C:\lab-hackathon\dataset\Hypodontia\(840).JPG,Hypodontia,5,0
C:\lab-hackathon\dataset\Caries\augmented\caries_0_3292.jpeg,Caries,0,1
C:\lab-hackathon\dataset\yolo_bbox\images\train\425.jpg,Ulcers,4,0
C:\lab-hackathon\dataset\Ulcers\augmented\Mouth_Ulcer_0_4826.jpeg,Ulcers,4,1
C:\lab-hackathon\dataset\Calculus\(344).jpg,Calculus,1,0
C:\lab-hackathon\dataset\yolo_bbox\images\train\579.jpg,Tooth Discoloration,3,0
C:\lab-hackathon\dataset\yolo_bbox\images\train\caries_0_3714.jpeg,Caries,0,0
C:\lab-hackathon\dataset\yolo_bbox\images\train\caries_0_3736.jpeg,Caries,0,0
C:\lab-hackathon\dataset\yolo_bbox\images\train\322.jpg,Ulcers,4,0
C:\lab-hackathon\dataset\yolo_bbox\images\train\287.jpg,Ulcers,4,0
C:\lab-hackathon\dataset\Gingivitis\(1153).jpg,Gingivitis,2,0
C:\lab-hackathon\dataset\Calculus\(426).jpg,Calculus,1,0
C:\lab-hackathon\dataset\Tooth Discoloration\augmented\Tooth_Discoloration_0_7363.jpeg,Tooth Discoloration,3,1
C:\lab-hackathon\dataset\Hypodontia\(633).JPG,Hypodontia,5,0
C:\lab-hackathon\dataset\Ulcers\original\200.jpg,Ulcers,4,0
C:\lab-hackathon\dataset\Calculus\(155).jpg,Calculus,1,0
C:\lab-hackathon\dataset\yolo_bbox\images\train\108.jpg,Caries,0,0
C:\lab-hackathon\dataset\yolo_bbox\images\train\495.jpg,Tooth Discoloration,3,0
C:\lab-hackathon\dataset\Tooth Discoloration\augmented\Tooth_Discoloration_0_9263.jpeg,Tooth Discoloration,3,1
C:\lab-hackathon\dataset\Calculus\(305).jpg,Calculus,1,0
C:\lab-hackathon\dataset\Calculus\(243).jpg,Calculus,1,0
C:\lab-hackathon\dataset\Gingivitis\(1464).jpg,Gingivitis,2,0
C:\lab-hackathon\dataset\yolo_bbox\images\train\(79).jpg,Gingivitis,2,0
C:\lab-hackathon\dataset\Ulcers\augmented\Mouth_Ulcer_0_554.jpeg,Ulcers,4,1
C:\lab-hackathon\dataset\Gingivitis\(890).jpg,Gingivitis,2,0
C:\lab-hackathon\dataset\Caries\augmented\caries_0_7631.jpeg,Caries,0,1
C:\lab-hackathon\dataset\Gingivitis\(2010).jpg,Gingivitis,2,0
C:\lab-hackathon\dataset\Ulcers\augmented\Mouth_Ulcer_0_9796.jpeg,Ulcers,4,1
C:\lab-hackathon\dataset\yolo_bbox\images\train\501.jpg,Tooth Discoloration,3,0
C:\lab-hackathon\dataset\Caries\augmented\caries_0_2749.jpeg,Caries,0,1
C:\lab-hackathon\dataset\Tooth Discoloration\original\0.jpg,Tooth Discoloration,3,0
C:\lab-hackathon\dataset\Hypodontia\(1168).JPG,Hypodontia,5,0
C:\lab-hackathon\dataset\Calculus\(118).jpg,Calculus,1,0
C:\lab-hackathon\dataset\yolo_bbox\images\train\56.jpg,Caries,0,0
C:\lab-hackathon\dataset\Ulcers\augmented\Mouth_Ulcer_0_9232.jpeg,Ulcers,4,1
C:\lab-hackathon\dataset\Gingivitis\(134).jpg,Gingivitis,2,0
C:\lab-hackathon\dataset\Calculus\(1258).jpg,Calculus,1,0
C:\lab-hackathon\dataset\Hypodontia\(111).jpg,Hypodontia,5,0
C:\lab-hackathon\dataset\yolo_bbox\images\train\349.jpg,Ulcers,4,0
C:\lab-hackathon\dataset\Calculus\(1244).jpg,Calculus,1,0
C:\lab-hackathon\dataset\yolo_bbox\images\train\caries_0_4071.jpeg,Caries,0,0
C:\lab-hackathon\dataset\Gingivitis\(1774).jpg,Gingivitis,2,0
C:\lab-hackathon\dataset\Gingivitis\(1087).jpg,Gingivitis,2,0
C:\lab-hackathon\dataset\Caries\augmented\caries_0_7769.jpeg,Caries,0,1
C:\lab-hackathon\dataset\Caries\augmented\caries_0_9237.jpeg,Caries,0,1
C:\lab-hackathon\dataset\Ulcers\original\14.jpg,Ulcers,4,0
C:\lab-hackathon\dataset\Calculus\(535).jpg,Calculus,1,0
C:\lab-hackathon\dataset\Gingivitis\(400).jpg,Gingivitis,2,0
C:\lab-hackathon\dataset\yolo_bbox\images\train\267.jpg,Ulcers,4,0
C:\lab-hackathon\dataset\Gingivitis\(1873).jpg,Gingivitis,2,0
C:\lab-hackathon\dataset\Gingivitis\(1884).jpg,Gingivitis,2,0
C:\lab-hackathon\dataset\yolo_bbox\images\train\157.jpg,Caries,0,0
C:\lab-hackathon\dataset\Gingivitis\(2094).jpg,Gingivitis,2,0
C:\lab-hackathon\dataset\Ulcers\original\100.jpg,Ulcers,4,0
C:\lab-hackathon\dataset\Gingivitis\(1166).jpg,Gingivitis,2,0
C:\lab-hackathon\dataset\Ulcers\augmented\Mouth_Ulcer_0_9267.jpeg,Ulcers,4,1
C:\lab-hackathon\dataset\Hypodontia\(340).JPG,Hypodontia,5,0
C:\lab-hackathon\dataset\yolo_bbox\images\train\(1).jpg,Gingivitis,2,0
C:\lab-hackathon\dataset\Gingivitis\(1912).jpg,Gingivitis,2,0
C:\lab-hackathon\dataset\Hypodontia\(641).jpg,Hypodontia,5,0
C:\lab-hackathon\dataset\Gingivitis\(558).jpg,Gingivitis,2,0
C:\lab-hackathon\dataset\Tooth Discoloration\original\2.jpg,Tooth Discoloration,3,0
C:\lab-hackathon\dataset\Ulcers\augmented\Mouth_Ulcer_0_636.jpeg,Ulcers,4,1
C:\lab-hackathon\dataset\yolo_bbox\images\train\359.jpg,Ulcers,4,0
C:\lab-hackathon\dataset\Calculus\(843).jpg,Calculus,1,0
C:\lab-hackathon\dataset\yolo_bbox\images\train\(150).jpg,Gingivitis,2,0
C:\lab-hackathon\dataset\Tooth Discoloration\augmented\Tooth_Discoloration_0_9696.jpeg,Tooth Discoloration,3,1
C:\lab-hackathon\dataset\yolo_bbox\images\train\caries_0_4426.jpeg,Caries,0,0
C:\lab-hackathon\dataset\Ulcers\augmented\Mouth_Ulcer_0_452.jpeg,Ulcers,4,1
C:\lab-hackathon\dataset\yolo_bbox\images\train\caries_0_41.jpeg,Caries,0,0
C:\lab-hackathon\dataset\Gingivitis\(1729).jpg,Gingivitis,2,0
C:\lab-hackathon\dataset\Ulcers\augmented\Mouth_Ulcer_0_6519.jpeg,Ulcers,4,1
C:\lab-hackathon\dataset\Tooth Discoloration\original\169.jpg,Tooth Discoloration,3,0
C:\lab-hackathon\dataset\Gingivitis\(1375).jpg,Gingivitis,2,0
C:\lab-hackathon\dataset\Gingivitis\(1499).jpg,Gingivitis,2,0
C:\lab-hackathon\dataset\yolo_bbox\images\train\444.jpg,Ulcers,4,0
C:\lab-hackathon\dataset\Calculus\(977).jpg,Calculus,1,0
C:\lab-hackathon\dataset\Ulcers\augmented\Mouth_Ulcer_0_8393.jpeg,Ulcers,4,1
C:\lab-hackathon\dataset\Gingivitis\(1430).jpg,Gingivitis,2,0
C:\lab-hackathon\dataset\Ulcers\original\121.jpg,Ulcers,4,0
C:\lab-hackathon\dataset\Gingivitis\(1253).jpg,Gingivitis,2,0
C:\lab-hackathon\dataset\Tooth Discoloration\augmented\Tooth_Discoloration_0_3996.jpeg,Tooth Discoloration,3,1
C:\lab-hackathon\dataset\Gingivitis\(1248).jpg,Gingivitis,2,0
C:\lab-hackathon\dataset\Tooth Discoloration\augmented\Tooth_Discoloration_0_7816.jpeg,Tooth Discoloration,3,1
C:\lab-hackathon\dataset\Tooth Discoloration\augmented\Tooth_Discoloration_0_8654.jpeg,Tooth Discoloration,3,1
C:\lab-hackathon\dataset\Ulcers\original\125.jpg,Ulcers,4,0
C:\lab-hackathon\dataset\yolo_bbox\images\train\635.jpg,Tooth Discoloration,3,0
C:\lab-hackathon\dataset\Ulcers\augmented\Mouth_Ulcer_0_3291.jpeg,Ulcers,4,1
C:\lab-hackathon\dataset\Tooth Discoloration\augmented\Tooth_Discoloration_0_7426.jpeg,Tooth Discoloration,3,1
C:\lab-hackathon\dataset\Hypodontia\(1202).JPG,Hypodontia,5,0
C:\lab-hackathon\dataset\Gingivitis\(887).jpg,Gingivitis,2,0
C:\lab-hackathon\dataset\yolo_bbox\images\train\caries_0_5120.jpeg,Caries,0,0
C:\lab-hackathon\dataset\Tooth Discoloration\original\143.jpg,Tooth Discoloration,3,0
C:\lab-hackathon\dataset\yolo_bbox\images\train\331.jpg,Ulcers,4,0
C:\lab-hackathon\dataset\Ulcers\augmented\Mouth_Ulcer_0_539.jpeg,Ulcers,4,1
C:\lab-hackathon\dataset\yolo_bbox\images\train\caries_0_3745.jpeg,Caries,0,0
C:\lab-hackathon\dataset\Calculus\(764).jpg,Calculus,1,0
C:\lab-hackathon\dataset\Gingivitis\(697).jpg,Gingivitis,2,0
C:\lab-hackathon\dataset\Ulcers\augmented\Mouth_Ulcer_0_8962.jpeg,Ulcers,4,1
C:\lab-hackathon\dataset\yolo_bbox\images\train\caries_0_5192.jpeg,Caries,0,0
C:\lab-hackathon\dataset\Gingivitis\(722).jpg,Gingivitis,2,0
C:\lab-hackathon\dataset\Ulcers\augmented\Mouth_Ulcer_0_9570.jpeg,Ulcers,4,1
C:\lab-hackathon\dataset\Hypodontia\(132).jpg,Hypodontia,5,0
C:\lab-hackathon\dataset\yolo_bbox\images\train\caries_0_219.jpeg,Caries,0,0
C:\lab-hackathon\dataset\Gingivitis\(1053).jpg,Gingivitis,2,0
C:\lab-hackathon\dataset\Gingivitis\(1306).jpg,Gingivitis,2,0
C:\lab-hackathon\dataset\Gingivitis\(1907).jpg,Gingivitis,2,0
C:\lab-hackathon\dataset\Calculus\(181).jpg,Calculus,1,0
C:\lab-hackathon\dataset\Caries\augmented\caries_0_1173.jpeg,Caries,0,1
C:\lab-hackathon\dataset\Hypodontia\(435).JPG,Hypodontia,5,0
C:\lab-hackathon\dataset\Tooth Discoloration\augmented\Tooth_Discoloration_0_5597.jpeg,Tooth Discoloration,3,1
C:\lab-hackathon\dataset\Hypodontia\(917).JPG,Hypodontia,5,0
C:\lab-hackathon\dataset\Caries\augmented\caries_0_8194.jpeg,Caries,0,1
C:\lab-hackathon\dataset\yolo_bbox\images\train\(146).jpg,Gingivitis,2,0
C:\lab-hackathon\dataset\yolo_bbox\images\train\600.jpg,Tooth Discoloration,3,0
C:\lab-hackathon\dataset\Caries\augmented\caries_0_3680.jpeg,Caries,0,1
C:\lab-hackathon\dataset\Gingivitis\(841).jpg,Gingivitis,2,0
C:\lab-hackathon\dataset\Caries\augmented\caries_0_1367.jpeg,Caries,0,1
C:\lab-hackathon\dataset\Tooth Discoloration\augmented\Tooth_Discoloration_0_1355.jpeg,Tooth Discoloration,3,1
C:\lab-hackathon\dataset\Gingivitis\(476).jpg,Gingivitis,2,0
C:\lab-hackathon\dataset\yolo_bbox\images\train\caries_0_3857.jpeg,Caries,0,0
C:\lab-hackathon\dataset\Ulcers\augmented\Mouth_Ulcer_0_9601.jpeg,Ulcers,4,1
C:\lab-hackathon\dataset\Ulcers\augmented\Mouth_Ulcer_0_2346.jpeg,Ulcers,4,1
C:\lab-hackathon\dataset\Ulcers\augmented\Mouth_Ulcer_0_6591.jpeg,Ulcers,4,1
C:\lab-hackathon\dataset\Gingivitis\(1521).jpg,Gingivitis,2,0
C:\lab-hackathon\dataset\Hypodontia\(381).JPG,Hypodontia,5,0
C:\lab-hackathon\dataset\Ulcers\original\223.jpg,Ulcers,4,0
C:\lab-hackathon\dataset\Ulcers\augmented\Mouth_Ulcer_0_301.jpeg,Ulcers,4,1
C:\lab-hackathon\dataset\yolo_bbox\images\train\122.jpg,Caries,0,0
C:\lab-hackathon\dataset\Calculus\(490).jpg,Calculus,1,0
C:\lab-hackathon\dataset\yolo_bbox\images\train\caries_0_4211.jpeg,Caries,0,0
C:\lab-hackathon\dataset\Ulcers\augmented\Mouth_Ulcer_0_7695.jpeg,Ulcers,4,1
C:\lab-hackathon\dataset\Gingivitis\(471).jpg,Gingivitis,2,0
C:\lab-hackathon\dataset\Tooth Discoloration\augmented\Tooth_Discoloration_0_3760.jpeg,Tooth Discoloration,3,1
C:\lab-hackathon\dataset\Gingivitis\(1874).jpg,Gingivitis,2,0
C:\lab-hackathon\dataset\Caries\augmented\caries_0_111.jpeg,Caries,0,1
C:\lab-hackathon\dataset\Tooth Discoloration\augmented\Tooth_Discoloration_0_8640.jpeg,Tooth Discoloration,3,1
C:\lab-hackathon\dataset\Gingivitis\(818).jpg,Gingivitis,2,0
C:\lab-hackathon\dataset\Ulcers\augmented\Mouth_Ulcer_0_5378.jpeg,Ulcers,4,1
C:\lab-hackathon\dataset\Gingivitis\(226).jpg,Gingivitis,2,0
C:\lab-hackathon\dataset\Caries\augmented\caries_0_6954.jpeg,Caries,0,1
C:\lab-hackathon\dataset\Caries\augmented\caries_0_5342.jpeg,Caries,0,1
C:\lab-hackathon\dataset\Caries\augmented\caries_0_726.jpeg,Caries,0,1
C:\lab-hackathon\dataset\Caries\augmented\caries_0_6907.jpeg,Caries,0,1
C:\lab-hackathon\dataset\Caries\augmented\caries_0_6847.jpeg,Caries,0,1
C:\lab-hackathon\dataset\Caries\original\105.jpg,Caries,0,0
C:\lab-hackathon\dataset\yolo_bbox\images\train\223.jpg,Ulcers,4,0
C:\lab-hackathon\dataset\Caries\original\101.jpg,Caries,0,0
C:\lab-hackathon\dataset\Tooth Discoloration\augmented\Tooth_Discoloration_0_8534.jpeg,Tooth Discoloration,3,1
C:\lab-hackathon\dataset\Tooth Discoloration\original\53.jpg,Tooth Discoloration,3,0
C:\lab-hackathon\dataset\Ulcers\original\99.jpg,Ulcers,4,0
C:\lab-hackathon\dataset\yolo_bbox\images\train\caries_0_4499.jpeg,Caries,0,0
C:\lab-hackathon\dataset\Tooth Discoloration\augmented\Tooth_Discoloration_0_8209.jpeg,Tooth Discoloration,3,1
C:\lab-hackathon\dataset\Caries\augmented\caries_0_7537.jpeg,Caries,0,1
C:\lab-hackathon\dataset\Ulcers\augmented\Mouth_Ulcer_0_4107.jpeg,Ulcers,4,1
C:\lab-hackathon\dataset\Hypodontia\(488).JPG,Hypodontia,5,0
C:\lab-hackathon\dataset\Gingivitis\(743).jpg,Gingivitis,2,0
C:\lab-hackathon\dataset\Caries\augmented\caries_0_3601.jpeg,Caries,0,1
C:\lab-hackathon\dataset\Calculus\(30).jpg,Calculus,1,0
C:\lab-hackathon\dataset\Calculus\(1196).jpg,Calculus,1,0
C:\lab-hackathon\dataset\Caries\augmented\caries_0_4749.jpeg,Caries,0,1
C:\lab-hackathon\dataset\Gingivitis\(1561).jpg,Gingivitis,2,0
C:\lab-hackathon\dataset\Ulcers\augmented\Mouth_Ulcer_0_256.jpeg,Ulcers,4,1
C:\lab-hackathon\dataset\Caries\augmented\caries_0_1252.jpeg,Caries,0,1
C:\lab-hackathon\dataset\Ulcers\augmented\Mouth_Ulcer_0_3759.jpeg,Ulcers,4,1
C:\lab-hackathon\dataset\Calculus\(780).jpg,Calculus,1,0
C:\lab-hackathon\dataset\yolo_bbox\images\train\caries_0_3995.jpeg,Caries,0,0
C:\lab-hackathon\dataset\Gingivitis\(2261).jpg,Gingivitis,2,0
C:\lab-hackathon\dataset\yolo_bbox\images\train\caries_0_4275.jpeg,Caries,0,0
C:\lab-hackathon\dataset\Calculus\(1177).jpg,Calculus,1,0
C:\lab-hackathon\dataset\Calculus\(85).jpg,Calculus,1,0
C:\lab-hackathon\dataset\Ulcers\augmented\Mouth_Ulcer_0_9101.jpeg,Ulcers,4,1
C:\lab-hackathon\dataset\Caries\augmented\caries_0_9020.jpeg,Caries,0,1
C:\lab-hackathon\dataset\Gingivitis\(1936).jpg,Gingivitis,2,0
C:\lab-hackathon\dataset\Hypodontia\(1074).JPG,Hypodontia,5,0
C:\lab-hackathon\dataset\Hypodontia\(1163).JPG,Hypodontia,5,0
C:\lab-hackathon\dataset\Tooth Discoloration\augmented\Tooth_Discoloration_0_6773.jpeg,Tooth Discoloration,3,1
C:\lab-hackathon\dataset\Tooth Discoloration\original\54.jpg,Tooth Discoloration,3,0
C:\lab-hackathon\dataset\Gingivitis\(2075).jpg,Gingivitis,2,0
C:\lab-hackathon\dataset\Ulcers\augmented\Mouth_Ulcer_0_1765.jpeg,Ulcers,4,1
C:\lab-hackathon\dataset\Calculus\(1272).jpg,Calculus,1,0
C:\lab-hackathon\dataset\Hypodontia\(876).JPG,Hypodontia,5,0
C:\lab-hackathon\dataset\Tooth Discoloration\original\112.jpg,Tooth Discoloration,3,0
C:\lab-hackathon\dataset\Hypodontia\(544).jpg,Hypodontia,5,0
C:\lab-hackathon\dataset\Ulcers\augmented\Mouth_Ulcer_0_4425.jpeg,Ulcers,4,1
C:\lab-hackathon\dataset\Gingivitis\(1933).jpg,Gingivitis,2,0
C:\lab-hackathon\dataset\yolo_bbox\images\train\caries_0_4423.jpeg,Caries,0,0
C:\lab-hackathon\dataset\Ulcers\augmented\Mouth_Ulcer_0_2741.jpeg,Ulcers,4,1
C:\lab-hackathon\dataset\yolo_bbox\images\train\caries_0_4207.jpeg,Caries,0,0
C:\lab-hackathon\dataset\yolo_bbox\images\train\63.jpg,Caries,0,0
C:\lab-hackathon\dataset\Gingivitis\(1263).jpg,Gingivitis,2,0
C:\lab-hackathon\dataset\Caries\augmented\caries_0_5185.jpeg,Caries,0,1
C:\lab-hackathon\dataset\Calculus\(335).jpg,Calculus,1,0
C:\lab-hackathon\dataset\Caries\augmented\caries_0_3521.jpeg,Caries,0,1
C:\lab-hackathon\dataset\Ulcers\augmented\Mouth_Ulcer_0_4829.jpeg,Ulcers,4,1
C:\lab-hackathon\dataset\Tooth Discoloration\original\172.jpg,Tooth Discoloration,3,0
C:\lab-hackathon\dataset\Calculus\(803).jpg,Calculus,1,0
C:\lab-hackathon\dataset\yolo_bbox\images\train\168.jpg,Caries,0,0
C:\lab-hackathon\dataset\Hypodontia\(147).JPG,Hypodontia,5,0
C:\lab-hackathon\dataset\yolo_bbox\images\train\263.jpg,Ulcers,4,0
C:\lab-hackathon\dataset\Gingivitis\(1688).jpg,Gingivitis,2,0
C:\lab-hackathon\dataset\Calculus\(1260).jpg,Calculus,1,0
C:\lab-hackathon\dataset\yolo_bbox\images\train\caries_0_3757.jpeg,Caries,0,0
C:\lab-hackathon\dataset\Gingivitis\(1588).jpg,Gingivitis,2,0
C:\lab-hackathon\dataset\Ulcers\augmented\Mouth_Ulcer_0_7536.jpeg,Ulcers,4,1
C:\lab-hackathon\dataset\Caries\augmented\caries_0_5816.jpeg,Caries,0,1
C:\lab-hackathon\dataset\Gingivitis\(422).jpg,Gingivitis,2,0
C:\lab-hackathon\dataset\Hypodontia\(644).JPG,Hypodontia,5,0
C:\lab-hackathon\dataset\Gingivitis\(2201).jpg,Gingivitis,2,0
C:\lab-hackathon\dataset\yolo_bbox\images\train\caries_0_230.jpeg,Caries,0,0
C:\lab-hackathon\dataset\Tooth Discoloration\augmented\Tooth_Discoloration_0_7842.jpeg,Tooth Discoloration,3,1
C:\lab-hackathon\dataset\Gingivitis\(1161).jpg,Gingivitis,2,0
C:\lab-hackathon\dataset\Gingivitis\(2215).jpg,Gingivitis,2,0
C:\lab-hackathon\dataset\Ulcers\augmented\Mouth_Ulcer_0_1299.jpeg,Ulcers,4,1
C:\lab-hackathon\dataset\Tooth Discoloration\augmented\Tooth_Discoloration_0_9968.jpeg,Tooth Discoloration,3,1
C:\lab-hackathon\dataset\yolo_bbox\images\train\561.jpg,Tooth Discoloration,3,0
C:\lab-hackathon\dataset\Ulcers\original\158.jpg,Ulcers,4,0
C:\lab-hackathon\dataset\Calculus\(1153).jpg,Calculus,1,0
C:\lab-hackathon\dataset\Hypodontia\(1149).JPG,Hypodontia,5,0
C:\lab-hackathon\dataset\Caries\original\162.jpg,Caries,0,0
C:\lab-hackathon\dataset\Hypodontia\(701).JPG,Hypodontia,5,0
C:\lab-hackathon\dataset\yolo_bbox\images\train\188.jpg,Caries,0,0
C:\lab-hackathon\dataset\Calculus\(1224).jpg,Calculus,1,0
C:\lab-hackathon\dataset\yolo_bbox\images\train\(103).jpg,Gingivitis,2,0
C:\lab-hackathon\dataset\Calculus\(1212).jpg,Calculus,1,0
C:\lab-hackathon\dataset\yolo_bbox\images\train\519.jpg,Tooth Discoloration,3,0
C:\lab-hackathon\dataset\Hypodontia\(969).jpg,Hypodontia,5,0
C:\lab-hackathon\dataset\Caries\augmented\caries_0_3540.jpeg,Caries,0,1
C:\lab-hackathon\dataset\Hypodontia\(72).JPG,Hypodontia,5,0
C:\lab-hackathon\dataset\yolo_bbox\images\train\caries_0_4303.jpeg,Caries,0,0
C:\lab-hackathon\dataset\Calculus\(971).jpg,Calculus,1,0
C:\lab-hackathon\dataset\Calculus\(929).jpg,Calculus,1,0
C:\lab-hackathon\dataset\Gingivitis\(86).jpg,Gingivitis,2,0
C:\lab-hackathon\dataset\Ulcers\augmented\Mouth_Ulcer_0_7389.jpeg,Ulcers,4,1
C:\lab-hackathon\dataset\Hypodontia\(244).jpg,Hypodontia,5,0
C:\lab-hackathon\dataset\yolo_bbox\images\train\caries_0_3521.jpeg,Caries,0,0
C:\lab-hackathon\dataset\Gingivitis\(1231).jpg,Gingivitis,2,0
C:\lab-hackathon\dataset\Gingivitis\(104).jpg,Gingivitis,2,0
C:\lab-hackathon\dataset\Caries\augmented\caries_0_5612.jpeg,Caries,0,1
C:\lab-hackathon\dataset\Hypodontia\(165).JPG,Hypodontia,5,0
C:\lab-hackathon\dataset\yolo_bbox\images\train\caries_0_3892.jpeg,Caries,0,0
C:\lab-hackathon\dataset\Calculus\(320).jpg,Calculus,1,0
C:\lab-hackathon\dataset\Gingivitis\(790).jpg,Gingivitis,2,0
C:\lab-hackathon\dataset\yolo_bbox\images\train\caries_0_3671.jpeg,Caries,0,0
C:\lab-hackathon\dataset\yolo_bbox\images\train\375.jpg,Ulcers,4,0
C:\lab-hackathon\dataset\yolo_bbox\images\train\caries_0_4245.jpeg,Caries,0,0
C:\lab-hackathon\dataset\Hypodontia\(861).JPG,Hypodontia,5,0
C:\lab-hackathon\dataset\yolo_bbox\images\train\553.jpg,Tooth Discoloration,3,0
C:\lab-hackathon\dataset\Ulcers\augmented\Mouth_Ulcer_0_8237.jpeg,Ulcers,4,1
C:\lab-hackathon\dataset\Hypodontia\(706).JPG,Hypodontia,5,0
C:\lab-hackathon\dataset\yolo_bbox\images\train\caries_0_3721.jpeg,Caries,0,0
C:\lab-hackathon\dataset\Hypodontia\(1171).JPG,Hypodontia,5,0
C:\lab-hackathon\dataset\Gingivitis\(1978).jpg,Gingivitis,2,0
C:\lab-hackathon\dataset\Tooth Discoloration\original\3.jpg,Tooth Discoloration,3,0
C:\lab-hackathon\dataset\Caries\augmented\caries_0_3682.jpeg,Caries,0,1
C:\lab-hackathon\dataset\Gingivitis\(1455).jpg,Gingivitis,2,0
C:\lab-hackathon\dataset\Tooth Discoloration\original\8.jpg,Tooth Discoloration,3,0
C:\lab-hackathon\dataset\yolo_bbox\images\train\caries_0_650.jpeg,Ulcers,4,0
C:\lab-hackathon\dataset\yolo_bbox\images\train\(166).jpg,Gingivitis,2,0
C:\lab-hackathon\dataset\Calculus\(951).jpg,Calculus,1,0
C:\lab-hackathon\dataset\yolo_bbox\images\train\caries_0_3680.jpeg,Caries,0,0
C:\lab-hackathon\dataset\Caries\original\187.jpg,Caries,0,0
C:\lab-hackathon\dataset\Calculus\(614).jpg,Calculus,1,0
C:\lab-hackathon\dataset\Calculus\(333).jpg,Calculus,1,0
C:\lab-hackathon\dataset\Ulcers\augmented\Mouth_Ulcer_0_2516.jpeg,Ulcers,4,1
C:\lab-hackathon\dataset\Caries\augmented\caries_0_6630.jpeg,Caries,0,1
C:\lab-hackathon\dataset\Calculus\(928).jpg,Calculus,1,0
C:\lab-hackathon\dataset\Hypodontia\(1109).jpg,Hypodontia,5,0
C:\lab-hackathon\dataset\Gingivitis\(585).jpg,Gingivitis,2,0
C:\lab-hackathon\dataset\Hypodontia\(260).jpg,Hypodontia,5,0
C:\lab-hackathon\dataset\Calculus\(411).jpg,Calculus,1,0
C:\lab-hackathon\dataset\Caries\original\109.jpg,Caries,0,0
C:\lab-hackathon\dataset\Tooth Discoloration\augmented\Tooth_Discoloration_0_8625.jpeg,Tooth Discoloration,3,1
C:\lab-hackathon\dataset\Ulcers\original\196.jpg,Ulcers,4,0
C:\lab-hackathon\dataset\Ulcers\augmented\Mouth_Ulcer_0_7280.jpeg,Ulcers,4,1
C:\lab-hackathon\dataset\Gingivitis\(314).jpg,Gingivitis,2,0
C:\lab-hackathon\dataset\Gingivitis\(2217).jpg,Gingivitis,2,0
C:\lab-hackathon\dataset\yolo_bbox\images\train\caries_0_4380.jpeg,Caries,0,0
C:\lab-hackathon\dataset\yolo_bbox\images\train\caries_0_3307.jpeg,Caries,0,0
C:\lab-hackathon\dataset\Caries\augmented\caries_0_6409.jpeg,Caries,0,1
C:\lab-hackathon\dataset\Ulcers\augmented\Mouth_Ulcer_0_5971.jpeg,Ulcers,4,1
C:\lab-hackathon\dataset\Caries\augmented\caries_0_7630.jpeg,Caries,0,1
C:\lab-hackathon\dataset\yolo_bbox\images\train\caries_0_5115.jpeg,Caries,0,0
C:\lab-hackathon\dataset\Caries\original\153.jpg,Caries,0,0
C:\lab-hackathon\dataset\Tooth Discoloration\original\38.jpg,Tooth Discoloration,3,0
C:\lab-hackathon\dataset\yolo_bbox\images\train\93.jpg,Caries,0,0
C:\lab-hackathon\dataset\Gingivitis\(986).jpg,Gingivitis,2,0
C:\lab-hackathon\dataset\Ulcers\augmented\Mouth_Ulcer_0_3468.jpeg,Ulcers,4,1
C:\lab-hackathon\dataset\Hypodontia\(1116).JPG,Hypodontia,5,0
C:\lab-hackathon\dataset\Ulcers\augmented\Mouth_Ulcer_0_6966.jpeg,Ulcers,4,1
C:\lab-hackathon\dataset\Tooth Discoloration\original\93.jpg,Tooth Discoloration,3,0
C:\lab-hackathon\dataset\Ulcers\augmented\Mouth_Ulcer_0_411.jpeg,Ulcers,4,1
C:\lab-hackathon\dataset\Hypodontia\(773).JPG,Hypodontia,5,0
C:\lab-hackathon\dataset\Gingivitis\(1745).jpg,Gingivitis,2,0
C:\lab-hackathon\dataset\Ulcers\augmented\Mouth_Ulcer_0_6959.jpeg,Ulcers,4,1
C:\lab-hackathon\dataset\Caries\augmented\caries_0_1576.jpeg,Caries,0,1
C:\lab-hackathon\dataset\Hypodontia\(1153).JPG,Hypodontia,5,0
C:\lab-hackathon\dataset\Gingivitis\(1534).jpg,Gingivitis,2,0
C:\lab-hackathon\dataset\Tooth Discoloration\augmented\Tooth_Discoloration_0_2575.jpeg,Tooth Discoloration,3,1
C:\lab-hackathon\dataset\Gingivitis\(1863).jpg,Gingivitis,2,0
C:\lab-hackathon\dataset\Caries\original\135.jpg,Caries,0,0
C:\lab-hackathon\dataset\Caries\augmented\caries_0_6578.jpeg,Caries,0,1
C:\lab-hackathon\dataset\Tooth Discoloration\augmented\Tooth_Discoloration_0_432.jpeg,Tooth Discoloration,3,1
C:\lab-hackathon\dataset\Tooth Discoloration\augmented\Tooth_Discoloration_0_6866.jpeg,Tooth Discoloration,3,1
C:\lab-hackathon\dataset\Ulcers\augmented\Mouth_Ulcer_0_516.jpeg,Ulcers,4,1
C:\lab-hackathon\dataset\yolo_bbox\images\train\135.jpg,Caries,0,0
C:\lab-hackathon\dataset\Gingivitis\(1068).jpg,Gingivitis,2,0
C:\lab-hackathon\dataset\yolo_bbox\images\train\caries_0_3588.jpeg,Ulcers,4,0
C:\lab-hackathon\dataset\Caries\original\57.jpg,Caries,0,0
C:\lab-hackathon\dataset\Gingivitis\(996).jpg,Gingivitis,2,0
C:\lab-hackathon\dataset\yolo_bbox\images\train\511.jpg,Tooth Discoloration,3,0
C:\lab-hackathon\dataset\Gingivitis\(1592).jpg,Gingivitis,2,0
C:\lab-hackathon\dataset\Calculus\(419).jpg,Calculus,1,0
C:\lab-hackathon\dataset\Hypodontia\(768).JPG,Hypodontia,5,0
C:\lab-hackathon\dataset\Gingivitis\(64).jpg,Gingivitis,2,0
C:\lab-hackathon\dataset\yolo_bbox\images\train\(68).jpg,Gingivitis,2,0
C:\lab-hackathon\dataset\Ulcers\augmented\Mouth_Ulcer_0_1202.jpeg,Ulcers,4,1
C:\lab-hackathon\dataset\Tooth Discoloration\augmented\Tooth_Discoloration_0_1456.jpeg,Tooth Discoloration,3,1
C:\lab-hackathon\dataset\Ulcers\original\186.jpg,Ulcers,4,0
C:\lab-hackathon\dataset\Tooth Discoloration\original\137.jpg,Tooth Discoloration,3,0
C:\lab-hackathon\dataset\Hypodontia\(578).JPG,Hypodontia,5,0
C:\lab-hackathon\dataset\Gingivitis\(148).jpg,Gingivitis,2,0
C:\lab-hackathon\dataset\yolo_bbox\images\train\354.jpg,Ulcers,4,0
C:\lab-hackathon\dataset\Ulcers\augmented\Mouth_Ulcer_0_7701.jpeg,Ulcers,4,1
C:\lab-hackathon\dataset\Calculus\(948).jpg,Calculus,1,0
C:\lab-hackathon\dataset\Calculus\(1054).jpg,Calculus,1,0
C:\lab-hackathon\dataset\Hypodontia\(264).jpg,Hypodontia,5,0
C:\lab-hackathon\dataset\yolo_bbox\images\train\549.jpg,Tooth Discoloration,3,0
C:\lab-hackathon\dataset\Tooth Discoloration\augmented\Tooth_Discoloration_0_8013.jpeg,Tooth Discoloration,3,1
C:\lab-hackathon\dataset\Ulcers\original\156.jpg,Ulcers,4,0
C:\lab-hackathon\dataset\Calculus\(910).jpg,Calculus,1,0
C:\lab-hackathon\dataset\Tooth Discoloration\augmented\Tooth_Discoloration_0_7698.jpeg,Tooth Discoloration,3,1
C:\lab-hackathon\dataset\yolo_bbox\images\train\caries_0_417.jpeg,Caries,0,0
C:\lab-hackathon\dataset\Caries\original\206.jpg,Caries,0,0
C:\lab-hackathon\dataset\Calculus\(1076).jpg,Calculus,1,0
C:\lab-hackathon\dataset\yolo_bbox\images\train\(206).jpg,Gingivitis,2,0
C:\lab-hackathon\dataset\Hypodontia\(1121).JPG,Hypodontia,5,0
C:\lab-hackathon\dataset\Caries\augmented\caries_0_3587.jpeg,Caries,0,1
C:\lab-hackathon\dataset\yolo_bbox\images\train\202.jpg,Caries,0,0
C:\lab-hackathon\dataset\Hypodontia\(195).JPG,Hypodontia,5,0
C:\lab-hackathon\dataset\yolo_bbox\images\train\545.jpg,Tooth Discoloration,3,0
C:\lab-hackathon\dataset\yolo_bbox\images\train\35.jpg,Caries,0,0
C:\lab-hackathon\dataset\Ulcers\augmented\Mouth_Ulcer_0_8902.jpeg,Ulcers,4,1
C:\lab-hackathon\dataset\Caries\original\18.jpg,Caries,0,0
C:\lab-hackathon\dataset\Tooth Discoloration\augmented\Tooth_Discoloration_0_1301.jpeg,Tooth Discoloration,3,1
C:\lab-hackathon\dataset\yolo_bbox\images\train\406.jpg,Ulcers,4,0
C:\lab-hackathon\dataset\Caries\augmented\caries_0_5876.jpeg,Caries,0,1
C:\lab-hackathon\dataset\yolo_bbox\images\train\caries_0_56.jpeg,Caries,0,0
C:\lab-hackathon\dataset\Tooth Discoloration\augmented\Tooth_Discoloration_0_5368.jpeg,Tooth Discoloration,3,1
C:\lab-hackathon\dataset\Calculus\(935).jpg,Calculus,1,0
C:\lab-hackathon\dataset\yolo_bbox\images\train\caries_0_4268.jpeg,Caries,0,0
C:\lab-hackathon\dataset\Gingivitis\(2216).jpg,Gingivitis,2,0
C:\lab-hackathon\dataset\Gingivitis\(1164).jpg,Gingivitis,2,0
C:\lab-hackathon\dataset\Hypodontia\(87).jpg,Hypodontia,5,0
C:\lab-hackathon\dataset\Gingivitis\(2101).jpg,Gingivitis,2,0
C:\lab-hackathon\dataset\Tooth Discoloration\augmented\Tooth_Discoloration_0_3797.jpeg,Tooth Discoloration,3,1
C:\lab-hackathon\dataset\Hypodontia\(353).JPG,Hypodontia,5,0
C:\lab-hackathon\dataset\Ulcers\original\177.jpg,Ulcers,4,0
C:\lab-hackathon\dataset\Ulcers\augmented\Mouth_Ulcer_0_9518.jpeg,Ulcers,4,1
C:\lab-hackathon\dataset\Gingivitis\(196).jpg,Gingivitis,2,0
C:\lab-hackathon\dataset\Calculus\(800).jpg,Calculus,1,0
C:\lab-hackathon\dataset\Hypodontia\(600).JPG,Hypodontia,5,0
C:\lab-hackathon\dataset\Tooth Discoloration\original\109.jpg,Tooth Discoloration,3,0
C:\lab-hackathon\dataset\Hypodontia\(305).JPG,Hypodontia,5,0
C:\lab-hackathon\dataset\yolo_bbox\images\train\(39).jpg,Gingivitis,2,0
C:\lab-hackathon\dataset\Calculus\(1207).jpg,Calculus,1,0
C:\lab-hackathon\dataset\Gingivitis\(1726).jpg,Gingivitis,2,0
C:\lab-hackathon\dataset\Gingivitis\(1066).jpg,Gingivitis,2,0
C:\lab-hackathon\dataset\yolo_bbox\images\train\258.jpg,Ulcers,4,0
C:\lab-hackathon\dataset\yolo_bbox\images\train\159.jpg,Caries,0,0
C:\lab-hackathon\dataset\yolo_bbox\images\train\387.jpg,Ulcers,4,0
C:\lab-hackathon\dataset\yolo_bbox\images\train\(106).jpg,Gingivitis,2,0
C:\lab-hackathon\dataset\Ulcers\augmented\Mouth_Ulcer_0_3467.jpeg,Ulcers,4,1
C:\lab-hackathon\dataset\yolo_bbox\images\train\268.jpg,Ulcers,4,0
C:\lab-hackathon\dataset\Caries\original\146.jpg,Caries,0,0
C:\lab-hackathon\dataset\Calculus\(350).jpg,Calculus,1,0
C:\lab-hackathon\dataset\yolo_bbox\images\train\(177).jpg,Gingivitis,2,0
C:\lab-hackathon\dataset\Hypodontia\(281).JPG,Hypodontia,5,0
C:\lab-hackathon\dataset\Tooth Discoloration\augmented\Tooth_Discoloration_0_732.jpeg,Tooth Discoloration,3,1
C:\lab-hackathon\dataset\Tooth Discoloration\original\56.jpg,Tooth Discoloration,3,0
C:\lab-hackathon\dataset\Gingivitis\(30).jpg,Gingivitis,2,0
C:\lab-hackathon\dataset\Gingivitis\(496).jpg,Gingivitis,2,0
C:\lab-hackathon\dataset\Calculus\(812).jpg,Calculus,1,0
C:\lab-hackathon\dataset\Gingivitis\(2208).jpg,Gingivitis,2,0
C:\lab-hackathon\dataset\yolo_bbox\images\train\(69).jpg,Gingivitis,2,0
C:\lab-hackathon\dataset\yolo_bbox\images\train\caries_0_521.jpeg,Caries,0,0
C:\lab-hackathon\dataset\Caries\augmented\caries_0_3696.jpeg,Caries,0,1
C:\lab-hackathon\dataset\yolo_bbox\images\train\274.jpg,Ulcers,4,0
C:\lab-hackathon\dataset\yolo_bbox\images\train\567.jpg,Tooth Discoloration,3,0
C:\lab-hackathon\dataset\yolo_bbox\images\train\(20).jpg,Gingivitis,2,0
C:\lab-hackathon\dataset\Hypodontia\(907).JPG,Hypodontia,5,0
C:\lab-hackathon\dataset\Caries\augmented\caries_0_4365.jpeg,Caries,0,1
C:\lab-hackathon\dataset\yolo_bbox\images\train\caries_0_5151.jpeg,Caries,0,0
C:\lab-hackathon\dataset\Gingivitis\(1041).jpg,Gingivitis,2,0
C:\lab-hackathon\dataset\Gingivitis\(815).jpg,Gingivitis,2,0
C:\lab-hackathon\dataset\Hypodontia\(918).JPG,Hypodontia,5,0
C:\lab-hackathon\dataset\Tooth Discoloration\original\48.jpg,Tooth Discoloration,3,0
C:\lab-hackathon\dataset\yolo_bbox\images\train\caries_0_4553.jpeg,Caries,0,0
C:\lab-hackathon\dataset\Hypodontia\(308).JPG,Hypodontia,5,0
C:\lab-hackathon\dataset\Gingivitis\(1498).jpg,Gingivitis,2,0
C:\lab-hackathon\dataset\Hypodontia\(46).JPG,Hypodontia,5,0
C:\lab-hackathon\dataset\Calculus\(264).jpg,Calculus,1,0
C:\lab-hackathon\dataset\yolo_bbox\images\train\caries_0_4293.jpeg,Caries,0,0
C:\lab-hackathon\dataset\Tooth Discoloration\augmented\Tooth_Discoloration_0_7458.jpeg,Tooth Discoloration,3,1
C:\lab-hackathon\dataset\yolo_bbox\images\train\292.jpg,Ulcers,4,0
C:\lab-hackathon\dataset\Ulcers\augmented\Mouth_Ulcer_0_2185.jpeg,Ulcers,4,1
C:\lab-hackathon\dataset\Tooth Discoloration\augmented\Tooth_Discoloration_0_2970.jpeg,Tooth Discoloration,3,1
C:\lab-hackathon\dataset\Ulcers\original\102.jpg,Ulcers,4,0
C:\lab-hackathon\dataset\Gingivitis\(1049).jpg,Gingivitis,2,0
C:\lab-hackathon\dataset\Gingivitis\(2281).jpg,Gingivitis,2,0
C:\lab-hackathon\dataset\yolo_bbox\images\train\(123).jpg,Gingivitis,2,0
C:\lab-hackathon\dataset\Tooth Discoloration\augmented\Tooth_Discoloration_0_9332.jpeg,Tooth Discoloration,3,1
C:\lab-hackathon\dataset\Calculus\(525).jpg,Calculus,1,0
C:\lab-hackathon\dataset\Ulcers\augmented\Mouth_Ulcer_0_5654.jpeg,Ulcers,4,1
C:\lab-hackathon\dataset\Tooth Discoloration\augmented\Tooth_Discoloration_0_3695.jpeg,Tooth Discoloration,3,1
C:\lab-hackathon\dataset\yolo_bbox\images\train\caries_0_3665.jpeg,Caries,0,0
C:\lab-hackathon\dataset\Hypodontia\(288).JPG,Hypodontia,5,0
C:\lab-hackathon\dataset\Caries\original\160.jpg,Caries,0,0
C:\lab-hackathon\dataset\Gingivitis\(1027).jpg,Gingivitis,2,0
C:\lab-hackathon\dataset\Calculus\(512).jpg,Calculus,1,0
C:\lab-hackathon\dataset\Hypodontia\(204).JPG,Hypodontia,5,0
C:\lab-hackathon\dataset\Gingivitis\(57).jpg,Gingivitis,2,0
C:\lab-hackathon\dataset\yolo_bbox\images\train\443.jpg,Ulcers,4,0
C:\lab-hackathon\dataset\yolo_bbox\images\train\caries_0_167.jpeg,Caries,0,0
C:\lab-hackathon\dataset\Tooth Discoloration\original\52.jpg,Tooth Discoloration,3,0
C:\lab-hackathon\dataset\Hypodontia\(543).jpg,Hypodontia,5,0
C:\lab-hackathon\dataset\Calculus\(1068).jpg,Calculus,1,0
C:\lab-hackathon\dataset\Tooth Discoloration\augmented\Tooth_Discoloration_0_9637.jpeg,Tooth Discoloration,3,1
C:\lab-hackathon\dataset\Gingivitis\(444).jpg,Gingivitis,2,0
C:\lab-hackathon\dataset\Gingivitis\(395).jpg,Gingivitis,2,0
C:\lab-hackathon\dataset\Hypodontia\(981).JPG,Hypodontia,5,0
C:\lab-hackathon\dataset\Caries\augmented\caries_0_9959.jpeg,Caries,0,1
C:\lab-hackathon\dataset\Caries\augmented\caries_0_1318.jpeg,Caries,0,1
C:\lab-hackathon\dataset\Tooth Discoloration\augmented\Tooth_Discoloration_0_786.jpeg,Tooth Discoloration,3,1
C:\lab-hackathon\dataset\Tooth Discoloration\augmented\Tooth_Discoloration_0_5855.jpeg,Tooth Discoloration,3,1
C:\lab-hackathon\dataset\Ulcers\augmented\Mouth_Ulcer_0_1078.jpeg,Ulcers,4,1
C:\lab-hackathon\dataset\Gingivitis\(1547).jpg,Gingivitis,2,0
C:\lab-hackathon\dataset\yolo_bbox\images\train\caries_0_3282.jpeg,Caries,0,0
C:\lab-hackathon\dataset\Gingivitis\(528).jpg,Gingivitis,2,0
C:\lab-hackathon\dataset\Ulcers\augmented\Mouth_Ulcer_0_4093.jpeg,Ulcers,4,1
C:\lab-hackathon\dataset\Gingivitis\(153).jpg,Gingivitis,2,0
C:\lab-hackathon\dataset\Gingivitis\(1806).jpg,Gingivitis,2,0
C:\lab-hackathon\dataset\yolo_bbox\images\train\caries_0_102.jpeg,Caries,0,0
C:\lab-hackathon\dataset\Ulcers\augmented\Mouth_Ulcer_0_5142.jpeg,Ulcers,4,1
C:\lab-hackathon\dataset\Gingivitis\(264).jpg,Gingivitis,2,0
C:\lab-hackathon\dataset\Calculus\(665).jpg,Calculus,1,0
C:\lab-hackathon\dataset\Gingivitis\(2245).jpg,Gingivitis,2,0
C:\lab-hackathon\dataset\Gingivitis\(2131).jpg,Gingivitis,2,0
C:\lab-hackathon\dataset\Gingivitis\(221).jpg,Gingivitis,2,0
C:\lab-hackathon\dataset\yolo_bbox\images\train\17.jpg,Caries,0,0
C:\lab-hackathon\dataset\Hypodontia\(562).JPG,Hypodontia,5,0
C:\lab-hackathon\dataset\Gingivitis\(517).jpg,Gingivitis,2,0
C:\lab-hackathon\dataset\Tooth Discoloration\original\146.jpg,Tooth Discoloration,3,0
C:\lab-hackathon\dataset\Gingivitis\(1145).jpg,Gingivitis,2,0
C:\lab-hackathon\dataset\Caries\augmented\caries_0_7027.jpeg,Caries,0,1
C:\lab-hackathon\dataset\Ulcers\original\16.jpg,Ulcers,4,0
C:\lab-hackathon\dataset\yolo_bbox\images\train\430.jpg,Ulcers,4,0
C:\lab-hackathon\dataset\Ulcers\augmented\Mouth_Ulcer_0_5376.jpeg,Ulcers,4,1
C:\lab-hackathon\dataset\Ulcers\augmented\Mouth_Ulcer_0_3975.jpeg,Ulcers,4,1
C:\lab-hackathon\dataset\yolo_bbox\images\train\caries_0_3300.jpeg,Caries,0,0
C:\lab-hackathon\dataset\Ulcers\augmented\Mouth_Ulcer_0_925.jpeg,Ulcers,4,1
C:\lab-hackathon\dataset\Gingivitis\(1538).jpg,Gingivitis,2,0
C:\lab-hackathon\dataset\Caries\augmented\caries_0_7062.jpeg,Caries,0,1
C:\lab-hackathon\dataset\Gingivitis\(1689).jpg,Gingivitis,2,0
C:\lab-hackathon\dataset\yolo_bbox\images\train\caries_0_3879.jpeg,Caries,0,0
C:\lab-hackathon\dataset\Gingivitis\(321).jpg,Gingivitis,2,0
C:\lab-hackathon\dataset\Caries\augmented\caries_0_3982.jpeg,Caries,0,1
C:\lab-hackathon\dataset\Tooth Discoloration\augmented\Tooth_Discoloration_0_6585.jpeg,Tooth Discoloration,3,1
C:\lab-hackathon\dataset\Caries\augmented\caries_0_5792.jpeg,Caries,0,1
C:\lab-hackathon\dataset\Ulcers\augmented\Mouth_Ulcer_0_1025.jpeg,Ulcers,4,1
C:\lab-hackathon\dataset\Gingivitis\(1622).jpg,Gingivitis,2,0
C:\lab-hackathon\dataset\Gingivitis\(214).jpg,Gingivitis,2,0
C:\lab-hackathon\dataset\Caries\augmented\caries_0_2763.jpeg,Caries,0,1
C:\lab-hackathon\dataset\yolo_bbox\images\train\caries_0_29.jpeg,Caries,0,0
C:\lab-hackathon\dataset\Caries\augmented\caries_0_6541.jpeg,Caries,0,1
C:\lab-hackathon\dataset\Gingivitis\(217).jpg,Gingivitis,2,0
C:\lab-hackathon\dataset\yolo_bbox\images\train\caries_0_5195.jpeg,Caries,0,0
C:\lab-hackathon\dataset\Ulcers\original\219.jpg,Ulcers,4,0
C:\lab-hackathon\dataset\Caries\augmented\caries_0_9518.jpeg,Caries,0,1
C:\lab-hackathon\dataset\Hypodontia\(731).JPG,Hypodontia,5,0
C:\lab-hackathon\dataset\Hypodontia\(1095).jpg,Hypodontia,5,0
C:\lab-hackathon\dataset\Gingivitis\(828).jpg,Gingivitis,2,0
C:\lab-hackathon\dataset\Gingivitis\(1327).jpg,Gingivitis,2,0
C:\lab-hackathon\dataset\Caries\augmented\caries_0_299.jpeg,Caries,0,1
C:\lab-hackathon\dataset\Caries\original\131.jpg,Caries,0,0
C:\lab-hackathon\dataset\Gingivitis\(383).jpg,Gingivitis,2,0
C:\lab-hackathon\dataset\Ulcers\augmented\Mouth_Ulcer_0_8968.jpeg,Ulcers,4,1
C:\lab-hackathon\dataset\Hypodontia\(857).JPG,Hypodontia,5,0
C:\lab-hackathon\dataset\yolo_bbox\images\train\95.jpg,Caries,0,0
C:\lab-hackathon\dataset\Caries\original\30.jpg,Caries,0,0
C:\lab-hackathon\dataset\Caries\augmented\caries_0_2130.jpeg,Caries,0,1
C:\lab-hackathon\dataset\Ulcers\augmented\Mouth_Ulcer_0_3617.jpeg,Ulcers,4,1
C:\lab-hackathon\dataset\yolo_bbox\images\train\533.jpg,Tooth Discoloration,3,0
C:\lab-hackathon\dataset\Hypodontia\(1130).JPG,Hypodontia,5,0
C:\lab-hackathon\dataset\Gingivitis\(2141).jpg,Gingivitis,2,0
C:\lab-hackathon\dataset\yolo_bbox\images\train\caries_0_110.jpeg,Caries,0,0
C:\lab-hackathon\dataset\Gingivitis\(1339).jpg,Gingivitis,2,0
C:\lab-hackathon\dataset\Caries\augmented\caries_0_2033.jpeg,Caries,0,1
C:\lab-hackathon\dataset\yolo_bbox\images\train\(31).jpg,Gingivitis,2,0
C:\lab-hackathon\dataset\Calculus\(187).jpg,Calculus,1,0
C:\lab-hackathon\dataset\Gingivitis\(1591).jpg,Gingivitis,2,0
C:\lab-hackathon\dataset\Tooth Discoloration\augmented\Tooth_Discoloration_0_664.jpeg,Tooth Discoloration,3,1
C:\lab-hackathon\dataset\Hypodontia\(454).JPG,Hypodontia,5,0
C:\lab-hackathon\dataset\Calculus\(500).jpg,Calculus,1,0
C:\lab-hackathon\dataset\Caries\augmented\caries_0_2365.jpeg,Caries,0,1
C:\lab-hackathon\dataset\Gingivitis\(2272).jpg,Gingivitis,2,0
C:\lab-hackathon\dataset\Gingivitis\(237).jpg,Gingivitis,2,0
C:\lab-hackathon\dataset\Ulcers\augmented\Mouth_Ulcer_0_1860.jpeg,Ulcers,4,1
C:\lab-hackathon\dataset\Ulcers\augmented\Mouth_Ulcer_0_981.jpeg,Ulcers,4,1
C:\lab-hackathon\dataset\Calculus\(1044).jpg,Calculus,1,0
C:\lab-hackathon\dataset\yolo_bbox\images\train\caries_0_4329.jpeg,Caries,0,0
C:\lab-hackathon\dataset\Tooth Discoloration\original\87.jpg,Tooth Discoloration,3,0
C:\lab-hackathon\dataset\Gingivitis\(1276).jpg,Gingivitis,2,0
C:\lab-hackathon\dataset\Caries\augmented\caries_0_1180.jpeg,Caries,0,1
C:\lab-hackathon\dataset\yolo_bbox\images\train\caries_0_3360.jpeg,Caries,0,0
C:\lab-hackathon\dataset\Gingivitis\(1011).jpg,Gingivitis,2,0
C:\lab-hackathon\dataset\Hypodontia\(71).JPG,Hypodontia,5,0
C:\lab-hackathon\dataset\Caries\augmented\caries_0_6903.jpeg,Caries,0,1
C:\lab-hackathon\dataset\Hypodontia\(665).jpg,Hypodontia,5,0
C:\lab-hackathon\dataset\Gingivitis\(964).jpg,Gingivitis,2,0
C:\lab-hackathon\dataset\Ulcers\original\79.jpg,Ulcers,4,0
C:\lab-hackathon\dataset\Hypodontia\(293).JPG,Hypodontia,5,0
C:\lab-hackathon\dataset\Calculus\(293).jpg,Calculus,1,0
C:\lab-hackathon\dataset\Caries\augmented\caries_0_4202.jpeg,Caries,0,1
C:\lab-hackathon\dataset\Hypodontia\(874).JPG,Hypodontia,5,0
C:\lab-hackathon\dataset\Caries\augmented\caries_0_991.jpeg,Caries,0,1
C:\lab-hackathon\dataset\Gingivitis\(1429).jpg,Gingivitis,2,0
C:\lab-hackathon\dataset\Gingivitis\(969).jpg,Gingivitis,2,0
C:\lab-hackathon\dataset\Gingivitis\(1275).jpg,Gingivitis,2,0
C:\lab-hackathon\dataset\Ulcers\original\234.jpg,Ulcers,4,0
C:\lab-hackathon\dataset\Calculus\(353).jpg,Calculus,1,0
C:\lab-hackathon\dataset\Gingivitis\(940).jpg,Gingivitis,2,0
C:\lab-hackathon\dataset\yolo_bbox\images\train\478.jpg,Tooth Discoloration,3,0
C:\lab-hackathon\dataset\Caries\augmented\caries_0_9806.jpeg,Caries,0,1
C:\lab-hackathon\dataset\Tooth Discoloration\augmented\Tooth_Discoloration_0_6622.jpeg,Tooth Discoloration,3,1
C:\lab-hackathon\dataset\yolo_bbox\images\train\caries_0_4446.jpeg,Caries,0,0
C:\lab-hackathon\dataset\Tooth Discoloration\augmented\Tooth_Discoloration_0_9721.jpeg,Tooth Discoloration,3,1
C:\lab-hackathon\dataset\yolo_bbox\images\train\caries_0_4500.jpeg,Caries,0,0
C:\lab-hackathon\dataset\Calculus\(989).jpg,Calculus,1,0
C:\lab-hackathon\dataset\Ulcers\original\81.jpg,Ulcers,4,0
C:\lab-hackathon\dataset\Calculus\(1155).jpg,Calculus,1,0
C:\lab-hackathon\dataset\Tooth Discoloration\augmented\Tooth_Discoloration_0_4890.jpeg,Tooth Discoloration,3,1
C:\lab-hackathon\dataset\Ulcers\augmented\Mouth_Ulcer_0_5470.jpeg,Ulcers,4,1
C:\lab-hackathon\dataset\Calculus\(114).jpg,Calculus,1,0
C:\lab-hackathon\dataset\Gingivitis\(738).jpg,Gingivitis,2,0
C:\lab-hackathon\dataset\yolo_bbox\images\train\caries_0_95.jpeg,Caries,0,0
C:\lab-hackathon\dataset\Gingivitis\(36).jpg,Gingivitis,2,0
C:\lab-hackathon\dataset\yolo_bbox\images\train\381.jpg,Ulcers,4,0
C:\lab-hackathon\dataset\Gingivitis\(397).jpg,Gingivitis,2,0
C:\lab-hackathon\dataset\Caries\augmented\caries_0_1597.jpeg,Caries,0,1
C:\lab-hackathon\dataset\Calculus\(540).jpg,Calculus,1,0
C:\lab-hackathon\dataset\yolo_bbox\images\train\222.jpg,Ulcers,4,0
C:\lab-hackathon\dataset\Hypodontia\(374).JPG,Hypodontia,5,0
C:\lab-hackathon\dataset\yolo_bbox\images\train\603.jpg,Tooth Discoloration,3,0
C:\lab-hackathon\dataset\yolo_bbox\images\train\(202).jpg,Gingivitis,2,0
C:\lab-hackathon\dataset\Gingivitis\(1344).jpg,Gingivitis,2,0
C:\lab-hackathon\dataset\Gingivitis\(2302).jpg,Gingivitis,2,0
C:\lab-hackathon\dataset\yolo_bbox\images\train\438.jpg,Ulcers,4,0
C:\lab-hackathon\dataset\Gingivitis\(1237).jpg,Gingivitis,2,0
C:\lab-hackathon\dataset\Gingivitis\(1165).jpg,Gingivitis,2,0
C:\lab-hackathon\dataset\Tooth Discoloration\augmented\Tooth_Discoloration_0_7712.jpeg,Tooth Discoloration,3,1
C:\lab-hackathon\dataset\Hypodontia\(1172).JPG,Hypodontia,5,0
C:\lab-hackathon\dataset\Calculus\(159).jpg,Calculus,1,0
C:\lab-hackathon\dataset\Tooth Discoloration\augmented\Tooth_Discoloration_0_3383.jpeg,Tooth Discoloration,3,1
C:\lab-hackathon\dataset\Ulcers\augmented\Mouth_Ulcer_0_8241.jpeg,Ulcers,4,1
C:\lab-hackathon\dataset\yolo_bbox\images\train\512.jpg,Tooth Discoloration,3,0
C:\lab-hackathon\dataset\yolo_bbox\images\train\120.jpg,Caries,0,0
C:\lab-hackathon\dataset\Calculus\(856).jpg,Calculus,1,0
C:\lab-hackathon\dataset\Calculus\(1223).jpg,Calculus,1,0
C:\lab-hackathon\dataset\Ulcers\augmented\Mouth_Ulcer_0_4309.jpeg,Ulcers,4,1
C:\lab-hackathon\dataset\Hypodontia\(670).JPG,Hypodontia,5,0
C:\lab-hackathon\dataset\Gingivitis\(893).jpg,Gingivitis,2,0
C:\lab-hackathon\dataset\Tooth Discoloration\augmented\Tooth_Discoloration_0_1390.jpeg,Tooth Discoloration,3,1
C:\lab-hackathon\dataset\yolo_bbox\images\train\caries_0_3975.jpeg,Caries,0,0
C:\lab-hackathon\dataset\Tooth Discoloration\augmented\Tooth_Discoloration_0_8118.jpeg,Tooth Discoloration,3,1
C:\lab-hackathon\dataset\yolo_bbox\images\train\82.jpg,Caries,0,0
C:\lab-hackathon\dataset\Gingivitis\(1314).jpg,Gingivitis,2,0
C:\lab-hackathon\dataset\Gingivitis\(291).jpg,Gingivitis,2,0
C:\lab-hackathon\dataset\yolo_bbox\images\train\341.jpg,Ulcers,4,0
C:\lab-hackathon\dataset\Tooth Discoloration\augmented\Tooth_Discoloration_0_7901.jpeg,Tooth Discoloration,3,1
C:\lab-hackathon\dataset\Tooth Discoloration\augmented\Tooth_Discoloration_0_351.jpeg,Tooth Discoloration,3,1
C:\lab-hackathon\dataset\yolo_bbox\images\train\caries_0_4811.jpeg,Caries,0,0
C:\lab-hackathon\dataset\yolo_bbox\images\train\caries_0_3447.jpeg,Caries,0,0
C:\lab-hackathon\dataset\yolo_bbox\images\train\401.jpg,Ulcers,4,0
C:\lab-hackathon\dataset\yolo_bbox\images\train\528.jpg,Tooth Discoloration,3,0
C:\lab-hackathon\dataset\yolo_bbox\images\train\302.jpg,Ulcers,4,0
C:\lab-hackathon\dataset\Ulcers\augmented\Mouth_Ulcer_0_6428.jpeg,Ulcers,4,1
C:\lab-hackathon\dataset\yolo_bbox\images\train\107.jpg,Caries,0,0
C:\lab-hackathon\dataset\Ulcers\augmented\Mouth_Ulcer_0_8762.jpeg,Ulcers,4,1
C:\lab-hackathon\dataset\Hypodontia\(533).jpg,Hypodontia,5,0
C:\lab-hackathon\dataset\Gingivitis\(399).jpg,Gingivitis,2,0
C:\lab-hackathon\dataset\yolo_bbox\images\train\585.jpg,Tooth Discoloration,3,0
C:\lab-hackathon\dataset\Caries\augmented\caries_0_2702.jpeg,Caries,0,1
C:\lab-hackathon\dataset\Ulcers\augmented\Mouth_Ulcer_0_3640.jpeg,Ulcers,4,1
C:\lab-hackathon\dataset\Caries\augmented\caries_0_6951.jpeg,Caries,0,1
C:\lab-hackathon\dataset\Calculus\(416).jpg,Calculus,1,0
C:\lab-hackathon\dataset\Calculus\(220).jpg,Calculus,1,0
C:\lab-hackathon\dataset\Calculus\(88).jpg,Calculus,1,0
C:\lab-hackathon\dataset\Ulcers\augmented\Mouth_Ulcer_0_1887.jpeg,Ulcers,4,1
C:\lab-hackathon\dataset\Tooth Discoloration\augmented\Tooth_Discoloration_0_5603.jpeg,Tooth Discoloration,3,1
C:\lab-hackathon\dataset\Gingivitis\(519).jpg,Gingivitis,2,0
C:\lab-hackathon\dataset\Calculus\(615).jpg,Calculus,1,0
C:\lab-hackathon\dataset\yolo_bbox\images\train\caries_0_4716.jpeg,Caries,0,0
C:\lab-hackathon\dataset\Hypodontia\(267).jpg,Hypodontia,5,0
C:\lab-hackathon\dataset\Gingivitis\(1302).jpg,Gingivitis,2,0
C:\lab-hackathon\dataset\Caries\augmented\caries_0_4308.jpeg,Caries,0,1
C:\lab-hackathon\dataset\Ulcers\augmented\Mouth_Ulcer_0_220.jpeg,Ulcers,4,1
C:\lab-hackathon\dataset\Gingivitis\(619).jpg,Gingivitis,2,0
C:\lab-hackathon\dataset\Gingivitis\(1747).jpg,Gingivitis,2,0
C:\lab-hackathon\dataset\Tooth Discoloration\augmented\Tooth_Discoloration_0_1894.jpeg,Tooth Discoloration,3,1
C:\lab-hackathon\dataset\yolo_bbox\images\train\caries_0_215.jpeg,Caries,0,0
C:\lab-hackathon\dataset\Caries\augmented\caries_0_1800.jpeg,Caries,0,1
C:\lab-hackathon\dataset\Calculus\(756).jpg,Calculus,1,0
C:\lab-hackathon\dataset\Calculus\(776).jpg,Calculus,1,0
C:\lab-hackathon\dataset\Ulcers\augmented\Mouth_Ulcer_0_4247.jpeg,Ulcers,4,1
C:\lab-hackathon\dataset\Tooth Discoloration\original\23.jpg,Tooth Discoloration,3,0
C:\lab-hackathon\dataset\yolo_bbox\images\train\caries_0_5051.jpeg,Caries,0,0
C:\lab-hackathon\dataset\yolo_bbox\images\train\81.jpg,Caries,0,0
C:\lab-hackathon\dataset\Gingivitis\(1158).jpg,Gingivitis,2,0
C:\lab-hackathon\dataset\yolo_bbox\images\train\caries_0_4254.jpeg,Caries,0,0
C:\lab-hackathon\dataset\Gingivitis\(1958).jpg,Gingivitis,2,0
C:\lab-hackathon\dataset\Gingivitis\(2212).jpg,Gingivitis,2,0
C:\lab-hackathon\dataset\Gingivitis\(1390).jpg,Gingivitis,2,0
C:\lab-hackathon\dataset\Calculus\(392).jpg,Calculus,1,0
C:\lab-hackathon\dataset\Hypodontia\(885).JPG,Hypodontia,5,0
C:\lab-hackathon\dataset\yolo_bbox\images\train\518.jpg,Caries,0,0
C:\lab-hackathon\dataset\Gingivitis\(340).jpg,Gingivitis,2,0
C:\lab-hackathon\dataset\Hypodontia\(746).JPG,Hypodontia,5,0
C:\lab-hackathon\dataset\Hypodontia\(558).JPG,Hypodontia,5,0
C:\lab-hackathon\dataset\yolo_bbox\images\train\(139).jpg,Gingivitis,2,0
C:\lab-hackathon\dataset\Ulcers\augmented\Mouth_Ulcer_0_8689.jpeg,Ulcers,4,1
C:\lab-hackathon\dataset\Hypodontia\(955).jpg,Hypodontia,5,0
C:\lab-hackathon\dataset\Calculus\(1116).jpg,Calculus,1,0
C:\lab-hackathon\dataset\Caries\augmented\caries_0_7559.jpeg,Caries,0,1
C:\lab-hackathon\dataset\Calculus\(609).jpg,Calculus,1,0
C:\lab-hackathon\dataset\Hypodontia\(1187).JPG,Hypodontia,5,0
C:\lab-hackathon\dataset\Tooth Discoloration\augmented\Tooth_Discoloration_0_4860.jpeg,Tooth Discoloration,3,1
C:\lab-hackathon\dataset\Hypodontia\(1).JPG,Hypodontia,5,0
C:\lab-hackathon\dataset\Gingivitis\(1687).jpg,Gingivitis,2,0
C:\lab-hackathon\dataset\Gingivitis\(2143).jpg,Gingivitis,2,0
C:\lab-hackathon\dataset\Gingivitis\(1573).jpg,Gingivitis,2,0
C:\lab-hackathon\dataset\Caries\augmented\caries_0_5195.jpeg,Caries,0,1
C:\lab-hackathon\dataset\Tooth Discoloration\augmented\Tooth_Discoloration_0_2389.jpeg,Tooth Discoloration,3,1
C:\lab-hackathon\dataset\Tooth Discoloration\original\4.jpg,Tooth Discoloration,3,0
C:\lab-hackathon\dataset\Calculus\(400).jpg,Calculus,1,0
C:\lab-hackathon\dataset\yolo_bbox\images\train\caries_0_484.jpeg,Caries,0,0
C:\lab-hackathon\dataset\Gingivitis\(682).jpg,Gingivitis,2,0
C:\lab-hackathon\dataset\Gingivitis\(963).jpg,Gingivitis,2,0
C:\lab-hackathon\dataset\yolo_bbox\images\train\(182).jpg,Gingivitis,2,0
C:\lab-hackathon\dataset\Calculus\(208).jpg,Calculus,1,0
C:\lab-hackathon\dataset\Gingivitis\(2027).jpg,Gingivitis,2,0
C:\lab-hackathon\dataset\Gingivitis\(1954).jpg,Gingivitis,2,0
C:\lab-hackathon\dataset\Gingivitis\(454).jpg,Gingivitis,2,0
C:\lab-hackathon\dataset\Gingivitis\(1334).jpg,Gingivitis,2,0
C:\lab-hackathon\dataset\Ulcers\augmented\Mouth_Ulcer_0_9805.jpeg,Ulcers,4,1
C:\lab-hackathon\dataset\Hypodontia\(820).jpg,Hypodontia,5,0
C:\lab-hackathon\dataset\Hypodontia\(825).jpg,Hypodontia,5,0
C:\lab-hackathon\dataset\Gingivitis\(66).jpg,Gingivitis,2,0
C:\lab-hackathon\dataset\Ulcers\augmented\Mouth_Ulcer_0_4312.jpeg,Ulcers,4,1
C:\lab-hackathon\dataset\Calculus\(472).jpg,Calculus,1,0
C:\lab-hackathon\dataset\yolo_bbox\images\train\428.jpg,Ulcers,4,0
C:\lab-hackathon\dataset\Hypodontia\(949).JPG,Hypodontia,5,0
C:\lab-hackathon\dataset\Hypodontia\(103).JPG,Hypodontia,5,0
C:\lab-hackathon\dataset\yolo_bbox\images\train\caries_0_4025.jpeg,Caries,0,0
C:\lab-hackathon\dataset\Hypodontia\(652).JPG,Hypodontia,5,0
C:\lab-hackathon\dataset\Gingivitis\(2203).jpg,Gingivitis,2,0
C:\lab-hackathon\dataset\Ulcers\augmented\Mouth_Ulcer_0_9430.jpeg,Ulcers,4,1
C:\lab-hackathon\dataset\yolo_bbox\images\train\432.jpg,Ulcers,4,0
C:\lab-hackathon\dataset\yolo_bbox\images\train\caries_0_4496.jpeg,Caries,0,0
C:\lab-hackathon\dataset\Tooth Discoloration\augmented\Tooth_Discoloration_0_6593.jpeg,Tooth Discoloration,3,1
C:\lab-hackathon\dataset\Ulcers\augmented\Mouth_Ulcer_0_658.jpeg,Ulcers,4,1
C:\lab-hackathon\dataset\Gingivitis\(1081).jpg,Gingivitis,2,0
C:\lab-hackathon\dataset\Caries\augmented\caries_0_1571.jpeg,Caries,0,1
C:\lab-hackathon\dataset\Caries\original\32.jpg,Caries,0,0
C:\lab-hackathon\dataset\Tooth Discoloration\augmented\Tooth_Discoloration_0_2701.jpeg,Tooth Discoloration,3,1
C:\lab-hackathon\dataset\yolo_bbox\images\train\caries_0_4639.jpeg,Caries,0,0
C:\lab-hackathon\dataset\yolo_bbox\images\train\caries_0_3260.jpeg,Caries,0,0
C:\lab-hackathon\dataset\yolo_bbox\images\train\caries_0_416.jpeg,Caries,0,0
C:\lab-hackathon\dataset\Tooth Discoloration\augmented\Tooth_Discoloration_0_6346.jpeg,Tooth Discoloration,3,1
C:\lab-hackathon\dataset\Caries\augmented\caries_0_8117.jpeg,Caries,0,1
C:\lab-hackathon\dataset\Calculus\(530).jpg,Calculus,1,0
C:\lab-hackathon\dataset\Calculus\(906).jpg,Calculus,1,0
C:\lab-hackathon\dataset\Gingivitis\(1567).jpg,Gingivitis,2,0
C:\lab-hackathon\dataset\Hypodontia\(1098).jpg,Hypodontia,5,0
C:\lab-hackathon\dataset\Gingivitis\(1143).jpg,Gingivitis,2,0
C:\lab-hackathon\dataset\yolo_bbox\images\train\(3).jpg,Gingivitis,2,0
C:\lab-hackathon\dataset\Hypodontia\(608).JPG,Hypodontia,5,0
C:\lab-hackathon\dataset\yolo_bbox\images\train\caries_0_628.jpeg,Caries,0,0
C:\lab-hackathon\dataset\Gingivitis\(1441).jpg,Gingivitis,2,0
C:\lab-hackathon\dataset\Ulcers\augmented\Mouth_Ulcer_0_5347.jpeg,Ulcers,4,1
C:\lab-hackathon\dataset\Ulcers\augmented\Mouth_Ulcer_0_501.jpeg,Ulcers,4,1
C:\lab-hackathon\dataset\Calculus\(597).jpg,Calculus,1,0
C:\lab-hackathon\dataset\Gingivitis\(629).jpg,Gingivitis,2,0
C:\lab-hackathon\dataset\Caries\augmented\caries_0_8916.jpeg,Caries,0,1
C:\lab-hackathon\dataset\Calculus\(960).jpg,Calculus,1,0
C:\lab-hackathon\dataset\Gingivitis\(716).jpg,Gingivitis,2,0
C:\lab-hackathon\dataset\yolo_bbox\images\train\caries_0_356.jpeg,Caries,0,0
C:\lab-hackathon\dataset\Caries\augmented\caries_0_104.jpeg,Caries,0,1
C:\lab-hackathon\dataset\Hypodontia\(193).JPG,Hypodontia,5,0
C:\lab-hackathon\dataset\yolo_bbox\images\train\(135).jpg,Gingivitis,2,0
C:\lab-hackathon\dataset\Ulcers\augmented\Mouth_Ulcer_0_2567.jpeg,Ulcers,4,1
C:\lab-hackathon\dataset\Calculus\(300).jpg,Calculus,1,0
C:\lab-hackathon\dataset\Calculus\(1257).jpg,Calculus,1,0
C:\lab-hackathon\dataset\Ulcers\augmented\Mouth_Ulcer_0_4667.jpeg,Ulcers,4,1
C:\lab-hackathon\dataset\yolo_bbox\images\train\(42).jpg,Gingivitis,2,0
C:\lab-hackathon\dataset\yolo_bbox\images\train\caries_0_3587.jpeg,Caries,0,0
C:\lab-hackathon\dataset\yolo_bbox\images\train\(75).jpg,Gingivitis,2,0
C:\lab-hackathon\dataset\Ulcers\augmented\Mouth_Ulcer_0_2948.jpeg,Ulcers,4,1
C:\lab-hackathon\dataset\Gingivitis\(2008).jpg,Gingivitis,2,0
C:\lab-hackathon\dataset\Caries\augmented\caries_0_8391.jpeg,Caries,0,1
C:\lab-hackathon\dataset\Ulcers\augmented\Mouth_Ulcer_0_6051.jpeg,Ulcers,4,1
C:\lab-hackathon\dataset\yolo_bbox\images\train\caries_0_4970.jpeg,Caries,0,0
C:\lab-hackathon\dataset\Ulcers\augmented\Mouth_Ulcer_0_2208.jpeg,Ulcers,4,1
C:\lab-hackathon\dataset\Gingivitis\(186).jpg,Gingivitis,2,0
C:\lab-hackathon\dataset\Caries\augmented\caries_0_3588.jpeg,Caries,0,1
C:\lab-hackathon\dataset\Gingivitis\(1262).jpg,Gingivitis,2,0
C:\lab-hackathon\dataset\Gingivitis\(377).jpg,Gingivitis,2,0
C:\lab-hackathon\dataset\Caries\augmented\caries_0_3845.jpeg,Caries,0,1
C:\lab-hackathon\dataset\yolo_bbox\images\train\caries_0_3254.jpeg,Caries,0,0
C:\lab-hackathon\dataset\Gingivitis\(958).jpg,Gingivitis,2,0
C:\lab-hackathon\dataset\yolo_bbox\images\train\caries_0_5028.jpeg,Ulcers,4,0
C:\lab-hackathon\dataset\yolo_bbox\images\train\433.jpg,Ulcers,4,0
C:\lab-hackathon\dataset\Calculus\(961).jpg,Calculus,1,0
C:\lab-hackathon\dataset\Gingivitis\(610).jpg,Gingivitis,2,0
C:\lab-hackathon\dataset\Gingivitis\(1258).jpg,Gingivitis,2,0
C:\lab-hackathon\dataset\Gingivitis\(793).jpg,Gingivitis,2,0
C:\lab-hackathon\dataset\Hypodontia\(1251).JPG,Hypodontia,5,0
C:\lab-hackathon\dataset\Calculus\(765).jpg,Calculus,1,0
C:\lab-hackathon\dataset\yolo_bbox\images\train\caries_0_4654.jpeg,Caries,0,0
C:\lab-hackathon\dataset\Caries\augmented\caries_0_1134.jpeg,Caries,0,1
C:\lab-hackathon\dataset\Tooth Discoloration\augmented\Tooth_Discoloration_0_3246.jpeg,Tooth Discoloration,3,1
C:\lab-hackathon\dataset\Tooth Discoloration\original\135.jpg,Tooth Discoloration,3,0
C:\lab-hackathon\dataset\Caries\augmented\caries_0_2192.jpeg,Caries,0,1
C:\lab-hackathon\dataset\Ulcers\augmented\Mouth_Ulcer_0_3268.jpeg,Ulcers,4,1
C:\lab-hackathon\dataset\Calculus\(550).jpg,Calculus,1,0
C:\lab-hackathon\dataset\Ulcers\augmented\Mouth_Ulcer_0_7302.jpeg,Ulcers,4,1
C:\lab-hackathon\dataset\Hypodontia\(750).JPG,Hypodontia,5,0
C:\lab-hackathon\dataset\yolo_bbox\images\train\610.jpg,Tooth Discoloration,3,0
C:\lab-hackathon\dataset\Calculus\(26).jpg,Calculus,1,0
C:\lab-hackathon\dataset\Calculus\(1284).jpg,Calculus,1,0
C:\lab-hackathon\dataset\Calculus\(954).jpg,Calculus,1,0
C:\lab-hackathon\dataset\Ulcers\augmented\Mouth_Ulcer_0_3967.jpeg,Ulcers,4,1
C:\lab-hackathon\dataset\Tooth Discoloration\augmented\Tooth_Discoloration_0_5939.jpeg,Tooth Discoloration,3,1
C:\lab-hackathon\dataset\yolo_bbox\images\train\caries_0_3363.jpeg,Caries,0,0
C:\lab-hackathon\dataset\Ulcers\augmented\Mouth_Ulcer_0_9497.jpeg,Ulcers,4,1
C:\lab-hackathon\dataset\Gingivitis\(125).jpg,Gingivitis,2,0
C:\lab-hackathon\dataset\Gingivitis\(1827).jpg,Gingivitis,2,0
C:\lab-hackathon\dataset\Ulcers\augmented\Mouth_Ulcer_0_9821.jpeg,Ulcers,4,1
C:\lab-hackathon\dataset\Gingivitis\(1052).jpg,Gingivitis,2,0
C:\lab-hackathon\dataset\Ulcers\augmented\Mouth_Ulcer_0_8093.jpeg,Ulcers,4,1
C:\lab-hackathon\dataset\Hypodontia\(903).jpg,Hypodontia,5,0
C:\lab-hackathon\dataset\Caries\augmented\caries_0_9998.jpeg,Caries,0,1
C:\lab-hackathon\dataset\Gingivitis\(38).jpg,Gingivitis,2,0
C:\lab-hackathon\dataset\Ulcers\augmented\Mouth_Ulcer_0_7719.jpeg,Ulcers,4,1
C:\lab-hackathon\dataset\Gingivitis\(1841).jpg,Gingivitis,2,0
C:\lab-hackathon\dataset\Calculus\(709).jpg,Calculus,1,0
C:\lab-hackathon\dataset\yolo_bbox\images\train\caries_0_480.jpeg,Caries,0,0
C:\lab-hackathon\dataset\Calculus\(1182).jpg,Calculus,1,0
C:\lab-hackathon\dataset\Ulcers\augmented\Mouth_Ulcer_0_8283.jpeg,Ulcers,4,1
C:\lab-hackathon\dataset\Caries\augmented\caries_0_7579.jpeg,Caries,0,1
C:\lab-hackathon\dataset\Gingivitis\(169).jpg,Gingivitis,2,0
C:\lab-hackathon\dataset\yolo_bbox\images\train\caries_0_5046.jpeg,Caries,0,0
C:\lab-hackathon\dataset\Tooth Discoloration\augmented\Tooth_Discoloration_0_1939.jpeg,Tooth Discoloration,3,1
C:\lab-hackathon\dataset\yolo_bbox\images\train\(186).jpg,Gingivitis,2,0
C:\lab-hackathon\dataset\Tooth Discoloration\original\148.jpg,Tooth Discoloration,3,0
C:\lab-hackathon\dataset\yolo_bbox\images\train\caries_0_4687.jpeg,Caries,0,0
C:\lab-hackathon\dataset\yolo_bbox\images\train\(176).jpg,Gingivitis,2,0
C:\lab-hackathon\dataset\Gingivitis\(1813).jpg,Gingivitis,2,0
C:\lab-hackathon\dataset\yolo_bbox\images\train\caries_0_4528.jpeg,Caries,0,0
C:\lab-hackathon\dataset\Tooth Discoloration\augmented\Tooth_Discoloration_0_3104.jpeg,Tooth Discoloration,3,1
C:\lab-hackathon\dataset\Gingivitis\(1675).jpg,Gingivitis,2,0
C:\lab-hackathon\dataset\Caries\augmented\caries_0_1436.jpeg,Caries,0,1
C:\lab-hackathon\dataset\Caries\augmented\caries_0_7951.jpeg,Caries,0,1
C:\lab-hackathon\dataset\yolo_bbox\images\train\491.jpg,Tooth Discoloration,3,0
C:\lab-hackathon\dataset\Gingivitis\(229).jpg,Gingivitis,2,0
C:\lab-hackathon\dataset\Gingivitis\(2097).jpg,Gingivitis,2,0
C:\lab-hackathon\dataset\Hypodontia\(908).JPG,Hypodontia,5,0
C:\lab-hackathon\dataset\Caries\original\98.jpg,Caries,0,0
C:\lab-hackathon\dataset\Gingivitis\(2165).jpg,Gingivitis,2,0
C:\lab-hackathon\dataset\Calculus\(557).jpg,Calculus,1,0
C:\lab-hackathon\dataset\Caries\augmented\caries_0_3838.jpeg,Caries,0,1
C:\lab-hackathon\dataset\yolo_bbox\images\train\caries_0_4838.jpeg,Caries,0,0
C:\lab-hackathon\dataset\Hypodontia\(268).jpg,Hypodontia,5,0
C:\lab-hackathon\dataset\Gingivitis\(587).jpg,Gingivitis,2,0
C:\lab-hackathon\dataset\Gingivitis\(933).jpg,Gingivitis,2,0
C:\lab-hackathon\dataset\Gingivitis\(70).jpg,Gingivitis,2,0
C:\lab-hackathon\dataset\Caries\augmented\caries_0_1309.jpeg,Caries,0,1
C:\lab-hackathon\dataset\Hypodontia\(628).JPG,Hypodontia,5,0
C:\lab-hackathon\dataset\Ulcers\augmented\Mouth_Ulcer_0_9007.jpeg,Ulcers,4,1
C:\lab-hackathon\dataset\Ulcers\augmented\Mouth_Ulcer_0_8094.jpeg,Ulcers,4,1
C:\lab-hackathon\dataset\Calculus\(1034).jpg,Calculus,1,0
C:\lab-hackathon\dataset\Calculus\(481).jpg,Calculus,1,0
C:\lab-hackathon\dataset\Ulcers\augmented\Mouth_Ulcer_0_1837.jpeg,Ulcers,4,1
C:\lab-hackathon\dataset\yolo_bbox\images\train\caries_0_3863.jpeg,Caries,0,0
C:\lab-hackathon\dataset\Caries\augmented\caries_0_2599.jpeg,Caries,0,1
C:\lab-hackathon\dataset\Ulcers\augmented\Mouth_Ulcer_0_2616.jpeg,Ulcers,4,1
C:\lab-hackathon\dataset\yolo_bbox\images\train\20.jpg,Caries,0,0
C:\lab-hackathon\dataset\Ulcers\original\139.jpg,Ulcers,4,0
C:\lab-hackathon\dataset\Gingivitis\(1269).jpg,Gingivitis,2,0
C:\lab-hackathon\dataset\Calculus\(1119).jpg,Calculus,1,0
C:\lab-hackathon\dataset\Gingivitis\(184).jpg,Gingivitis,2,0
C:\lab-hackathon\dataset\Caries\augmented\caries_0_1301.jpeg,Caries,0,1
C:\lab-hackathon\dataset\Gingivitis\(896).jpg,Gingivitis,2,0
C:\lab-hackathon\dataset\Calculus\(455).jpg,Calculus,1,0
C:\lab-hackathon\dataset\Ulcers\augmented\Mouth_Ulcer_0_8814.jpeg,Ulcers,4,1
C:\lab-hackathon\dataset\Hypodontia\(1037).JPG,Hypodontia,5,0
C:\lab-hackathon\dataset\Caries\augmented\caries_0_9205.jpeg,Caries,0,1
C:\lab-hackathon\dataset\Caries\original\145.jpg,Caries,0,0
C:\lab-hackathon\dataset\Ulcers\augmented\Mouth_Ulcer_0_8807.jpeg,Ulcers,4,1
C:\lab-hackathon\dataset\Gingivitis\(108).jpg,Gingivitis,2,0
C:\lab-hackathon\dataset\Caries\augmented\caries_0_6494.jpeg,Caries,0,1
C:\lab-hackathon\dataset\Caries\augmented\caries_0_4000.jpeg,Caries,0,1
C:\lab-hackathon\dataset\Ulcers\augmented\Mouth_Ulcer_0_1151.jpeg,Ulcers,4,1
C:\lab-hackathon\dataset\Gingivitis\(1939).jpg,Gingivitis,2,0
C:\lab-hackathon\dataset\Ulcers\augmented\Mouth_Ulcer_0_7020.jpeg,Ulcers,4,1
C:\lab-hackathon\dataset\yolo_bbox\images\train\caries_0_469.jpeg,Caries,0,0
C:\lab-hackathon\dataset\Calculus\(1006).jpg,Calculus,1,0
C:\lab-hackathon\dataset\yolo_bbox\images\train\caries_0_256.jpeg,Caries,0,0
C:\lab-hackathon\dataset\Tooth Discoloration\augmented\Tooth_Discoloration_0_6092.jpeg,Tooth Discoloration,3,1
C:\lab-hackathon\dataset\Ulcers\augmented\Mouth_Ulcer_0_5825.jpeg,Ulcers,4,1
C:\lab-hackathon\dataset\Hypodontia\(313).JPG,Hypodontia,5,0
C:\lab-hackathon\dataset\Caries\augmented\caries_0_60.jpeg,Caries,0,1
C:\lab-hackathon\dataset\Calculus\(858).jpg,Calculus,1,0
C:\lab-hackathon\dataset\Caries\augmented\caries_0_6924.jpeg,Caries,0,1
C:\lab-hackathon\dataset\yolo_bbox\images\train\383.jpg,Ulcers,4,0
C:\lab-hackathon\dataset\Tooth Discoloration\augmented\Tooth_Discoloration_0_242.jpeg,Tooth Discoloration,3,1
C:\lab-hackathon\dataset\Gingivitis\(2089).jpg,Gingivitis,2,0
C:\lab-hackathon\dataset\Calculus\(777).jpg,Calculus,1,0
C:\lab-hackathon\dataset\Gingivitis\(2080).jpg,Gingivitis,2,0
C:\lab-hackathon\dataset\yolo_bbox\images\train\caries_0_4439.jpeg,Caries,0,0
C:\lab-hackathon\dataset\Ulcers\augmented\Mouth_Ulcer_0_2499.jpeg,Ulcers,4,1
C:\lab-hackathon\dataset\Tooth Discoloration\augmented\Tooth_Discoloration_0_6409.jpeg,Tooth Discoloration,3,1
C:\lab-hackathon\dataset\Calculus\(1250).jpg,Calculus,1,0
C:\lab-hackathon\dataset\Ulcers\augmented\Mouth_Ulcer_0_4110.jpeg,Ulcers,4,1
C:\lab-hackathon\dataset\Gingivitis\(1690).jpg,Gingivitis,2,0
C:\lab-hackathon\dataset\Caries\augmented\caries_0_3922.jpeg,Caries,0,1
C:\lab-hackathon\dataset\yolo_bbox\images\train\caries_0_3464.jpeg,Caries,0,0
C:\lab-hackathon\dataset\Tooth Discoloration\augmented\Tooth_Discoloration_0_8763.jpeg,Tooth Discoloration,3,1
C:\lab-hackathon\dataset\Calculus\(754).jpg,Calculus,1,0
C:\lab-hackathon\dataset\Calculus\(1203).jpg,Calculus,1,0
C:\lab-hackathon\dataset\Tooth Discoloration\original\81.jpg,Tooth Discoloration,3,0
C:\lab-hackathon\dataset\Gingivitis\(1015).jpg,Gingivitis,2,0
C:\lab-hackathon\dataset\Gingivitis\(2124).jpg,Gingivitis,2,0
C:\lab-hackathon\dataset\yolo_bbox\images\train\178.jpg,Caries,0,0
C:\lab-hackathon\dataset\Gingivitis\(1268).jpg,Gingivitis,2,0
C:\lab-hackathon\dataset\Hypodontia\(98).jpg,Hypodontia,5,0
C:\lab-hackathon\dataset\Caries\augmented\caries_0_5738.jpeg,Caries,0,1
C:\lab-hackathon\dataset\Ulcers\original\244.jpg,Ulcers,4,0
C:\lab-hackathon\dataset\Caries\augmented\caries_0_4320.jpeg,Caries,0,1
C:\lab-hackathon\dataset\yolo_bbox\images\train\448.jpg,Ulcers,4,0
C:\lab-hackathon\dataset\Calculus\(132).jpg,Calculus,1,0
C:\lab-hackathon\dataset\Tooth Discoloration\augmented\Tooth_Discoloration_0_5089.jpeg,Tooth Discoloration,3,1
C:\lab-hackathon\dataset\Caries\augmented\caries_0_3318.jpeg,Caries,0,1
C:\lab-hackathon\dataset\yolo_bbox\images\train\caries_0_3886.jpeg,Caries,0,0
C:\lab-hackathon\dataset\Ulcers\augmented\Mouth_Ulcer_0_939.jpeg,Ulcers,4,1
C:\lab-hackathon\dataset\Ulcers\augmented\Mouth_Ulcer_0_3779.jpeg,Ulcers,4,1
C:\lab-hackathon\dataset\Tooth Discoloration\augmented\Tooth_Discoloration_0_9493.jpeg,Tooth Discoloration,3,1
C:\lab-hackathon\dataset\Caries\original\93.jpg,Caries,0,0
C:\lab-hackathon\dataset\Gingivitis\(2144).jpg,Gingivitis,2,0
C:\lab-hackathon\dataset\Gingivitis\(1223).jpg,Gingivitis,2,0
C:\lab-hackathon\dataset\Hypodontia\(1085).jpg,Hypodontia,5,0
C:\lab-hackathon\dataset\yolo_bbox\images\train\caries_0_314.jpeg,Caries,0,0
C:\lab-hackathon\dataset\Hypodontia\(358).JPG,Hypodontia,5,0
C:\lab-hackathon\dataset\Gingivitis\(280).jpg,Gingivitis,2,0
C:\lab-hackathon\dataset\Tooth Discoloration\original\124.jpg,Tooth Discoloration,3,0
C:\lab-hackathon\dataset\Tooth Discoloration\augmented\Tooth_Discoloration_0_2044.jpeg,Tooth Discoloration,3,1
C:\lab-hackathon\dataset\Gingivitis\(204).jpg,Gingivitis,2,0
C:\lab-hackathon\dataset\Gingivitis\(1764).jpg,Gingivitis,2,0
C:\lab-hackathon\dataset\Gingivitis\(607).jpg,Gingivitis,2,0
C:\lab-hackathon\dataset\yolo_bbox\images\train\caries_0_499.jpeg,Caries,0,0
C:\lab-hackathon\dataset\Gingivitis\(1060).jpg,Gingivitis,2,0
C:\lab-hackathon\dataset\Gingivitis\(876).jpg,Gingivitis,2,0
C:\lab-hackathon\dataset\Calculus\(759).jpg,Calculus,1,0
C:\lab-hackathon\dataset\Gingivitis\(1905).jpg,Gingivitis,2,0
C:\lab-hackathon\dataset\Caries\augmented\caries_0_9163.jpeg,Caries,0,1
C:\lab-hackathon\dataset\Hypodontia\(14).JPG,Hypodontia,5,0
C:\lab-hackathon\dataset\Gingivitis\(1470).jpg,Gingivitis,2,0
C:\lab-hackathon\dataset\Gingivitis\(826).jpg,Gingivitis,2,0
C:\lab-hackathon\dataset\Tooth Discoloration\augmented\Tooth_Discoloration_0_4805.jpeg,Tooth Discoloration,3,1
C:\lab-hackathon\dataset\Ulcers\original\142.jpg,Ulcers,4,0
C:\lab-hackathon\dataset\Ulcers\original\255.jpg,Ulcers,4,0
C:\lab-hackathon\dataset\yolo_bbox\images\train\(89).jpg,Gingivitis,2,0
C:\lab-hackathon\dataset\Ulcers\augmented\Mouth_Ulcer_0_3534.jpeg,Ulcers,4,1
C:\lab-hackathon\dataset\Gingivitis\(1389).jpg,Gingivitis,2,0
C:\lab-hackathon\dataset\Ulcers\augmented\Mouth_Ulcer_0_3229.jpeg,Ulcers,4,1
C:\lab-hackathon\dataset\Gingivitis\(599).jpg,Gingivitis,2,0
C:\lab-hackathon\dataset\Gingivitis\(620).jpg,Gingivitis,2,0
C:\lab-hackathon\dataset\Hypodontia\(778).JPG,Hypodontia,5,0
C:\lab-hackathon\dataset\yolo_bbox\images\train\21.jpg,Caries,0,0
C:\lab-hackathon\dataset\Tooth Discoloration\augmented\Tooth_Discoloration_0_4835.jpeg,Tooth Discoloration,3,1
C:\lab-hackathon\dataset\Ulcers\original\232.jpg,Ulcers,4,0
C:\lab-hackathon\dataset\Hypodontia\(277).JPG,Hypodontia,5,0
C:\lab-hackathon\dataset\yolo_bbox\images\train\(14).jpg,Gingivitis,2,0
C:\lab-hackathon\dataset\Ulcers\augmented\Mouth_Ulcer_0_7412.jpeg,Ulcers,4,1
C:\lab-hackathon\dataset\Ulcers\augmented\Mouth_Ulcer_0_8042.jpeg,Ulcers,4,1
C:\lab-hackathon\dataset\Ulcers\augmented\Mouth_Ulcer_0_549.jpeg,Ulcers,4,1
C:\lab-hackathon\dataset\yolo_bbox\images\train\351.jpg,Ulcers,4,0
C:\lab-hackathon\dataset\Caries\original\114.jpg,Caries,0,0
C:\lab-hackathon\dataset\Caries\original\184.jpg,Caries,0,0
C:\lab-hackathon\dataset\Gingivitis\(1195).jpg,Gingivitis,2,0
C:\lab-hackathon\dataset\Gingivitis\(2052).jpg,Gingivitis,2,0
C:\lab-hackathon\dataset\Calculus\(567).jpg,Calculus,1,0
C:\lab-hackathon\dataset\Ulcers\augmented\Mouth_Ulcer_0_3153.jpeg,Ulcers,4,1
C:\lab-hackathon\dataset\Ulcers\augmented\Mouth_Ulcer_0_8988.jpeg,Ulcers,4,1
C:\lab-hackathon\dataset\Ulcers\augmented\Mouth_Ulcer_0_1941.jpeg,Ulcers,4,1
C:\lab-hackathon\dataset\Hypodontia\(8).JPG,Hypodontia,5,0
C:\lab-hackathon\dataset\Gingivitis\(758).jpg,Gingivitis,2,0
C:\lab-hackathon\dataset\Hypodontia\(517).JPG,Hypodontia,5,0
C:\lab-hackathon\dataset\yolo_bbox\images\train\(180).jpg,Gingivitis,2,0
C:\lab-hackathon\dataset\yolo_bbox\images\train\caries_0_4030.jpeg,Caries,0,0
C:\lab-hackathon\dataset\Gingivitis\(2205).jpg,Gingivitis,2,0
C:\lab-hackathon\dataset\Gingivitis\(1131).jpg,Gingivitis,2,0
C:\lab-hackathon\dataset\Hypodontia\(54).JPG,Hypodontia,5,0
C:\lab-hackathon\dataset\Caries\augmented\caries_0_4030.jpeg,Caries,0,1
C:\lab-hackathon\dataset\Hypodontia\(532).JPG,Hypodontia,5,0
C:\lab-hackathon\dataset\Ulcers\augmented\Mouth_Ulcer_0_9486.jpeg,Ulcers,4,1
C:\lab-hackathon\dataset\yolo_bbox\images\train\caries_0_4503.jpeg,Caries,0,0
C:\lab-hackathon\dataset\Calculus\(851).jpg,Calculus,1,0
C:\lab-hackathon\dataset\Caries\augmented\caries_0_685.jpeg,Caries,0,1
C:\lab-hackathon\dataset\Caries\augmented\caries_0_2374.jpeg,Caries,0,1
C:\lab-hackathon\dataset\Tooth Discoloration\original\180.jpg,Tooth Discoloration,3,0
C:\lab-hackathon\dataset\Gingivitis\(2034).jpg,Gingivitis,2,0
C:\lab-hackathon\dataset\Gingivitis\(1888).jpg,Gingivitis,2,0
C:\lab-hackathon\dataset\Ulcers\augmented\Mouth_Ulcer_0_8414.jpeg,Ulcers,4,1
C:\lab-hackathon\dataset\yolo_bbox\images\train\372.jpg,Ulcers,4,0
C:\lab-hackathon\dataset\Gingivitis\(2188).jpg,Gingivitis,2,0
C:\lab-hackathon\dataset\Caries\augmented\caries_0_2618.jpeg,Caries,0,1
C:\lab-hackathon\dataset\Hypodontia\(538).jpg,Hypodontia,5,0
C:\lab-hackathon\dataset\Calculus\(915).jpg,Calculus,1,0
C:\lab-hackathon\dataset\yolo_bbox\images\train\409.jpg,Ulcers,4,0
C:\lab-hackathon\dataset\Gingivitis\(995).jpg,Gingivitis,2,0
C:\lab-hackathon\dataset\Caries\augmented\caries_0_457.jpeg,Caries,0,1
C:\lab-hackathon\dataset\Gingivitis\(1235).jpg,Gingivitis,2,0
C:\lab-hackathon\dataset\Calculus\(1219).jpg,Calculus,1,0
C:\lab-hackathon\dataset\Hypodontia\(4).JPG,Hypodontia,5,0
C:\lab-hackathon\dataset\Caries\augmented\caries_0_5847.jpeg,Caries,0,1
C:\lab-hackathon\dataset\Calculus\(717).jpg,Calculus,1,0
C:\lab-hackathon\dataset\yolo_bbox\images\train\435.jpg,Ulcers,4,0
C:\lab-hackathon\dataset\Gingivitis\(592).jpg,Gingivitis,2,0
C:\lab-hackathon\dataset\Gingivitis\(1523).jpg,Gingivitis,2,0
C:\lab-hackathon\dataset\Gingivitis\(1654).jpg,Gingivitis,2,0
C:\lab-hackathon\dataset\Calculus\(141).jpg,Calculus,1,0
C:\lab-hackathon\dataset\yolo_bbox\images\train\69.jpg,Caries,0,0
C:\lab-hackathon\dataset\yolo_bbox\images\train\caries_0_35.jpeg,Caries,0,0
C:\lab-hackathon\dataset\Hypodontia\(933).JPG,Hypodontia,5,0
C:\lab-hackathon\dataset\Gingivitis\(2259).jpg,Gingivitis,2,0
C:\lab-hackathon\dataset\Gingivitis\(2122).jpg,Gingivitis,2,0
C:\lab-hackathon\dataset\Ulcers\augmented\Mouth_Ulcer_0_4048.jpeg,Ulcers,4,1
C:\lab-hackathon\dataset\Hypodontia\(47).JPG,Hypodontia,5,0
C:\lab-hackathon\dataset\Caries\augmented\caries_0_9935.jpeg,Caries,0,1
C:\lab-hackathon\dataset\Gingivitis\(1624).jpg,Gingivitis,2,0
C:\lab-hackathon\dataset\Gingivitis\(1854).jpg,Gingivitis,2,0
C:\lab-hackathon\dataset\Calculus\(931).jpg,Calculus,1,0
C:\lab-hackathon\dataset\Ulcers\augmented\Mouth_Ulcer_0_1945.jpeg,Ulcers,4,1
C:\lab-hackathon\dataset\Ulcers\augmented\Mouth_Ulcer_0_4995.jpeg,Ulcers,4,1
C:\lab-hackathon\dataset\yolo_bbox\images\train\(9).jpg,Gingivitis,2,0
C:\lab-hackathon\dataset\Hypodontia\(347).jpg,Hypodontia,5,0
C:\lab-hackathon\dataset\Gingivitis\(1539).jpg,Gingivitis,2,0
C:\lab-hackathon\dataset\Hypodontia\(1146).JPG,Hypodontia,5,0
C:\lab-hackathon\dataset\Gingivitis\(1242).jpg,Gingivitis,2,0
C:\lab-hackathon\dataset\yolo_bbox\images\train\caries_0_327.jpeg,Caries,0,0
C:\lab-hackathon\dataset\Gingivitis\(693).jpg,Gingivitis,2,0
C:\lab-hackathon\dataset\yolo_bbox\images\train\510.jpg,Tooth Discoloration,3,0
C:\lab-hackathon\dataset\yolo_bbox\images\train\57.jpg,Caries,0,0
C:\lab-hackathon\dataset\Tooth Discoloration\augmented\Tooth_Discoloration_0_6880.jpeg,Tooth Discoloration,3,1
C:\lab-hackathon\dataset\Caries\augmented\caries_0_3782.jpeg,Caries,0,1
C:\lab-hackathon\dataset\Calculus\(866).jpg,Calculus,1,0
C:\lab-hackathon\dataset\Calculus\(1144).jpg,Calculus,1,0
C:\lab-hackathon\dataset\Tooth Discoloration\augmented\Tooth_Discoloration_0_9897.jpeg,Tooth Discoloration,3,1
C:\lab-hackathon\dataset\Tooth Discoloration\augmented\Tooth_Discoloration_0_5276.jpeg,Tooth Discoloration,3,1
C:\lab-hackathon\dataset\yolo_bbox\images\train\142.jpg,Caries,0,0
C:\lab-hackathon\dataset\Calculus\(342).jpg,Calculus,1,0
C:\lab-hackathon\dataset\Hypodontia\(878).JPG,Hypodontia,5,0
C:\lab-hackathon\dataset\Gingivitis\(2014).jpg,Gingivitis,2,0
C:\lab-hackathon\dataset\Hypodontia\(783).JPG,Hypodontia,5,0
C:\lab-hackathon\dataset\Gingivitis\(2116).jpg,Gingivitis,2,0
C:\lab-hackathon\dataset\Calculus\(339).jpg,Calculus,1,0
C:\lab-hackathon\dataset\Ulcers\augmented\Mouth_Ulcer_0_183.jpeg,Ulcers,4,1
C:\lab-hackathon\dataset\yolo_bbox\images\train\100.jpg,Caries,0,0
C:\lab-hackathon\dataset\Hypodontia\(995).JPG,Hypodontia,5,0
C:\lab-hackathon\dataset\Caries\original\65.jpg,Caries,0,0
C:\lab-hackathon\dataset\Tooth Discoloration\augmented\Tooth_Discoloration_0_6372.jpeg,Tooth Discoloration,3,1
C:\lab-hackathon\dataset\Ulcers\augmented\Mouth_Ulcer_0_9898.jpeg,Ulcers,4,1
C:\lab-hackathon\dataset\Ulcers\augmented\Mouth_Ulcer_0_1417.jpeg,Ulcers,4,1
C:\lab-hackathon\dataset\Caries\augmented\caries_0_2578.jpeg,Caries,0,1
C:\lab-hackathon\dataset\Gingivitis\(773).jpg,Gingivitis,2,0
C:\lab-hackathon\dataset\Tooth Discoloration\augmented\Tooth_Discoloration_0_9756.jpeg,Tooth Discoloration,3,1
C:\lab-hackathon\dataset\Tooth Discoloration\augmented\Tooth_Discoloration_0_3654.jpeg,Tooth Discoloration,3,1
C:\lab-hackathon\dataset\Gingivitis\(1399).jpg,Gingivitis,2,0
C:\lab-hackathon\dataset\Caries\augmented\caries_0_115.jpeg,Caries,0,1
C:\lab-hackathon\dataset\Ulcers\augmented\Mouth_Ulcer_0_5599.jpeg,Ulcers,4,1
C:\lab-hackathon\dataset\Gingivitis\(17).jpg,Gingivitis,2,0
C:\lab-hackathon\dataset\Hypodontia\(980).JPG,Hypodontia,5,0
C:\lab-hackathon\dataset\Ulcers\augmented\Mouth_Ulcer_0_5172.jpeg,Ulcers,4,1
C:\lab-hackathon\dataset\Tooth Discoloration\augmented\Tooth_Discoloration_0_7086.jpeg,Tooth Discoloration,3,1
C:\lab-hackathon\dataset\Ulcers\augmented\Mouth_Ulcer_0_1285.jpeg,Ulcers,4,1
C:\lab-hackathon\dataset\Gingivitis\(248).jpg,Gingivitis,2,0
C:\lab-hackathon\dataset\Gingivitis\(2168).jpg,Gingivitis,2,0
C:\lab-hackathon\dataset\Ulcers\augmented\Mouth_Ulcer_0_3883.jpeg,Ulcers,4,1
C:\lab-hackathon\dataset\Tooth Discoloration\augmented\Tooth_Discoloration_0_3915.jpeg,Tooth Discoloration,3,1
C:\lab-hackathon\dataset\Ulcers\augmented\Mouth_Ulcer_0_4658.jpeg,Ulcers,4,1
C:\lab-hackathon\dataset\yolo_bbox\images\train\(190).jpg,Gingivitis,2,0
C:\lab-hackathon\dataset\Hypodontia\(199).JPG,Hypodontia,5,0
C:\lab-hackathon\dataset\Gingivitis\(197).jpg,Gingivitis,2,0
C:\lab-hackathon\dataset\Gingivitis\(2114).jpg,Gingivitis,2,0
C:\lab-hackathon\dataset\Gingivitis\(498).jpg,Gingivitis,2,0
C:\lab-hackathon\dataset\Gingivitis\(850).jpg,Gingivitis,2,0
C:\lab-hackathon\dataset\Hypodontia\(582).JPG,Hypodontia,5,0
C:\lab-hackathon\dataset\Hypodontia\(76).JPG,Hypodontia,5,0
C:\lab-hackathon\dataset\Gingivitis\(1364).jpg,Gingivitis,2,0
C:\lab-hackathon\dataset\Ulcers\augmented\Mouth_Ulcer_0_2956.jpeg,Ulcers,4,1
C:\lab-hackathon\dataset\Calculus\(488).jpg,Calculus,1,0
C:\lab-hackathon\dataset\yolo_bbox\images\train\55.jpg,Caries,0,0
C:\lab-hackathon\dataset\Hypodontia\(959).jpg,Hypodontia,5,0
C:\lab-hackathon\dataset\Hypodontia\(1232).JPG,Hypodontia,5,0
C:\lab-hackathon\dataset\Tooth Discoloration\augmented\Tooth_Discoloration_0_4310.jpeg,Tooth Discoloration,3,1
C:\lab-hackathon\dataset\Calculus\(814).jpg,Calculus,1,0
C:\lab-hackathon\dataset\Caries\augmented\caries_0_825.jpeg,Caries,0,1
C:\lab-hackathon\dataset\Calculus\(895).jpg,Calculus,1,0
C:\lab-hackathon\dataset\Ulcers\augmented\Mouth_Ulcer_0_1538.jpeg,Ulcers,4,1
C:\lab-hackathon\dataset\Ulcers\augmented\Mouth_Ulcer_0_4487.jpeg,Ulcers,4,1
C:\lab-hackathon\dataset\Gingivitis\(464).jpg,Gingivitis,2,0
C:\lab-hackathon\dataset\Ulcers\original\175.jpg,Ulcers,4,0
C:\lab-hackathon\dataset\Gingivitis\(1507).jpg,Gingivitis,2,0
C:\lab-hackathon\dataset\Calculus\(1108).jpg,Calculus,1,0
C:\lab-hackathon\dataset\Tooth Discoloration\augmented\Tooth_Discoloration_0_2988.jpeg,Tooth Discoloration,3,1
C:\lab-hackathon\dataset\Gingivitis\(525).jpg,Gingivitis,2,0
C:\lab-hackathon\dataset\Gingivitis\(853).jpg,Gingivitis,2,0
C:\lab-hackathon\dataset\Hypodontia\(223).JPG,Hypodontia,5,0
C:\lab-hackathon\dataset\Gingivitis\(2265).jpg,Gingivitis,2,0
C:\lab-hackathon\dataset\Ulcers\original\40.jpg,Ulcers,4,0
C:\lab-hackathon\dataset\yolo_bbox\images\train\caries_0_4670.jpeg,Caries,0,0
C:\lab-hackathon\dataset\Hypodontia\(89).JPG,Hypodontia,5,0
C:\lab-hackathon\dataset\Caries\augmented\caries_0_5540.jpeg,Caries,0,1
C:\lab-hackathon\dataset\Gingivitis\(1296).jpg,Gingivitis,2,0
C:\lab-hackathon\dataset\Tooth Discoloration\augmented\Tooth_Discoloration_0_7699.jpeg,Tooth Discoloration,3,1
C:\lab-hackathon\dataset\Caries\augmented\caries_0_7066.jpeg,Caries,0,1
C:\lab-hackathon\dataset\Ulcers\augmented\Mouth_Ulcer_0_3620.jpeg,Ulcers,4,1
C:\lab-hackathon\dataset\Hypodontia\(632).JPG,Hypodontia,5,0
C:\lab-hackathon\dataset\Gingivitis\(822).jpg,Gingivitis,2,0
C:\lab-hackathon\dataset\Caries\augmented\caries_0_7197.jpeg,Caries,0,1
C:\lab-hackathon\dataset\Ulcers\augmented\Mouth_Ulcer_0_8244.jpeg,Ulcers,4,1
C:\lab-hackathon\dataset\Hypodontia\(188).JPG,Hypodontia,5,0
C:\lab-hackathon\dataset\Calculus\(625).jpg,Calculus,1,0
C:\lab-hackathon\dataset\Gingivitis\(813).jpg,Gingivitis,2,0
C:\lab-hackathon\dataset\Calculus\(884).jpg,Calculus,1,0
C:\lab-hackathon\dataset\Caries\augmented\caries_0_613.jpeg,Caries,0,1
C:\lab-hackathon\dataset\Ulcers\augmented\Mouth_Ulcer_0_5275.jpeg,Ulcers,4,1
C:\lab-hackathon\dataset\Hypodontia\(456).JPG,Hypodontia,5,0
C:\lab-hackathon\dataset\Gingivitis\(1419).jpg,Gingivitis,2,0
C:\lab-hackathon\dataset\Caries\augmented\caries_0_8679.jpeg,Caries,0,1
C:\lab-hackathon\dataset\Ulcers\augmented\Mouth_Ulcer_0_5850.jpeg,Ulcers,4,1
C:\lab-hackathon\dataset\yolo_bbox\images\train\117.jpg,Caries,0,0
C:\lab-hackathon\dataset\Caries\augmented\caries_0_4730.jpeg,Caries,0,1
C:\lab-hackathon\dataset\Ulcers\augmented\Mouth_Ulcer_0_5888.jpeg,Ulcers,4,1
C:\lab-hackathon\dataset\Gingivitis\(1822).jpg,Gingivitis,2,0
C:\lab-hackathon\dataset\yolo_bbox\images\train\caries_0_548.jpeg,Caries,0,0
C:\lab-hackathon\dataset\yolo_bbox\images\train\caries_0_4645.jpeg,Caries,0,0
C:\lab-hackathon\dataset\Ulcers\augmented\Mouth_Ulcer_0_3564.jpeg,Ulcers,4,1
C:\lab-hackathon\dataset\Hypodontia\(593).JPG,Hypodontia,5,0
C:\lab-hackathon\dataset\Calculus\(203).jpg,Calculus,1,0
C:\lab-hackathon\dataset\Ulcers\original\252.jpg,Ulcers,4,0
C:\lab-hackathon\dataset\Calculus\(346).jpg,Calculus,1,0
C:\lab-hackathon\dataset\Calculus\(701).jpg,Calculus,1,0
C:\lab-hackathon\dataset\Caries\augmented\caries_0_5610.jpeg,Caries,0,1
C:\lab-hackathon\dataset\Calculus\(279).jpg,Calculus,1,0
C:\lab-hackathon\dataset\Gingivitis\(2204).jpg,Gingivitis,2,0
C:\lab-hackathon\dataset\Gingivitis\(2105).jpg,Gingivitis,2,0
C:\lab-hackathon\dataset\yolo_bbox\images\train\(23).jpg,Gingivitis,2,0
C:\lab-hackathon\dataset\Hypodontia\(163).JPG,Hypodontia,5,0
C:\lab-hackathon\dataset\Caries\augmented\caries_0_9246.jpeg,Caries,0,1
C:\lab-hackathon\dataset\Hypodontia\(84).JPG,Hypodontia,5,0
C:\lab-hackathon\dataset\Hypodontia\(821).jpg,Hypodontia,5,0
C:\lab-hackathon\dataset\yolo_bbox\images\train\(131).jpg,Gingivitis,2,0
C:\lab-hackathon\dataset\yolo_bbox\images\train\114.jpg,Caries,0,0
C:\lab-hackathon\dataset\yolo_bbox\images\train\626.jpg,Tooth Discoloration,3,0
C:\lab-hackathon\dataset\Caries\augmented\caries_0_6393.jpeg,Caries,0,1
C:\lab-hackathon\dataset\Hypodontia\(290).JPG,Hypodontia,5,0
C:\lab-hackathon\dataset\Calculus\(1088).jpg,Calculus,1,0
C:\lab-hackathon\dataset\Hypodontia\(966).jpg,Hypodontia,5,0
C:\lab-hackathon\dataset\Calculus\(252).jpg,Calculus,1,0
C:\lab-hackathon\dataset\yolo_bbox\images\train\caries_0_4336.jpeg,Caries,0,0
C:\lab-hackathon\dataset\yolo_bbox\images\train\87.jpg,Caries,0,0
C:\lab-hackathon\dataset\yolo_bbox\images\train\505.jpg,Tooth Discoloration,3,0
C:\lab-hackathon\dataset\Calculus\(1148).jpg,Calculus,1,0
C:\lab-hackathon\dataset\yolo_bbox\images\train\caries_0_148.jpeg,Caries,0,0
C:\lab-hackathon\dataset\yolo_bbox\images\train\caries_0_3528.jpeg,Caries,0,0
C:\lab-hackathon\dataset\Ulcers\original\70.jpg,Ulcers,4,0
C:\lab-hackathon\dataset\Gingivitis\(73).jpg,Gingivitis,2,0
C:\lab-hackathon\dataset\Calculus\(1104).jpg,Calculus,1,0
C:\lab-hackathon\dataset\Caries\augmented\caries_0_1383.jpeg,Caries,0,1
C:\lab-hackathon\dataset\Hypodontia\(601).JPG,Hypodontia,5,0
C:\lab-hackathon\dataset\yolo_bbox\images\train\(160).jpg,Gingivitis,2,0
C:\lab-hackathon\dataset\Caries\augmented\caries_0_974.jpeg,Caries,0,1
C:\lab-hackathon\dataset\Tooth Discoloration\augmented\Tooth_Discoloration_0_5288.jpeg,Tooth Discoloration,3,1
C:\lab-hackathon\dataset\Calculus\(11).jpg,Calculus,1,0
C:\lab-hackathon\dataset\Tooth Discoloration\augmented\Tooth_Discoloration_0_9504.jpeg,Tooth Discoloration,3,1
C:\lab-hackathon\dataset\Ulcers\augmented\Mouth_Ulcer_0_1496.jpeg,Ulcers,4,1
C:\lab-hackathon\dataset\Calculus\(610).jpg,Calculus,1,0
C:\lab-hackathon\dataset\Hypodontia\(940).jpg,Hypodontia,5,0
C:\lab-hackathon\dataset\Caries\augmented\caries_0_8598.jpeg,Caries,0,1
C:\lab-hackathon\dataset\Caries\augmented\caries_0_8886.jpeg,Caries,0,1
C:\lab-hackathon\dataset\Hypodontia\(860).JPG,Hypodontia,5,0
C:\lab-hackathon\dataset\Calculus\(1211).jpg,Calculus,1,0
C:\lab-hackathon\dataset\Caries\original\63.jpg,Caries,0,0
C:\lab-hackathon\dataset\Gingivitis\(49).jpg,Gingivitis,2,0
C:\lab-hackathon\dataset\Hypodontia\(135).jpg,Hypodontia,5,0
C:\lab-hackathon\dataset\yolo_bbox\images\train\233.jpg,Ulcers,4,0
C:\lab-hackathon\dataset\Calculus\(1114).jpg,Calculus,1,0
C:\lab-hackathon\dataset\Gingivitis\(1655).jpg,Gingivitis,2,0
C:\lab-hackathon\dataset\Gingivitis\(1790).jpg,Gingivitis,2,0
C:\lab-hackathon\dataset\Caries\augmented\caries_0_7740.jpeg,Caries,0,1
C:\lab-hackathon\dataset\Ulcers\augmented\Mouth_Ulcer_0_8675.jpeg,Ulcers,4,1
C:\lab-hackathon\dataset\Caries\augmented\caries_0_3390.jpeg,Caries,0,1
C:\lab-hackathon\dataset\Tooth Discoloration\augmented\Tooth_Discoloration_0_6502.jpeg,Tooth Discoloration,3,1
C:\lab-hackathon\dataset\Gingivitis\(1579).jpg,Gingivitis,2,0
C:\lab-hackathon\dataset\Gingivitis\(1597).jpg,Gingivitis,2,0
C:\lab-hackathon\dataset\Caries\augmented\caries_0_4296.jpeg,Caries,0,1
C:\lab-hackathon\dataset\Calculus\(309).jpg,Calculus,1,0
C:\lab-hackathon\dataset\yolo_bbox\images\train\caries_0_3724.jpeg,Caries,0,0
C:\lab-hackathon\dataset\yolo_bbox\images\train\580.jpg,Tooth Discoloration,3,0
C:\lab-hackathon\dataset\Gingivitis\(2133).jpg,Gingivitis,2,0
C:\lab-hackathon\dataset\Calculus\(357).jpg,Calculus,1,0
C:\lab-hackathon\dataset\Ulcers\augmented\Mouth_Ulcer_0_6865.jpeg,Ulcers,4,1
C:\lab-hackathon\dataset\Ulcers\original\126.jpg,Ulcers,4,0
C:\lab-hackathon\dataset\Caries\augmented\caries_0_6923.jpeg,Caries,0,1
C:\lab-hackathon\dataset\Ulcers\augmented\Mouth_Ulcer_0_6359.jpeg,Ulcers,4,1
C:\lab-hackathon\dataset\Gingivitis\(491).jpg,Gingivitis,2,0
C:\lab-hackathon\dataset\Ulcers\augmented\Mouth_Ulcer_0_2638.jpeg,Ulcers,4,1
C:\lab-hackathon\dataset\Hypodontia\(49).JPG,Hypodontia,5,0
C:\lab-hackathon\dataset\Ulcers\augmented\Mouth_Ulcer_0_8783.jpeg,Ulcers,4,1
C:\lab-hackathon\dataset\Tooth Discoloration\augmented\Tooth_Discoloration_0_6413.jpeg,Tooth Discoloration,3,1
C:\lab-hackathon\dataset\Tooth Discoloration\augmented\Tooth_Discoloration_0_4985.jpeg,Tooth Discoloration,3,1
C:\lab-hackathon\dataset\yolo_bbox\images\train\453.jpg,Ulcers,4,0
C:\lab-hackathon\dataset\Gingivitis\(1749).jpg,Gingivitis,2,0
C:\lab-hackathon\dataset\Caries\augmented\caries_0_7600.jpeg,Caries,0,1
C:\lab-hackathon\dataset\Hypodontia\(19).JPG,Hypodontia,5,0
C:\lab-hackathon\dataset\Ulcers\augmented\Mouth_Ulcer_0_4859.jpeg,Ulcers,4,1
C:\lab-hackathon\dataset\yolo_bbox\images\train\(30).jpg,Gingivitis,2,0
C:\lab-hackathon\dataset\Ulcers\augmented\Mouth_Ulcer_0_935.jpeg,Ulcers,4,1
C:\lab-hackathon\dataset\Gingivitis\(2252).jpg,Gingivitis,2,0
C:\lab-hackathon\dataset\Gingivitis\(1487).jpg,Gingivitis,2,0
C:\lab-hackathon\dataset\Calculus\(734).jpg,Calculus,1,0
C:\lab-hackathon\dataset\Calculus\(242).jpg,Calculus,1,0
C:\lab-hackathon\dataset\Gingivitis\(1038).jpg,Gingivitis,2,0
C:\lab-hackathon\dataset\Gingivitis\(2037).jpg,Gingivitis,2,0
C:\lab-hackathon\dataset\Calculus\(56).jpg,Calculus,1,0
C:\lab-hackathon\dataset\Hypodontia\(1077).jpg,Hypodontia,5,0
C:\lab-hackathon\dataset\Hypodontia\(375).JPG,Hypodontia,5,0
C:\lab-hackathon\dataset\Hypodontia\(208).jpg,Hypodontia,5,0
C:\lab-hackathon\dataset\Ulcers\augmented\Mouth_Ulcer_0_7325.jpeg,Ulcers,4,1
C:\lab-hackathon\dataset\Tooth Discoloration\augmented\Tooth_Discoloration_0_8536.jpeg,Tooth Discoloration,3,1
C:\lab-hackathon\dataset\yolo_bbox\images\train\caries_0_3524.jpeg,Caries,0,0
C:\lab-hackathon\dataset\Ulcers\augmented\Mouth_Ulcer_0_2762.jpeg,Ulcers,4,1
C:\lab-hackathon\dataset\Caries\augmented\caries_0_1395.jpeg,Caries,0,1
C:\lab-hackathon\dataset\Tooth Discoloration\original\9.jpg,Tooth Discoloration,3,0
C:\lab-hackathon\dataset\Tooth Discoloration\original\34.jpg,Tooth Discoloration,3,0
C:\lab-hackathon\dataset\yolo_bbox\images\train\513.jpg,Tooth Discoloration,3,0
C:\lab-hackathon\dataset\Calculus\(509).jpg,Calculus,1,0
C:\lab-hackathon\dataset\yolo_bbox\images\train\caries_0_3581.jpeg,Caries,0,0
C:\lab-hackathon\dataset\Caries\augmented\caries_0_2722.jpeg,Caries,0,1
C:\lab-hackathon\dataset\Caries\augmented\caries_0_5647.jpeg,Caries,0,1
C:\lab-hackathon\dataset\Ulcers\augmented\Mouth_Ulcer_0_936.jpeg,Ulcers,4,1
C:\lab-hackathon\dataset\Gingivitis\(1877).jpg,Gingivitis,2,0
C:\lab-hackathon\dataset\Ulcers\augmented\Mouth_Ulcer_0_770.jpeg,Ulcers,4,1
C:\lab-hackathon\dataset\Ulcers\augmented\Mouth_Ulcer_0_7864.jpeg,Ulcers,4,1
C:\lab-hackathon\dataset\Gingivitis\(2117).jpg,Gingivitis,2,0
C:\lab-hackathon\dataset\Caries\augmented\caries_0_2772.jpeg,Caries,0,1
C:\lab-hackathon\dataset\Caries\augmented\caries_0_7825.jpeg,Caries,0,1
C:\lab-hackathon\dataset\Caries\augmented\caries_0_9732.jpeg,Caries,0,1
C:\lab-hackathon\dataset\Gingivitis\(67).jpg,Gingivitis,2,0
C:\lab-hackathon\dataset\Hypodontia\(357).JPG,Hypodontia,5,0
C:\lab-hackathon\dataset\Gingivitis\(983).jpg,Gingivitis,2,0
C:\lab-hackathon\dataset\yolo_bbox\images\train\caries_0_565.jpeg,Caries,0,0
C:\lab-hackathon\dataset\Tooth Discoloration\augmented\Tooth_Discoloration_0_2499.jpeg,Tooth Discoloration,3,1
C:\lab-hackathon\dataset\Ulcers\original\195.jpg,Ulcers,4,0
C:\lab-hackathon\dataset\Caries\augmented\caries_0_4639.jpeg,Caries,0,1
C:\lab-hackathon\dataset\Ulcers\augmented\Mouth_Ulcer_0_157.jpeg,Ulcers,4,1
C:\lab-hackathon\dataset\Calculus\(1142).jpg,Calculus,1,0
C:\lab-hackathon\dataset\Caries\original\97.jpg,Caries,0,0
C:\lab-hackathon\dataset\Caries\original\86.jpg,Caries,0,0
C:\lab-hackathon\dataset\Caries\augmented\caries_0_6985.jpeg,Caries,0,1
C:\lab-hackathon\dataset\Caries\augmented\caries_0_5692.jpeg,Caries,0,1
C:\lab-hackathon\dataset\Caries\augmented\caries_0_3123.jpeg,Caries,0,1
C:\lab-hackathon\dataset\Ulcers\augmented\Mouth_Ulcer_0_4546.jpeg,Ulcers,4,1
C:\lab-hackathon\dataset\yolo_bbox\images\train\caries_0_661.jpeg,Ulcers,4,0
C:\lab-hackathon\dataset\Tooth Discoloration\augmented\Tooth_Discoloration_0_1478.jpeg,Tooth Discoloration,3,1
C:\lab-hackathon\dataset\Gingivitis\(1119).jpg,Gingivitis,2,0
C:\lab-hackathon\dataset\Calculus\(288).jpg,Calculus,1,0
C:\lab-hackathon\dataset\Calculus\(94).jpg,Calculus,1,0
C:\lab-hackathon\dataset\Ulcers\original\82.jpg,Ulcers,4,0
C:\lab-hackathon\dataset\yolo_bbox\images\train\caries_0_4327.jpeg,Caries,0,0
C:\lab-hackathon\dataset\Calculus\(918).jpg,Calculus,1,0
C:\lab-hackathon\dataset\yolo_bbox\images\train\caries_0_4203.jpeg,Caries,0,0
C:\lab-hackathon\dataset\yolo_bbox\images\train\(29).jpg,Gingivitis,2,0
C:\lab-hackathon\dataset\Caries\augmented\caries_0_6072.jpeg,Caries,0,1
C:\lab-hackathon\dataset\Calculus\(367).jpg,Calculus,1,0
C:\lab-hackathon\dataset\Caries\augmented\caries_0_8411.jpeg,Caries,0,1
C:\lab-hackathon\dataset\yolo_bbox\images\train\(213).jpg,Gingivitis,2,0
C:\lab-hackathon\dataset\Hypodontia\(1047).JPG,Hypodontia,5,0
C:\lab-hackathon\dataset\Ulcers\augmented\Mouth_Ulcer_0_5733.jpeg,Ulcers,4,1
C:\lab-hackathon\dataset\Tooth Discoloration\original\125.jpg,Tooth Discoloration,3,0
C:\lab-hackathon\dataset\Hypodontia\(1216).jpg,Hypodontia,5,0
C:\lab-hackathon\dataset\Gingivitis\(326).jpg,Gingivitis,2,0
C:\lab-hackathon\dataset\Hypodontia\(458).JPG,Hypodontia,5,0
C:\lab-hackathon\dataset\Gingivitis\(1683).jpg,Gingivitis,2,0
C:\lab-hackathon\dataset\Caries\original\130.jpg,Caries,0,0
C:\lab-hackathon\dataset\Gingivitis\(627).jpg,Gingivitis,2,0
C:\lab-hackathon\dataset\Caries\augmented\caries_0_3348.jpeg,Caries,0,1
C:\lab-hackathon\dataset\Ulcers\augmented\Mouth_Ulcer_0_7857.jpeg,Ulcers,4,1
C:\lab-hackathon\dataset\Gingivitis\(2213).jpg,Gingivitis,2,0
C:\lab-hackathon\dataset\Tooth Discoloration\augmented\Tooth_Discoloration_0_276.jpeg,Tooth Discoloration,3,1
C:\lab-hackathon\dataset\Ulcers\augmented\Mouth_Ulcer_0_1022.jpeg,Ulcers,4,1
C:\lab-hackathon\dataset\Tooth Discoloration\augmented\Tooth_Discoloration_0_5418.jpeg,Tooth Discoloration,3,1
C:\lab-hackathon\dataset\Caries\augmented\caries_0_7627.jpeg,Caries,0,1
C:\lab-hackathon\dataset\Gingivitis\(490).jpg,Gingivitis,2,0
C:\lab-hackathon\dataset\Tooth Discoloration\augmented\Tooth_Discoloration_0_7217.jpeg,Tooth Discoloration,3,1
C:\lab-hackathon\dataset\Gingivitis\(1811).jpg,Gingivitis,2,0
C:\lab-hackathon\dataset\Gingivitis\(1356).jpg,Gingivitis,2,0
C:\lab-hackathon\dataset\Gingivitis\(1595).jpg,Gingivitis,2,0
C:\lab-hackathon\dataset\Hypodontia\(1016).JPG,Hypodontia,5,0
C:\lab-hackathon\dataset\Hypodontia\(1067).JPG,Hypodontia,5,0
C:\lab-hackathon\dataset\Ulcers\augmented\Mouth_Ulcer_0_9023.jpeg,Ulcers,4,1
C:\lab-hackathon\dataset\Caries\augmented\caries_0_9432.jpeg,Caries,0,1
C:\lab-hackathon\dataset\Ulcers\augmented\Mouth_Ulcer_0_3218.jpeg,Ulcers,4,1
C:\lab-hackathon\dataset\Gingivitis\(1322).jpg,Gingivitis,2,0
C:\lab-hackathon\dataset\Calculus\(1060).jpg,Calculus,1,0
C:\lab-hackathon\dataset\Calculus\(51).jpg,Calculus,1,0
C:\lab-hackathon\dataset\Hypodontia\(397).jpg,Hypodontia,5,0
C:\lab-hackathon\dataset\Caries\augmented\caries_0_7508.jpeg,Caries,0,1
C:\lab-hackathon\dataset\yolo_bbox\images\train\(128).jpg,Gingivitis,2,0
C:\lab-hackathon\dataset\Tooth Discoloration\augmented\Tooth_Discoloration_0_1483.jpeg,Tooth Discoloration,3,1
C:\lab-hackathon\dataset\Ulcers\original\54.jpg,Ulcers,4,0
C:\lab-hackathon\dataset\yolo_bbox\images\train\74.jpg,Caries,0,0
C:\lab-hackathon\dataset\Caries\augmented\caries_0_497.jpeg,Caries,0,1
C:\lab-hackathon\dataset\yolo_bbox\images\train\631.jpg,Tooth Discoloration,3,0
C:\lab-hackathon\dataset\Hypodontia\(975).JPG,Hypodontia,5,0
C:\lab-hackathon\dataset\Calculus\(391).jpg,Calculus,1,0
C:\lab-hackathon\dataset\Gingivitis\(1444).jpg,Gingivitis,2,0
C:\lab-hackathon\dataset\Hypodontia\(410).jpg,Hypodontia,5,0
C:\lab-hackathon\dataset\Calculus\(471).jpg,Calculus,1,0
C:\lab-hackathon\dataset\Ulcers\original\238.jpg,Ulcers,4,0
C:\lab-hackathon\dataset\Gingivitis\(1385).jpg,Gingivitis,2,0
C:\lab-hackathon\dataset\Hypodontia\(171).JPG,Hypodontia,5,0
C:\lab-hackathon\dataset\Caries\augmented\caries_0_7720.jpeg,Caries,0,1
C:\lab-hackathon\dataset\Calculus\(1081).jpg,Calculus,1,0
C:\lab-hackathon\dataset\Gingivitis\(1033).jpg,Gingivitis,2,0
C:\lab-hackathon\dataset\yolo_bbox\images\train\(211).jpg,Gingivitis,2,0
C:\lab-hackathon\dataset\yolo_bbox\images\train\caries_0_4608.jpeg,Caries,0,0
C:\lab-hackathon\dataset\Tooth Discoloration\augmented\Tooth_Discoloration_0_503.jpeg,Tooth Discoloration,3,1
C:\lab-hackathon\dataset\Tooth Discoloration\augmented\Tooth_Discoloration_0_6481.jpeg,Tooth Discoloration,3,1
C:\lab-hackathon\dataset\Calculus\(290).jpg,Calculus,1,0
C:\lab-hackathon\dataset\Tooth Discoloration\augmented\Tooth_Discoloration_0_3428.jpeg,Tooth Discoloration,3,1
C:\lab-hackathon\dataset\Tooth Discoloration\augmented\Tooth_Discoloration_0_2514.jpeg,Tooth Discoloration,3,1
C:\lab-hackathon\dataset\Hypodontia\(464).JPG,Hypodontia,5,0
C:\lab-hackathon\dataset\Calculus\(887).jpg,Calculus,1,0
C:\lab-hackathon\dataset\yolo_bbox\images\train\551.jpg,Tooth Discoloration,3,0
C:\lab-hackathon\dataset\yolo_bbox\images\train\caries_0_4860.jpeg,Caries,0,0
C:\lab-hackathon\dataset\Gingivitis\(1122).jpg,Gingivitis,2,0
C:\lab-hackathon\dataset\Ulcers\augmented\Mouth_Ulcer_0_4713.jpeg,Ulcers,4,1
C:\lab-hackathon\dataset\Ulcers\augmented\Mouth_Ulcer_0_23.jpeg,Ulcers,4,1
C:\lab-hackathon\dataset\yolo_bbox\images\train\582.jpg,Tooth Discoloration,3,0
C:\lab-hackathon\dataset\Tooth Discoloration\augmented\Tooth_Discoloration_0_9535.jpeg,Tooth Discoloration,3,1
C:\lab-hackathon\dataset\Gingivitis\(751).jpg,Gingivitis,2,0
C:\lab-hackathon\dataset\Hypodontia\(314).JPG,Hypodontia,5,0
C:\lab-hackathon\dataset\Ulcers\augmented\Mouth_Ulcer_0_3843.jpeg,Ulcers,4,1
C:\lab-hackathon\dataset\Calculus\(398).jpg,Calculus,1,0
C:\lab-hackathon\dataset\Calculus\(748).jpg,Calculus,1,0
C:\lab-hackathon\dataset\Hypodontia\(545).jpg,Hypodontia,5,0
C:\lab-hackathon\dataset\yolo_bbox\images\train\(179).jpg,Gingivitis,2,0
C:\lab-hackathon\dataset\Calculus\(1070).jpg,Calculus,1,0
C:\lab-hackathon\dataset\Caries\augmented\caries_0_2790.jpeg,Caries,0,1
C:\lab-hackathon\dataset\Ulcers\augmented\Mouth_Ulcer_0_2053.jpeg,Ulcers,4,1
C:\lab-hackathon\dataset\Tooth Discoloration\augmented\Tooth_Discoloration_0_7978.jpeg,Tooth Discoloration,3,1
C:\lab-hackathon\dataset\Hypodontia\(26).JPG,Hypodontia,5,0
C:\lab-hackathon\dataset\Caries\original\44.jpg,Caries,0,0
C:\lab-hackathon\dataset\Caries\augmented\caries_0_3634.jpeg,Caries,0,1
C:\lab-hackathon\dataset\Tooth Discoloration\augmented\Tooth_Discoloration_0_4339.jpeg,Tooth Discoloration,3,1
C:\lab-hackathon\dataset\Hypodontia\(343).JPG,Hypodontia,5,0
C:\lab-hackathon\dataset\Gingivitis\(1409).jpg,Gingivitis,2,0
C:\lab-hackathon\dataset\Calculus\(287).jpg,Calculus,1,0
C:\lab-hackathon\dataset\Tooth Discoloration\original\99.jpg,Tooth Discoloration,3,0
C:\lab-hackathon\dataset\Ulcers\augmented\Mouth_Ulcer_0_3665.jpeg,Ulcers,4,1
C:\lab-hackathon\dataset\yolo_bbox\images\train\282.jpg,Ulcers,4,0
C:\lab-hackathon\dataset\yolo_bbox\images\train\332.jpg,Ulcers,4,0
C:\lab-hackathon\dataset\Caries\augmented\caries_0_3055.jpeg,Caries,0,1
C:\lab-hackathon\dataset\Hypodontia\(20).JPG,Hypodontia,5,0
C:\lab-hackathon\dataset\Caries\original\178.jpg,Caries,0,0
C:\lab-hackathon\dataset\Gingivitis\(1798).jpg,Gingivitis,2,0
C:\lab-hackathon\dataset\Gingivitis\(535).jpg,Gingivitis,2,0
C:\lab-hackathon\dataset\yolo_bbox\images\train\caries_0_3986.jpeg,Caries,0,0
C:\lab-hackathon\dataset\Tooth Discoloration\augmented\Tooth_Discoloration_0_3404.jpeg,Tooth Discoloration,3,1
C:\lab-hackathon\dataset\Hypodontia\(378).JPG,Hypodontia,5,0
C:\lab-hackathon\dataset\Caries\original\188.jpg,Caries,0,0
C:\lab-hackathon\dataset\Caries\augmented\caries_0_5729.jpeg,Caries,0,1
C:\lab-hackathon\dataset\Hypodontia\(535).jpg,Hypodontia,5,0
C:\lab-hackathon\dataset\Hypodontia\(428).JPG,Hypodontia,5,0
C:\lab-hackathon\dataset\Gingivitis\(1778).jpg,Gingivitis,2,0
C:\lab-hackathon\dataset\Gingivitis\(650).jpg,Gingivitis,2,0
C:\lab-hackathon\dataset\Calculus\(269).jpg,Calculus,1,0
C:\lab-hackathon\dataset\Gingivitis\(2082).jpg,Gingivitis,2,0
C:\lab-hackathon\dataset\yolo_bbox\images\train\50.jpg,Caries,0,0
C:\lab-hackathon\dataset\Calculus\(166).jpg,Calculus,1,0
C:\lab-hackathon\dataset\yolo_bbox\images\train\596.jpg,Tooth Discoloration,3,0
C:\lab-hackathon\dataset\Gingivitis\(1386).jpg,Gingivitis,2,0
C:\lab-hackathon\dataset\Ulcers\augmented\Mouth_Ulcer_0_275.jpeg,Ulcers,4,1
C:\lab-hackathon\dataset\Caries\augmented\caries_0_7911.jpeg,Caries,0,1
C:\lab-hackathon\dataset\Calculus\(1079).jpg,Calculus,1,0
C:\lab-hackathon\dataset\Caries\augmented\caries_0_7924.jpeg,Caries,0,1
C:\lab-hackathon\dataset\Tooth Discoloration\augmented\Tooth_Discoloration_0_9995.jpeg,Tooth Discoloration,3,1
C:\lab-hackathon\dataset\Calculus\(251).jpg,Calculus,1,0
C:\lab-hackathon\dataset\yolo_bbox\images\train\caries_0_4019.jpeg,Caries,0,0
C:\lab-hackathon\dataset\Gingivitis\(1662).jpg,Gingivitis,2,0
C:\lab-hackathon\dataset\Caries\augmented\caries_0_5397.jpeg,Caries,0,1
C:\lab-hackathon\dataset\yolo_bbox\images\train\caries_0_3238.jpeg,Caries,0,0
C:\lab-hackathon\dataset\Gingivitis\(11).jpg,Gingivitis,2,0
C:\lab-hackathon\dataset\Gingivitis\(405).jpg,Gingivitis,2,0
C:\lab-hackathon\dataset\Gingivitis\(858).jpg,Gingivitis,2,0
C:\lab-hackathon\dataset\Gingivitis\(1543).jpg,Gingivitis,2,0
C:\lab-hackathon\dataset\Ulcers\augmented\Mouth_Ulcer_0_2026.jpeg,Ulcers,4,1
C:\lab-hackathon\dataset\yolo_bbox\images\train\192.jpg,Caries,0,0
C:\lab-hackathon\dataset\yolo_bbox\images\train\caries_0_214.jpeg,Caries,0,0
C:\lab-hackathon\dataset\Caries\augmented\caries_0_3824.jpeg,Caries,0,1
C:\lab-hackathon\dataset\Tooth Discoloration\original\122.jpg,Tooth Discoloration,3,0
C:\lab-hackathon\dataset\Tooth Discoloration\augmented\Tooth_Discoloration_0_3045.jpeg,Tooth Discoloration,3,1
C:\lab-hackathon\dataset\Hypodontia\(534).jpg,Hypodontia,5,0
C:\lab-hackathon\dataset\yolo_bbox\images\train\(88).jpg,Gingivitis,2,0
C:\lab-hackathon\dataset\Calculus\(448).jpg,Calculus,1,0
C:\lab-hackathon\dataset\Gingivitis\(659).jpg,Gingivitis,2,0
C:\lab-hackathon\dataset\Gingivitis\(508).jpg,Gingivitis,2,0
C:\lab-hackathon\dataset\Hypodontia\(174).JPG,Hypodontia,5,0
C:\lab-hackathon\dataset\yolo_bbox\images\train\265.jpg,Ulcers,4,0
C:\lab-hackathon\dataset\Hypodontia\(424).JPG,Hypodontia,5,0
C:\lab-hackathon\dataset\Caries\augmented\caries_0_6167.jpeg,Caries,0,1
C:\lab-hackathon\dataset\Calculus\(999).jpg,Calculus,1,0
C:\lab-hackathon\dataset\Caries\augmented\caries_0_6713.jpeg,Caries,0,1
C:\lab-hackathon\dataset\Calculus\(548).jpg,Calculus,1,0
C:\lab-hackathon\dataset\Hypodontia\(88).JPG,Hypodontia,5,0
C:\lab-hackathon\dataset\Gingivitis\(928).jpg,Gingivitis,2,0
C:\lab-hackathon\dataset\Caries\augmented\caries_0_5115.jpeg,Caries,0,1
C:\lab-hackathon\dataset\Tooth Discoloration\augmented\Tooth_Discoloration_0_3764.jpeg,Tooth Discoloration,3,1
C:\lab-hackathon\dataset\Ulcers\augmented\Mouth_Ulcer_0_7657.jpeg,Ulcers,4,1
C:\lab-hackathon\dataset\Hypodontia\(727).JPG,Hypodontia,5,0
C:\lab-hackathon\dataset\Gingivitis\(257).jpg,Gingivitis,2,0
C:\lab-hackathon\dataset\Ulcers\augmented\Mouth_Ulcer_0_4420.jpeg,Ulcers,4,1
C:\lab-hackathon\dataset\yolo_bbox\images\train\caries_0_474.jpeg,Caries,0,0
C:\lab-hackathon\dataset\Gingivitis\(150).jpg,Gingivitis,2,0
C:\lab-hackathon\dataset\Ulcers\augmented\Mouth_Ulcer_0_5163.jpeg,Ulcers,4,1
C:\lab-hackathon\dataset\Gingivitis\(1045).jpg,Gingivitis,2,0
C:\lab-hackathon\dataset\yolo_bbox\images\train\236.jpg,Ulcers,4,0
C:\lab-hackathon\dataset\Hypodontia\(998).JPG,Hypodontia,5,0
C:\lab-hackathon\dataset\Gingivitis\(1787).jpg,Gingivitis,2,0
C:\lab-hackathon\dataset\Ulcers\augmented\Mouth_Ulcer_0_9004.jpeg,Ulcers,4,1
C:\lab-hackathon\dataset\Gingivitis\(389).jpg,Gingivitis,2,0
C:\lab-hackathon\dataset\Caries\augmented\caries_0_8802.jpeg,Caries,0,1
C:\lab-hackathon\dataset\yolo_bbox\images\train\caries_0_3374.jpeg,Caries,0,0
C:\lab-hackathon\dataset\Gingivitis\(1130).jpg,Gingivitis,2,0
C:\lab-hackathon\dataset\yolo_bbox\images\train\288.jpg,Ulcers,4,0
C:\lab-hackathon\dataset\Tooth Discoloration\augmented\Tooth_Discoloration_0_1036.jpeg,Tooth Discoloration,3,1
C:\lab-hackathon\dataset\Tooth Discoloration\augmented\Tooth_Discoloration_0_1956.jpeg,Tooth Discoloration,3,1
C:\lab-hackathon\dataset\Gingivitis\(518).jpg,Gingivitis,2,0
C:\lab-hackathon\dataset\yolo_bbox\images\train\370.jpg,Ulcers,4,0
C:\lab-hackathon\dataset\Ulcers\augmented\Mouth_Ulcer_0_867.jpeg,Ulcers,4,1
C:\lab-hackathon\dataset\Caries\original\116.jpg,Caries,0,0
C:\lab-hackathon\dataset\yolo_bbox\images\train\caries_0_4643.jpeg,Caries,0,0
C:\lab-hackathon\dataset\Gingivitis\(1463).jpg,Gingivitis,2,0
C:\lab-hackathon\dataset\yolo_bbox\images\train\caries_0_5032.jpeg,Caries,0,0
C:\lab-hackathon\dataset\Caries\augmented\caries_0_2227.jpeg,Caries,0,1
C:\lab-hackathon\dataset\Gingivitis\(1599).jpg,Gingivitis,2,0
C:\lab-hackathon\dataset\Caries\augmented\caries_0_9105.jpeg,Caries,0,1
C:\lab-hackathon\dataset\Tooth Discoloration\augmented\Tooth_Discoloration_0_9313.jpeg,Tooth Discoloration,3,1
C:\lab-hackathon\dataset\Caries\augmented\caries_0_9212.jpeg,Caries,0,1
C:\lab-hackathon\dataset\Hypodontia\(1083).jpg,Hypodontia,5,0
C:\lab-hackathon\dataset\Hypodontia\(758).JPG,Hypodontia,5,0
C:\lab-hackathon\dataset\Hypodontia\(477).JPG,Hypodontia,5,0
C:\lab-hackathon\dataset\Gingivitis\(875).jpg,Gingivitis,2,0
C:\lab-hackathon\dataset\Tooth Discoloration\augmented\Tooth_Discoloration_0_8389.jpeg,Tooth Discoloration,3,1
C:\lab-hackathon\dataset\Gingivitis\(2207).jpg,Gingivitis,2,0
C:\lab-hackathon\dataset\Gingivitis\(1070).jpg,Gingivitis,2,0
C:\lab-hackathon\dataset\Gingivitis\(772).jpg,Gingivitis,2,0
C:\lab-hackathon\dataset\Caries\augmented\caries_0_8427.jpeg,Caries,0,1
C:\lab-hackathon\dataset\Calculus\(901).jpg,Calculus,1,0
C:\lab-hackathon\dataset\Hypodontia\(810).JPG,Hypodontia,5,0
C:\lab-hackathon\dataset\Ulcers\augmented\Mouth_Ulcer_0_8699.jpeg,Ulcers,4,1
C:\lab-hackathon\dataset\Ulcers\augmented\Mouth_Ulcer_0_9094.jpeg,Ulcers,4,1
C:\lab-hackathon\dataset\yolo_bbox\images\train\224.jpg,Ulcers,4,0
C:\lab-hackathon\dataset\Caries\augmented\caries_0_3857.jpeg,Caries,0,1
C:\lab-hackathon\dataset\Caries\original\134.jpg,Caries,0,0
C:\lab-hackathon\dataset\Gingivitis\(1535).jpg,Gingivitis,2,0
C:\lab-hackathon\dataset\yolo_bbox\images\train\592.jpg,Tooth Discoloration,3,0
C:\lab-hackathon\dataset\Caries\augmented\caries_0_422.jpeg,Caries,0,1
C:\lab-hackathon\dataset\Calculus\(1234).jpg,Calculus,1,0
C:\lab-hackathon\dataset\Caries\augmented\caries_0_5827.jpeg,Caries,0,1
C:\lab-hackathon\dataset\Gingivitis\(904).jpg,Gingivitis,2,0
C:\lab-hackathon\dataset\Gingivitis\(778).jpg,Gingivitis,2,0
C:\lab-hackathon\dataset\Calculus\(432).jpg,Calculus,1,0
C:\lab-hackathon\dataset\Caries\augmented\caries_0_2085.jpeg,Caries,0,1
C:\lab-hackathon\dataset\Ulcers\augmented\Mouth_Ulcer_0_4808.jpeg,Ulcers,4,1
C:\lab-hackathon\dataset\Gingivitis\(1034).jpg,Gingivitis,2,0
C:\lab-hackathon\dataset\Caries\augmented\caries_0_7293.jpeg,Caries,0,1
C:\lab-hackathon\dataset\yolo_bbox\images\train\caries_0_3749.jpeg,Caries,0,0
C:\lab-hackathon\dataset\Gingivitis\(2278).jpg,Gingivitis,2,0
C:\lab-hackathon\dataset\Calculus\(330).jpg,Calculus,1,0
C:\lab-hackathon\dataset\Gingivitis\(2318).jpg,Gingivitis,2,0
C:\lab-hackathon\dataset\yolo_bbox\images\train\(163).jpg,Gingivitis,2,0
C:\lab-hackathon\dataset\Ulcers\augmented\Mouth_Ulcer_0_2875.jpeg,Ulcers,4,1
C:\lab-hackathon\dataset\Calculus\(1251).jpg,Calculus,1,0
C:\lab-hackathon\dataset\Tooth Discoloration\augmented\Tooth_Discoloration_0_5248.jpeg,Tooth Discoloration,3,1
C:\lab-hackathon\dataset\yolo_bbox\images\train\398.jpg,Ulcers,4,0
C:\lab-hackathon\dataset\Gingivitis\(672).jpg,Gingivitis,2,0
C:\lab-hackathon\dataset\Gingivitis\(1656).jpg,Gingivitis,2,0
C:\lab-hackathon\dataset\Ulcers\augmented\Mouth_Ulcer_0_9733.jpeg,Ulcers,4,1
C:\lab-hackathon\dataset\Hypodontia\(16).JPG,Hypodontia,5,0
C:\lab-hackathon\dataset\Calculus\(303).jpg,Calculus,1,0
C:\lab-hackathon\dataset\Gingivitis\(1442).jpg,Gingivitis,2,0
C:\lab-hackathon\dataset\Tooth Discoloration\augmented\Tooth_Discoloration_0_3524.jpeg,Tooth Discoloration,3,1
C:\lab-hackathon\dataset\Ulcers\augmented\Mouth_Ulcer_0_6005.jpeg,Ulcers,4,1
C:\lab-hackathon\dataset\Tooth Discoloration\augmented\Tooth_Discoloration_0_8158.jpeg,Tooth Discoloration,3,1
C:\lab-hackathon\dataset\Calculus\(285).jpg,Calculus,1,0
C:\lab-hackathon\dataset\yolo_bbox\images\train\4.jpg,Caries,0,0
C:\lab-hackathon\dataset\Calculus\(849).jpg,Calculus,1,0
C:\lab-hackathon\dataset\Calculus\(1041).jpg,Calculus,1,0
C:\lab-hackathon\dataset\Ulcers\augmented\Mouth_Ulcer_0_8459.jpeg,Ulcers,4,1
C:\lab-hackathon\dataset\Tooth Discoloration\augmented\Tooth_Discoloration_0_9431.jpeg,Tooth Discoloration,3,1
C:\lab-hackathon\dataset\Gingivitis\(1162).jpg,Gingivitis,2,0
C:\lab-hackathon\dataset\Hypodontia\(1234).jpg,Hypodontia,5,0
C:\lab-hackathon\dataset\yolo_bbox\images\train\162.jpg,Caries,0,0
C:\lab-hackathon\dataset\yolo_bbox\images\train\caries_0_3461.jpeg,Caries,0,0
C:\lab-hackathon\dataset\Calculus\(1082).jpg,Calculus,1,0
C:\lab-hackathon\dataset\Ulcers\original\237.jpg,Ulcers,4,0
C:\lab-hackathon\dataset\Hypodontia\(788).JPG,Hypodontia,5,0
C:\lab-hackathon\dataset\Ulcers\original\30.jpg,Ulcers,4,0
C:\lab-hackathon\dataset\Hypodontia\(180).JPG,Hypodontia,5,0
C:\lab-hackathon\dataset\Caries\original\24.jpg,Caries,0,0
C:\lab-hackathon\dataset\Gingivitis\(1916).jpg,Gingivitis,2,0
C:\lab-hackathon\dataset\Gingivitis\(1725).jpg,Gingivitis,2,0
C:\lab-hackathon\dataset\Tooth Discoloration\augmented\Tooth_Discoloration_0_4877.jpeg,Tooth Discoloration,3,1
C:\lab-hackathon\dataset\Tooth Discoloration\augmented\Tooth_Discoloration_0_6788.jpeg,Tooth Discoloration,3,1
C:\lab-hackathon\dataset\Ulcers\augmented\Mouth_Ulcer_0_9300.jpeg,Ulcers,4,1
C:\lab-hackathon\dataset\Gingivitis\(2081).jpg,Gingivitis,2,0
C:\lab-hackathon\dataset\yolo_bbox\images\train\caries_0_4846.jpeg,Caries,0,0
C:\lab-hackathon\dataset\Ulcers\augmented\Mouth_Ulcer_0_9370.jpeg,Ulcers,4,1
C:\lab-hackathon\dataset\yolo_bbox\images\train\caries_0_7.jpeg,Caries,0,0
C:\lab-hackathon\dataset\Ulcers\augmented\Mouth_Ulcer_0_7648.jpeg,Ulcers,4,1
C:\lab-hackathon\dataset\Hypodontia\(965).JPG,Hypodontia,5,0
C:\lab-hackathon\dataset\Gingivitis\(1628).jpg,Gingivitis,2,0
C:\lab-hackathon\dataset\Hypodontia\(712).JPG,Hypodontia,5,0
C:\lab-hackathon\dataset\Gingivitis\(1925).jpg,Gingivitis,2,0
C:\lab-hackathon\dataset\Ulcers\augmented\Mouth_Ulcer_0_8456.jpeg,Ulcers,4,1
C:\lab-hackathon\dataset\yolo_bbox\images\train\caries_0_3590.jpeg,Caries,0,0
C:\lab-hackathon\dataset\Gingivitis\(212).jpg,Gingivitis,2,0
C:\lab-hackathon\dataset\Hypodontia\(536).jpg,Hypodontia,5,0
C:\lab-hackathon\dataset\Hypodontia\(595).JPG,Hypodontia,5,0
C:\lab-hackathon\dataset\yolo_bbox\images\train\caries_0_427.jpeg,Caries,0,0
C:\lab-hackathon\dataset\Gingivitis\(621).jpg,Gingivitis,2,0
C:\lab-hackathon\dataset\Caries\augmented\caries_0_469.jpeg,Caries,0,1
C:\lab-hackathon\dataset\yolo_bbox\images\train\304.jpg,Ulcers,4,0
C:\lab-hackathon\dataset\Tooth Discoloration\augmented\Tooth_Discoloration_0_1780.jpeg,Tooth Discoloration,3,1
C:\lab-hackathon\dataset\Gingivitis\(1198).jpg,Gingivitis,2,0
C:\lab-hackathon\dataset\Calculus\(183).jpg,Calculus,1,0
C:\lab-hackathon\dataset\Tooth Discoloration\augmented\Tooth_Discoloration_0_4624.jpeg,Tooth Discoloration,3,1
C:\lab-hackathon\dataset\Ulcers\augmented\Mouth_Ulcer_0_8866.jpeg,Ulcers,4,1
C:\lab-hackathon\dataset\Tooth Discoloration\original\133.jpg,Tooth Discoloration,3,0
C:\lab-hackathon\dataset\yolo_bbox\images\train\71.jpg,Caries,0,0
C:\lab-hackathon\dataset\Calculus\(1209).jpg,Calculus,1,0
C:\lab-hackathon\dataset\Tooth Discoloration\original\182.jpg,Tooth Discoloration,3,0
C:\lab-hackathon\dataset\Hypodontia\(285).JPG,Hypodontia,5,0
C:\lab-hackathon\dataset\yolo_bbox\images\train\caries_0_4821.jpeg,Caries,0,0
C:\lab-hackathon\dataset\yolo_bbox\images\train\caries_0_3480.jpeg,Caries,0,0
C:\lab-hackathon\dataset\Caries\augmented\caries_0_159.jpeg,Caries,0,1
C:\lab-hackathon\dataset\Caries\augmented\caries_0_1957.jpeg,Caries,0,1
C:\lab-hackathon\dataset\Gingivitis\(654).jpg,Gingivitis,2,0
C:\lab-hackathon\dataset\Gingivitis\(1631).jpg,Gingivitis,2,0
C:\lab-hackathon\dataset\Hypodontia\(886).JPG,Hypodontia,5,0
C:\lab-hackathon\dataset\yolo_bbox\images\train\caries_0_4230.jpeg,Caries,0,0
C:\lab-hackathon\dataset\yolo_bbox\images\train\caries_0_4836.jpeg,Caries,0,0
C:\lab-hackathon\dataset\Ulcers\augmented\Mouth_Ulcer_0_5170.jpeg,Ulcers,4,1
C:\lab-hackathon\dataset\Gingivitis\(1105).jpg,Gingivitis,2,0
C:\lab-hackathon\dataset\Hypodontia\(294).JPG,Hypodontia,5,0
C:\lab-hackathon\dataset\Tooth Discoloration\augmented\Tooth_Discoloration_0_7211.jpeg,Tooth Discoloration,3,1
C:\lab-hackathon\dataset\Gingivitis\(1857).jpg,Gingivitis,2,0
C:\lab-hackathon\dataset\yolo_bbox\images\train\caries_0_4083.jpeg,Caries,0,0
C:\lab-hackathon\dataset\Hypodontia\(279).JPG,Hypodontia,5,0
C:\lab-hackathon\dataset\Gingivitis\(1615).jpg,Gingivitis,2,0
C:\lab-hackathon\dataset\Hypodontia\(1233).jpg,Hypodontia,5,0
C:\lab-hackathon\dataset\Calculus\(1019).jpg,Calculus,1,0
C:\lab-hackathon\dataset\yolo_bbox\images\train\539.jpg,Tooth Discoloration,3,0
C:\lab-hackathon\dataset\Gingivitis\(1642).jpg,Gingivitis,2,0
C:\lab-hackathon\dataset\yolo_bbox\images\train\48.jpg,Caries,0,0
C:\lab-hackathon\dataset\Tooth Discoloration\augmented\Tooth_Discoloration_0_3802.jpeg,Tooth Discoloration,3,1
C:\lab-hackathon\dataset\Calculus\(976).jpg,Calculus,1,0
C:\lab-hackathon\dataset\Ulcers\augmented\Mouth_Ulcer_0_9425.jpeg,Ulcers,4,1
C:\lab-hackathon\dataset\Caries\augmented\caries_0_8263.jpeg,Caries,0,1
C:\lab-hackathon\dataset\Hypodontia\(445).JPG,Hypodontia,5,0
C:\lab-hackathon\dataset\Calculus\(885).jpg,Calculus,1,0
C:\lab-hackathon\dataset\Ulcers\augmented\Mouth_Ulcer_0_9869.jpeg,Ulcers,4,1
C:\lab-hackathon\dataset\Tooth Discoloration\augmented\Tooth_Discoloration_0_606.jpeg,Tooth Discoloration,3,1
C:\lab-hackathon\dataset\yolo_bbox\images\train\(34).jpg,Gingivitis,2,0
C:\lab-hackathon\dataset\Ulcers\augmented\Mouth_Ulcer_0_1689.jpeg,Ulcers,4,1
C:\lab-hackathon\dataset\Gingivitis\(1114)(1).jpg,Gingivitis,2,0
C:\lab-hackathon\dataset\Ulcers\augmented\Mouth_Ulcer_0_6659.jpeg,Ulcers,4,1
C:\lab-hackathon\dataset\Gingivitis\(2263).jpg,Gingivitis,2,0
C:\lab-hackathon\dataset\Gingivitis\(630).jpg,Gingivitis,2,0
C:\lab-hackathon\dataset\Hypodontia\(366).JPG,Hypodontia,5,0
C:\lab-hackathon\dataset\Gingivitis\(1274).jpg,Gingivitis,2,0
C:\lab-hackathon\dataset\Gingivitis\(2043).jpg,Gingivitis,2,0
C:\lab-hackathon\dataset\Ulcers\augmented\Mouth_Ulcer_0_5258.jpeg,Ulcers,4,1
C:\lab-hackathon\dataset\yolo_bbox\images\train\324.jpg,Ulcers,4,0
C:\lab-hackathon\dataset\Gingivitis\(409).jpg,Gingivitis,2,0
C:\lab-hackathon\dataset\Caries\augmented\caries_0_3205.jpeg,Caries,0,1
C:\lab-hackathon\dataset\Caries\augmented\caries_0_8721.jpeg,Caries,0,1
C:\lab-hackathon\dataset\Ulcers\augmented\Mouth_Ulcer_0_4045.jpeg,Ulcers,4,1
C:\lab-hackathon\dataset\yolo_bbox\images\train\(80).jpg,Gingivitis,2,0
C:\lab-hackathon\dataset\Caries\augmented\caries_0_7144.jpeg,Caries,0,1
C:\lab-hackathon\dataset\Gingivitis\(1338).jpg,Gingivitis,2,0
C:\lab-hackathon\dataset\Gingivitis\(59).jpg,Gingivitis,2,0
C:\lab-hackathon\dataset\yolo_bbox\images\train\caries_0_4924.jpeg,Caries,0,0
C:\lab-hackathon\dataset\Ulcers\augmented\Mouth_Ulcer_0_5237.jpeg,Ulcers,4,1
C:\lab-hackathon\dataset\yolo_bbox\images\train\311.jpg,Ulcers,4,0
C:\lab-hackathon\dataset\Gingivitis\(1880).jpg,Gingivitis,2,0
C:\lab-hackathon\dataset\yolo_bbox\images\train\607.jpg,Tooth Discoloration,3,0
C:\lab-hackathon\dataset\Tooth Discoloration\augmented\Tooth_Discoloration_0_9706.jpeg,Tooth Discoloration,3,1
C:\lab-hackathon\dataset\Gingivitis\(1879).jpg,Gingivitis,2,0
C:\lab-hackathon\dataset\Gingivitis\(641).jpg,Gingivitis,2,0
C:\lab-hackathon\dataset\Gingivitis\(78).jpg,Gingivitis,2,0
C:\lab-hackathon\dataset\Ulcers\augmented\Mouth_Ulcer_0_9487.jpeg,Ulcers,4,1
C:\lab-hackathon\dataset\Caries\augmented\caries_0_25.jpeg,Caries,0,1
C:\lab-hackathon\dataset\Calculus\(917).jpg,Calculus,1,0
C:\lab-hackathon\dataset\Tooth Discoloration\augmented\Tooth_Discoloration_0_5662.jpeg,Tooth Discoloration,3,1
